Ticket_ID,Created_Date,Resolved_Date,Date_Check,Department,Location,Issue_Type,Priority,Assigned_Team,Status,Device_Type,Resolution_Time_Hours,Satisfaction_Rating,Employee_ID,Resolution_Days,SLA_Status
TKT11836,2025-02-07,2025-02-07,OK,Sales,Mumbai,Hardware,Medium,Hardware Support,Resolved,Server,19.2,3,EMP1020,0.8,Met
TKT13165,2024-08-12,2024-08-13,OK,Sales,Delhi,Access,Medium,Identity & Access Team,Resolved,Desktop,25.5,5,EMP2137,1.063,Missed
TKT16832,2025-01-25,,OK,Operations,Mumbai,Hardware,Medium,Hardware Support,In Progress,Server,0,,EMP2162,0,Met
TKT15707,2025-01-11,,OK,Marketing,Mumbai,Access,Medium,Identity & Access Team,Open,Mobile,0,,EMP1298,0,Met
TKT12727,2024-02-09,2024-02-09,OK,HR,Pune,Network,Critical,Network Support,Resolved,Desktop,2.2,4,EMP1314,0.092,Met
TKT10930,2024-04-15,2024-04-15,OK,Marketing,Mumbai,Network,Critical,Network Support,Resolved,Desktop,7.4,4,EMP2148,0.308,Missed
TKT12749,2025-06-08,2025-06-09,OK,Sales,Bangalore,Software,Medium,Software Support,Resolved,Tablet,33,2,EMP1812,1.375,Missed
TKT12076,2025-01-27,2025-01-28,OK,IT,Hyderabad,Email,Medium,NA,Resolved,Tablet,34.2,5,EMP1608,1.425,Missed
TKT10259,2024-05-06,2024-05-07,OK,Operations,Hyderabad,Software,Medium,Software Support,Resolved,Laptop,28.7,4,EMP2207,1.196,Missed
TKT15322,2025-01-18,2025-01-18,OK,Marketing,Mumbai,Hardware,Medium,Hardware Support,Resolved,Laptop,22.2,,EMP2308,0.925,Met
TKT11945,2024-04-10,2024-04-12,OK,IT,Chennai,Software,Low,Software Support,Resolved,Laptop,57,,EMP1206,2.375,Missed
TKT15442,2025-05-14,2025-05-16,OK,Operations,Chennai,Hardware,Medium,Hardware Support,Resolved,Laptop,69.2,3,EMP2302,2.883,Missed
TKT10331,2024-01-05,2024-01-07,OK,Sales,Pune,Software,medium,Network Support,Resolved,Tablet,49.5,3,EMP2283,2.063,Missed
TKT10091,2024-02-10,2024-02-10,OK,Marketing,Delhi,Access,Medium,Identity & Access Team,Resolved,Laptop,4.3,1,EMP1632,0.179,Met
TKT15415,2024-02-04,2024-02-08,OK,Admin,Mumbai,Network,Low,Network Support,Resolved,Desktop,100.9,3,EMP2221,4.204,Missed
TKT12478,2025-04-03,2025-04-03,OK,IT,Pune,Software,Medium,Software Support,Closed,Laptop,16.8,2,EMP1566,0.7,Met
TKT16101,2024-08-03,,OK,Admin,Bangalore,Email,Medium,Email & Messaging Team,In Progress,Desktop,0,,EMP1244,0,Met
TKT11318,2024-05-15,2024-05-16,OK,Marketing,Bangalore,Access,Low,Software Support,Resolved,Laptop,26.6,4,EMP2239,1.108,Met
TKT11522,2024-10-02,2024-10-02,OK,HR ,Chennai,Access,High,Identity & Access Team,Resolved,Laptop,1.5,3,EMP1801,0.063,Met
TKT13632,2024-12-12,2024-12-12,OK,Sales,Pune,Software,High,Software Support,Closed,Desktop,2,1,EMP2111,0.083,Met
TKT11175,2025-05-07,2025-05-07,OK,Operations,Pune,Access,Medium,Identity & Access Team,Resolved,Desktop,10.5,5,EMP1328,0.438,Met
TKT10568,2024-12-06,2024-12-06,OK,Operations,Mumbai,Software,Medium,Software Support,Resolved,Laptop,22.7,4,EMP2087,0.946,Met
TKT11501,2024-12-19,2024-12-23,OK,HR,Bangalore,Email, Low,Email & Messaging Team,Resolved,Tablet,101,3,EMP1770,4.208,Unknown Priority:  Low
TKT16710,2024-11-10,2024-11-10,OK,IT,Bangalore,Network,Medium,Network Support,Resolved,Server,23.6,5,EMP1543,0.983,Met
TKT11123,2024-05-02,2024-05-02,OK,Finance,Hyderabad,Hardware,High,Hardware Support,Resolved,Desktop,4.7,4,EMP2331,0.196,Met
TKT10731,2024-12-09,2024-12-09,OK,Finance,Pune,Software,Medium,Software Support,Resolved,Tablet,15.1,4,EMP2261,0.629,Met
TKT10142,2025-05-05,,OK,Finance,Bangalore,Access,High,Identity & Access Team,Open,Desktop,0,,EMP2293,0,Met
TKT16511,2024-07-21,2024-07-21,OK,Sales,Pune,Hardware,Medium,Hardware Support,Closed,Server,15.3,4,EMP2170,0.638,Met
TKT13546,2025-03-16,2025-03-17,OK,Finance,Pune,Software,Low,Software Support,Resolved,Desktop,26.6,4,EMP1436,1.108,Met
TKT12995,2025-04-19,2025-04-19,OK,IT,Pune,Network,High,NA,Closed,Desktop,8,5,EMP1634,0.333,Met
TKT13472,2024-07-09,2024-07-09,OK,Admin,Hyderabad,Hardware,Medium,Hardware Support,Resolved,Server,15.1,1,EMP1487,0.629,Met
TKT10414,2024-02-13,2024-02-13,OK,IT,Bangalore,Network,High,Network Support,Resolved,Mobile,11.4,4,EMP1987,0.475,Missed
TKT10370,2024-08-03,2024-08-03,OK,Marketing,Mumbai,Network,High,Email & Messaging Team,Resolved,LAPTOP,3.8,3,EMP2372,0.158,Met
TKT11927,2025-06-27,2025-06-27,OK,HR ,Bangalore,Email,High,Email & Messaging Team,Resolved,Tablet,7.8,2,EMP1709,0.325,Met
TKT13985,2024-06-18,2024-06-18,OK,Sales,Delhi,Access,Medium,Identity & Access Team,Resolved,Mobile,11.7,3,EMP1865,0.488,Met
TKT10745,2024-12-03,2024-12-06,OK,IT,Mumbai,Network,Medium,Network Support,Resolved,Server,72.9,5,EMP1512,3.038,Missed
TKT10525,2024-03-21,2024-03-22,OK,Marketing,Hyderabad,network,Medium,Network Support,Resolved,Server,26.5,,EMP2071,1.104,Missed
TKT12141,2024-07-23,2024-07-23,OK,IT,Bangalore,Email,Critical,Email & Messaging Team,Resolved,Tablet,7.1,4,EMP1523,0.296,Missed
TKT14544,2024-07-31,2024-07-31,OK,Sales,Bangalore,Software,Medium,NA,Closed,Tablet,20.8,3,EMP1047,0.867,Met
TKT13341,2025-06-01,2025-06-01,OK,HR,Chennai,Software,Critical,Software Support,Resolved,Laptop,7.5,4,EMP1226,0.313,Missed
TKT11499,2024-06-24,2024-06-24,OK,HR,Pune,Hardware,Low,Network Support,Closed,Desktop,19.8,5,EMP1414,0.825,Met
TKT12269,2024-10-06,2024-10-06,OK,Unknown,Mumbai,Access,Medium,Identity & Access Team,Resolved,Laptop,6.3,1,EMP1760,0.263,Met
TKT14349,2025-02-04,2025-02-05,OK,HR ,Bangalore,Hardware,Medium,Hardware Support,Resolved,Desktop,45,5,EMP1060,1.875,Missed
TKT10402,2025-04-02,2025-04-02,OK,Marketing,Delhi,Hardware,High,Hardware Support,Closed,laptop,14.5,4,EMP1331,0.604,Missed
TKT12549,2025-03-31,2025-03-31,OK,Marketing,Hyderabad,Hardware,Critical,Hardware Support,Resolved,LAPTOP,9.6,3,EMP2297,0.4,Missed
TKT12667,2025-04-07,2025-04-07,OK,Finance,Pune,Hardware, Low,Hardware Support,Closed,Desktop,16.9,2,EMP1209,0.704,Unknown Priority:  Low
TKT15280,2024-03-25,2024-03-25,OK,Sales,Bangalore,Access,High,Identity & Access Team,Resolved,Laptop,12.6,3,EMP1000,0.525,Missed
TKT11582,2025-05-01,2025-05-01,OK,Sales,Pune,Hardware,Critical,Hardware Support,Resolved,Laptop,7.4,5,EMP1038,0.308,Missed
TKT13534,2025-02-18,2025-02-20,OK,Sales,Hyderabad,Network,Medium,Network Support,Resolved,Laptop,48.1,3,EMP1052,2.004,Missed
TKT10598,2024-12-16,2024-12-18,OK,Admin,Bangalore,Hardware,Medium,Hardware Support,Resolved,Server,64.4,1,EMP1352,2.683,Missed
TKT15692,2025-06-27,2025-06-28,OK,Finance,Pune,Network,Low,Network Support,Closed,Desktop,46.8,5,EMP1191,1.95,Met
TKT10963,2025-03-23,2025-03-26,OK,IT,Pune,Software,Medium,Software Support,Closed,Desktop,93.4,4,EMP1196,3.892,Missed
TKT14936,2024-04-24,2024-04-24,OK,Sales,Bangalore,Network,Medium,Network Support,Closed,Laptop,10.4,5,EMP2057,0.433,Met
TKT14247,2024-11-15,2024-11-15,OK,Finance,Pune,Software,Medium,Software Support,Closed,Tablet,2.1,4,EMP2097,0.088,Met
TKT14975,2025-05-24,2025-05-24,OK,Marketing,Mumbai,Software,Medium,Software Support,Resolved,Desktop,15.8,5,EMP1422,0.658,Met
TKT12103,2025-04-04,2025-04-04,OK,Finance,Mumbai,Access,High,Identity & Access Team,Closed,Desktop,3.6,4,EMP1012,0.15,Met
TKT11795,2024-12-20,2024-12-20,OK,HR,Pune,Network,Critical,Network Support,Resolved,Laptop,5.2,5,EMP2132,0.217,Missed
TKT13996,2025-03-30,,OK,Finance,Delhi,Access,Medium,Identity & Access Team,In Progress,Desktop,0,,EMP1976,0,Met
TKT13469,2024-12-22,2024-12-22,OK,Sales,Pune,Hardware,Medium,Hardware Support,Resolved,Laptop,10.3,4,EMP1632,0.429,Met
TKT10153,2024-06-27,,OK,Admin,Delhi,Access,Medium,Identity & Access Team,In Progress,Desktop,0,,EMP1740,0,Met
TKT15264,2024-05-16,2024-05-16,OK,IT,Pune,NETWORK,High,Network Support,Resolved,Mobile,10.4,3,EMP1276,0.433,Missed
TKT12252,2025-05-31,2025-06-01,OK,Operations,Mumbai,Software,Low,Software Support,Resolved,Laptop,38.1,,EMP1606,1.588,Met
TKT15847,2024-05-27,,OK,Marketing,Pune,network,Critical,Network Support,In Progress,Desktop,0,,EMP1761,0,Met
TKT12539,2025-03-20,2025-03-20,OK,Operations,Mumbai,Access,High,Identity & Access Team,Resolved,Desktop,8.7,4,EMP1717,0.363,Missed
TKT16790,2024-02-04,2024-02-05,OK,Marketing,Bangalore,Software,High,Software Support,Resolved,Laptop,25.8,2,EMP2226,1.075,Missed
TKT11705,2024-10-12,2024-10-12,OK,Admin,Pune,Printer,Critical,Hardware Support,Resolved,Printer,3.6,3,EMP2341,0.15,Met
TKT16487,2024-12-26,2024-12-26,OK,Operations,Hyderabad,Email,Critical,Email & Messaging Team,Resolved,Laptop,3.8,3,EMP1662,0.158,Met
TKT11871,2024-01-24,,OK,Admin,Chennai,Network,Low,Network Support,In Progress,Laptop,0,,EMP2264,0,Met
TKT14393,2024-04-29,2024-04-29,OK,Marketing,Chennai,Software,high,Software Support,Resolved,Tablet,2.4,3,EMP1761,0.1,Met
TKT10458,2024-05-03,,OK,Finance,Pune,Access,High,Identity & Access Team,In Progress,Desktop,0,,EMP1464,0,Met
TKT12385,2024-08-27,2024-08-27,OK,Admin,Delhi,Hardware,Critical,Hardware Support,Resolved,Laptop,20.7,4,EMP1171,0.863,Missed
TKT11511,2024-05-22,2024-05-18,ERROR,Sales,Pune,Network,Medium,Network Support,Resolved,Desktop,32.2,5,EMP1670,1.342,Missed
TKT15728,2024-05-15,2024-05-15,OK,Marketing,Pune,Network,High,Network Support,Closed,Laptop,3.1,5,EMP2011,0.129,Met
TKT15321,2025-06-03,,OK,Sales,Pune,Hardware,Critical,Hardware Support,In Progress,Laptop,0,,EMP1437,0,Met
TKT12732,2024-11-02,2024-11-02,OK,IT,Delhi,Software,High,Software Support,Resolved,Laptop,8.7,4,EMP1292,0.363,Missed
TKT13952,2024-10-01,2024-10-01,OK,Finance,Mumbai,Access,Medium,Identity & Access Team,Resolved,Mobile,6.5,4,EMP1235,0.271,Met
TKT12315,2024-02-06,2024-02-08,OK,Sales,Hyderabad,Hardware,Medium,Hardware Support,Resolved,Desktop,71.5,,EMP1186,2.979,Missed
TKT14461,2025-01-24,2025-01-24,OK,IT,Mumbai,Access,Medium,Identity & Access Team,Resolved,Laptop,21.5,5,EMP1149,0.896,Met
TKT15371,2024-05-26,2024-05-26,OK,Sales,Mumbai,Email,High,Email & Messaging Team,Resolved,Tablet,11.8,4,EMP1462,0.492,Missed
TKT11026,2024-01-27,2024-01-31,OK,Operations,Pune,Email,Low,Email & Messaging Team,Resolved,Desktop,106.4,5,EMP1756,4.433,Missed
TKT15738,2024-02-18,2024-02-19,OK,Operations,Hyderabad,NETWORK,Medium,Network Support,Resolved,Mobile,26.7,3,EMP1632,1.113,Missed
TKT14123,2024-06-22,,OK,IT,Mumbai,Software,Medium,Software Support,In Progress,Laptop,0,,EMP1447,0,Met
TKT16805,2025-03-07,,OK,Admin,Mumbai,Network,Medium,Network Support,In Progress,Mobile,0,,EMP1910,0,Met
TKT13212,2024-07-23,2024-07-24,OK,HR,Chennai,Access,Medium,Hardware Support,Closed,Mobile,33.3,3,EMP2147,1.388,Missed
TKT15324,2024-03-26,2024-03-27,OK,Legal,Chennai,Access,medium,Identity & Access Team,Closed,Desktop,35.1,5,EMP2191,1.463,Missed
TKT14668,2024-03-06,2024-03-06,OK,IT,Bangalore,Network,Medium,Network Support,Resolved,Mobile,16.7,4,EMP1770,0.696,Met
TKT14671,2024-01-09,2024-01-09,OK,Finance,Mumbai,Software,High,Software Support,Resolved,Desktop,3.4,4,EMP2296,0.142,Met
TKT16967,2024-01-16,2024-01-16,OK,Marketing,Hyderabad,Hardware,High,Hardware Support,Resolved,server,8.6,5,EMP2252,0.358,Missed
TKT14445,2024-01-25,2024-01-25,OK,Operations,Delhi,Network,High,Network Support,Closed,Desktop,4.7,3,EMP1378,0.196,Met
TKT16996,2024-07-09,2024-07-11,OK,Sales,Mumbai,Email,Medium,Email & Messaging Team,Resolved,Laptop,51.2,3,EMP2255,2.133,Missed
TKT16574,2025-04-10,,OK,IT,Mumbai,Access, Medium,Identity & Access Team,In Progress,Mobile,0,,EMP1929,0,Unknown Priority:  Medium
TKT10144,2024-02-18,2024-02-18,OK,Sales,Chennai,Hardware,Critical,Hardware Support,Resolved,Desktop,4.8,2,EMP2342,0.2,Missed
TKT11207,2024-11-30,2024-11-30,OK,Finance,Bangalore,Access,High,Identity & Access Team,Resolved,Mobile,2.2,5,EMP1787,0.092,Met
TKT14672,2024-03-30,2024-04-01,OK,HR,Pune,Hardware,Medium,Hardware Support,Resolved,Server,49.6,5,EMP1633,2.067,Missed
TKT15072,2024-11-30,2024-11-30,OK,Sales,Chennai,Network,High,Hardware Support,Resolved,Desktop,4.6,5,EMP2157,0.192,Met
TKT11460,2024-04-21,2024-04-21,OK,Sales,Mumbai,Network,Medium,Network Support,Closed,Laptop,8.6,5,EMP1754,0.358,Met
TKT13540,2024-06-01,2024-06-01,OK,Operations,Mumbai,Software,High,Software Support,Closed,Tablet,19.7,5,EMP1767,0.821,Missed
TKT16575,2024-01-30,2024-01-30,OK,Operations,Pune,Software,High,Software Support,Resolved,Desktop,9.3,3,EMP1666,0.388,Missed
TKT13444,2024-06-19,2024-06-20,OK,Finance,Mumbai,Network,Low,Network Support,Resolved,Server,44.8,5,EMP1274,1.867,Met
TKT16535,2024-11-02,2024-11-02,OK,Finance,Hyderabad,Network,High,Network Support,Resolved,Desktop,7.2,5,EMP1683,0.3,Met
TKT11671,2025-02-16,2025-02-16,OK,Operations,Pune,Hardware,Critical,Hardware Support,Resolved,Server,2.6,2,EMP1454,0.108,Met
TKT14106,2024-07-27,,OK,IT,Delhi,Printer,Medium,Hardware Support,In Progress,Printer,0,,EMP2146,0,Met
TKT14804,2024-04-19,,OK,Finance,Bangalore,Access,Low,Identity & Access Team,In Progress,Mobile,0,,EMP1577,0,Met
TKT10685,2024-11-07,2024-11-09,OK,HR ,Bangalore,Printer,Low,Hardware Support,Resolved,Printer,63.1,,EMP1642,2.629,Missed
TKT10273,2024-09-08,,OK,Operations,Mumbai,Hardware,Low,Hardware Support,In Progress,Server,0,,EMP1308,0,Met
TKT13299,2024-02-14,2024-02-15,OK,Sales,Pune,Access,Low,Identity & Access Team,Resolved,Laptop,26.3,2,EMP1452,1.096,Met
TKT11726,2025-04-02,2025-04-02,OK,Operations,Bangalore,Hardware,Low,Hardware Support,Resolved,Desktop,22.9,5,EMP1372,0.954,Met
TKT13625,2024-10-21,2024-10-21,OK,Sales,Bangalore,Hardware,High,Hardware Support,Resolved,Laptop,7.6,4,EMP1155,0.317,Met
TKT10192,2025-02-22,2025-02-22,OK,Marketing,Pune,Hardware,Critical,Software Support,Resolved,Desktop,2.4,5,EMP1368,0.1,Met
TKT13117,2025-05-26,,OK,Legal,Pune,Software,Medium,Software Support,Open,Laptop,0,,EMP1831,0,Met
TKT13386,2025-01-27,2025-01-27,OK,Sales,Pune,Network,Medium,Network Support,Resolved,Mobile,16.2,5,EMP1871,0.675,Met
TKT13380,2024-10-11,2024-10-11,OK,Admin,Bangalore,Hardware,Critical,Hardware Support,Resolved,Laptop,7,4,EMP1552,0.292,Missed
TKT12898,2024-06-16,2024-06-16,OK,IT,Mumbai,NETWORK,High,Network Support,Resolved,Laptop,9.6,4,EMP1339,0.4,Missed
TKT13375,2024-05-30,,OK,Legal,Delhi,Hardware,Medium,Hardware Support,In Progress,Laptop,0,,EMP1130,0,Met
TKT14514,2024-03-28,,OK,Marketing,Pune,Software,Medium,Software Support,In Progress,Desktop,0,,EMP1639,0,Met
TKT12072,2025-06-24,2025-06-24,OK,Sales,Chennai,Network,Medium,Network Support,Resolved,Server,3.7,,EMP1388,0.154,Met
TKT11084,2024-04-08,2024-04-08,OK,Sales,Pune,Hardware,Medium,Hardware Support,Closed,Laptop,23.2,5,EMP1793,0.967,Met
TKT14403,2024-01-23,2024-01-24,OK,IT,Delhi,Software,Medium,Software Support,Resolved,Laptop,24.2,5,EMP2213,1.008,Missed
TKT16455,2024-05-24,2024-05-24,OK,Sales,Pune,Software,High,Software Support,Resolved,Laptop,2.6,1,EMP1823,0.108,Met
TKT16433,2024-06-26,2024-06-26,OK,Operations,Bangalore,Email,Medium,Email & Messaging Team,Resolved,Laptop,14.6,5,EMP1999,0.608,Met
TKT12466,2024-09-21,2024-09-21,OK,Finance,Pune,Software,High,Software Support,Resolved,Laptop,18.9,4,EMP1825,0.788,Missed
TKT11654,2025-01-02,2025-01-02,OK,Marketing,Chennai,Network,Medium,Network Support,Resolved,Laptop,5.3,4,EMP1930,0.221,Met
TKT14691,2024-10-08,2024-10-08,OK,Admin,Pune,Access,High,Identity & Access Team,Resolved,Desktop,2.6,3,EMP1596,0.108,Met
TKT10857,2025-06-21,2025-06-21,OK,Finance,Bangalore,Access,Critical,Identity & Access Team,Resolved,Mobile,14.8,3,EMP1530,0.617,Missed
TKT12493,2024-06-09,2024-06-09,OK,Finance,Mumbai,Software,High,Software Support,Resolved,Laptop,5.9,5,EMP1210,0.246,Met
TKT14233,2024-10-04,2024-10-04,OK,Marketing,Mumbai,Network,High,Network Support,Resolved,Mobile,7.7,4,EMP1963,0.321,Met
TKT16046,2024-04-08,2024-04-09,OK,IT,Chennai,Email,Medium,Email & Messaging Team,Resolved,Laptop,33,,EMP1294,1.375,Missed
TKT15853,2024-12-01,2024-12-05,OK,Legal,Hyderabad,Email,Low,Email & Messaging Team,Resolved,Desktop,108.7,2,EMP1327,4.529,Missed
TKT12741,2024-07-04,2024-07-04,OK,Sales,Delhi,Printer,Medium,Hardware Support,Resolved,printer,16.9,5,EMP1092,0.704,Met
TKT11156,2025-03-20,2025-03-20,OK,Sales,Bangalore,Printer,High,Hardware Support,Closed,Printer,16,5,EMP2335,0.667,Missed
TKT13230,2025-01-10,2025-01-10,OK,Operations,Delhi,Hardware,Critical,Hardware Support,Resolved,Desktop,2.5,4,EMP1203,0.104,Met
TKT10948,2024-10-21,2024-10-21,OK,Legal,Delhi,Software,High,Software Support,Resolved,Tablet,12.2,4,EMP1006,0.508,Missed
TKT11249,2024-06-19,2024-06-19,OK,Admin,Mumbai,Hardware,Medium,Software Support,Resolved,Desktop,11.8,5,EMP1106,0.492,Met
TKT11949,2025-05-01,2025-05-01,OK,Admin,Pune,Network,High,Network Support,Resolved,Desktop,0,5,EMP1239,0,Met
TKT15312,2024-10-21,2024-10-21,OK,Admin,Mumbai,Network,Medium,Email & Messaging Team,Resolved,Mobile,22.4,5,EMP1371,0.933,Met
TKT13474,2025-02-28,2025-02-28,OK,Sales,Mumbai,Email,Critical,Email & Messaging Team,Resolved,Mobile,2,,EMP1976,0.083,Met
TKT14823,2024-11-30,2024-12-02,OK,IT,Mumbai,Hardware,Medium,Hardware Support,Resolved,Server,62.3,4,EMP2089,2.596,Missed
TKT14322,2024-04-01,2024-04-02,OK,Sales,Bangalore,Network,Medium,Network Support,Resolved,Laptop,35.4,3,EMP1004,1.475,Missed
TKT12518,2024-06-17,2024-06-18,OK,Legal,Mumbai,Access,Medium,Identity & Access Team,Resolved,Laptop,32.3,,EMP2098,1.346,Missed
TKT15062,2024-07-31,2024-08-01,OK,Sales,Bangalore,Access,medium,Identity & Access Team,Resolved,Mobile,26.6,5,EMP1542,1.108,Missed
TKT13674,2025-06-06,2025-06-06,OK,HR,Pune,Hardware,High,Hardware Support,Resolved,DESKTOP,2.6,4,EMP1199,0.108,Met
TKT10752,2024-06-30,2024-06-30,OK,Finance,Mumbai,Software,High,Network Support,Resolved,Laptop,22.2,4,EMP1065,0.925,Missed
TKT16709,2024-12-18,2024-12-19,OK,Operations,Pune,Printer,Medium,Hardware Support,Resolved,Printer,28.4,4,EMP1582,1.183,Missed
TKT13772,2025-06-15,,OK,Legal,Pune,Hardware,High,Hardware Support,Open,Server,0,,EMP1266,0,Met
TKT10347,2024-08-28,2024-08-28,OK,IT,Mumbai,Hardware,Medium,Hardware Support,Resolved,Desktop,17.2,5,EMP1161,0.717,Met
TKT10097,2025-03-05,2025-03-06,OK,Admin,Pune,Network,Medium,Network Support,Resolved,Server,35.4,3,EMP2202,1.475,Missed
TKT11369,2025-04-15,2025-04-15,OK,IT,Bangalore,Network,Medium,Identity & Access Team,Resolved,Laptop,15.3,5,EMP1701,0.638,Met
TKT10898,2025-04-26,2025-04-26,OK,Admin,Bangalore,Access,Medium,Identity & Access Team,Resolved,Laptop,19.8,4,EMP1298,0.825,Met
TKT15614,2024-07-13,2024-07-13,OK,Admin,Delhi,Software,Medium,Software Support,Resolved,Tablet,4.7,4,EMP1264,0.196,Met
TKT12320,2025-02-01,2025-02-01,OK,Admin,Hyderabad,Software,Medium,Software Support,Resolved,Laptop,21.8,2,EMP1819,0.908,Met
TKT15466,2025-03-13,2025-03-13,OK,Sales,Chennai,Network,Medium,Identity & Access Team,Resolved,Desktop,16.6,4,EMP2003,0.692,Met
TKT14741,2024-05-16,2024-05-16,OK,Marketing,Pune,Network,High,Network Support,Resolved,Server,5.2,5,EMP1165,0.217,Met
TKT10562,2024-06-23,2024-06-23,OK,Finance,Chennai,Software,High,Software Support,Resolved,Desktop,8,,EMP2183,0.333,Met
TKT16930,2025-05-27,2025-05-27,OK,Sales,Bangalore,Software,Low,Software Support,Resolved,Laptop,10.1,2,EMP1730,0.421,Met
TKT13854,2025-04-23,2025-04-23,OK,IT,Bangalore,Software,High,Software Support,Closed,Tablet,6.7,2,EMP1801,0.279,Met
TKT15775,2025-02-02,2025-02-04,OK,Finance,Bangalore,Hardware,Medium,Hardware Support,Resolved,LAPTOP,49.6,3,EMP1054,2.067,Missed
TKT14619,2024-03-19,2024-03-19,OK,Legal,Mumbai,Printer,Medium,Hardware Support,Resolved,Printer,18.4,3,EMP1885,0.767,Met
TKT15883,2024-09-20,2024-09-22,OK,Sales,Mumbai,Printer,Medium,Hardware Support,Resolved,Printer,50.4,4,EMP1041,2.1,Missed
TKT11003,2024-09-12,2024-09-11,ERROR,Operations,Hyderabad,Network,Critical,Network Support,Resolved,Server,10.8,4,EMP2111,0.45,Missed
TKT13446,2025-02-23,2025-02-25,OK,IT,Delhi,Network,Low,Network Support,Resolved,Server,70.4,5,EMP1809,2.933,Missed
TKT16836,2024-08-21,2024-08-21,OK,Finance,Bangalore,Network,Low,Network Support,Resolved,SERVER,22.3,4,EMP2222,0.929,Met
TKT15605,2025-04-18,2025-04-18,OK,Operations,Delhi,Software,High,Software Support,Resolved,Laptop,9,4,EMP1292,0.375,Missed
TKT15383,2024-07-24,2024-07-24,OK,Sales,Bangalore,Access,High,Identity & Access Team,Resolved,Laptop,12.4,5,EMP1686,0.517,Missed
TKT13781,2024-11-24,,OK,IT,Mumbai,Software,Low,Software Support,In Progress,Desktop,0,,EMP1124,0,Met
TKT15629,2024-06-17,,OK,Finance,Pune,Access,Low,Network Support,In Progress,desktop,0,,EMP2363,0,Met
TKT12010,2024-12-07,,OK,HR,Bangalore,Software,High,Software Support,In Progress,Laptop,0,,EMP2303,0,Met
TKT13044,2024-12-16,2024-12-17,OK,HR,Pune,Access,Medium,Identity & Access Team,Resolved,Desktop,33.4,4,EMP1316,1.392,Missed
TKT10299,2025-04-07,2025-04-09,OK,Marketing,Pune,Software,Low,Software Support,Resolved,Tablet,63.5,1,EMP1150,2.646,Missed
TKT12597,2024-08-08,2024-08-08,OK,Admin,Mumbai,Network,High,Hardware Support,Closed,Laptop,11.3,3,EMP2263,0.471,Missed
TKT10404,2024-02-08,2024-02-07,ERROR,Legal,Bangalore,Access,High,Identity & Access Team,Resolved,Desktop,10.5,,EMP1787,0.438,Missed
TKT14167,2024-06-28,2024-07-01,OK,Legal,Delhi,network,Low,Network Support,Resolved,Desktop,91.3,,EMP1795,3.804,Missed
TKT11602,2024-12-30,2024-12-30,OK,Sales,Pune,Hardware,High,Hardware Support,Resolved,Desktop,9.6,5,EMP2187,0.4,Missed
TKT15759,2025-02-22,,OK,IT,Chennai,Software,LOW,Software Support,In Progress,Desktop,0,,EMP2132,0,Met
TKT12145,2025-06-19,2025-06-20,OK,IT,Hyderabad,Access,Medium,Identity & Access Team,Resolved,Desktop,35.9,5,EMP1816,1.496,Missed
TKT13429,2025-02-03,2025-02-03,OK,Finance,Pune,Network, Medium,Network Support,Resolved,Laptop,7.4,,EMP1417,0.308,Unknown Priority:  Medium
TKT16934,2024-12-18,2024-12-18,OK,Finance,Delhi,Network,Critical,Network Support,Resolved,Laptop,3.8,5,EMP1071,0.158,Met
TKT15684,2025-05-28,2025-05-28,OK,Admin,Bangalore,Software,high,Software Support,Resolved,Tablet,9.2,4,EMP1587,0.383,Missed
TKT13080,2024-05-04,,OK,Operations,Mumbai,Printer,Medium,Hardware Support,Open,Printer,0,,EMP2354,0,Met
TKT16418,2024-06-10,2024-06-10,OK,Finance,Delhi,network,Medium,NA,Resolved,Desktop,8.2,1,EMP2355,0.342,Met
TKT11239,2024-06-25,2024-06-26,OK,Marketing,Hyderabad,Hardware,Low,Hardware Support,Resolved,Laptop,30.5,,EMP1559,1.271,Met
TKT11975,2024-08-11,2024-08-11,OK,HR,Bangalore,Email,Medium,Email & Messaging Team,Resolved,Mobile,14.5,4,EMP2083,0.604,Met
TKT10763,2024-03-20,2024-03-20,OK,HR,Chennai,Software,High,Software Support,Resolved,TABLET,19,5,EMP2375,0.792,Missed
TKT11424,2024-04-22,,OK,Operations,Delhi,Hardware,Low,Hardware Support,In Progress,Server,0,,EMP1548,0,Met
TKT14264,2025-04-14,,OK,Sales,Pune,Access,Medium,Identity & Access Team,In Progress,Mobile,0,,EMP2187,0,Met
TKT13312,2024-05-10,,OK,Operations,Bangalore,Software,High,Software Support,Open,Laptop,0,,EMP1667,0,Met
TKT15147,2025-02-14,2025-02-15,OK,HR,Hyderabad,Hardware,High,Hardware Support,Resolved,Desktop,24.7,3,EMP1709,1.029,Missed
TKT11235,2025-02-19,2025-02-19,OK,Sales,Delhi,Software,High,Software Support,Resolved,Tablet,4.9,,EMP1862,0.204,Met
TKT16684,2025-05-09,2025-05-09,OK,Finance,Mumbai,Software,Low,Software Support,Resolved,Tablet,12.5,4,EMP1661,0.521,Met
TKT10718,2024-01-24,2024-01-26,OK,Finance,Hyderabad,Email,Low,Email & Messaging Team,Resolved,Mobile,69,3,EMP2388,2.875,Missed
TKT11816,2024-10-11,2024-10-11,OK,Finance,Bangalore,Access,High,Identity & Access Team,Resolved,Mobile,4.2,2,EMP2178,0.175,Met
TKT15924,2024-11-14,2024-11-14,OK,Sales,Delhi,Email,Medium,Software Support,Resolved,Desktop,14.3,2,EMP1555,0.596,Met
TKT13517,2024-10-11,2024-10-11,OK,Operations,Hyderabad,Software,High,Software Support,Resolved,Laptop,12,4,EMP2226,0.5,Missed
TKT13887,2024-08-15,2024-08-15,OK,Operations,Pune,Network,high,Network Support,Resolved,Desktop,8.1,5,EMP2061,0.338,Missed
TKT14893,2024-12-04,2024-12-04,OK,Sales,Pune,Email,High,Email & Messaging Team,Resolved,Mobile,13.9,3,EMP1199,0.579,Missed
TKT10101,2024-05-28,2024-05-28,OK,Marketing,Bangalore,Email,High,Email & Messaging Team,Resolved,Laptop,8.1,5,EMP1266,0.338,Missed
TKT16984,2024-05-01,2024-05-01,OK,IT,Hyderabad,Software,High,Software Support,Closed,Laptop,7.8,2,EMP1679,0.325,Met
TKT12793,2025-01-27,2025-01-27,OK,IT,Chennai,Printer,Medium,Hardware Support,Resolved,Printer,22.5,4,EMP2358,0.938,Met
TKT15203,2024-01-05,2024-01-05,OK,Marketing,Delhi,Software,Medium,Software Support,Resolved,Tablet,8.5,3,EMP2248,0.354,Met
TKT12697,2025-01-14,,OK,Legal,Pune,Network,Critical,Network Support,In Progress,Desktop,0,,EMP1538,0,Met
TKT14818,2024-01-07,2024-01-07,OK,Finance,Pune,Email,Medium,Email & Messaging Team,Resolved,Mobile,1.5,,EMP1136,0.063,Met
TKT14465,2024-03-13,2024-03-13,OK,Admin,Mumbai,Hardware,High,Hardware Support,Resolved,Server,9.8,4,EMP1236,0.408,Missed
TKT12835,2024-01-30,2024-01-30,OK,HR,Pune,Printer,Critical,Hardware Support,Resolved,Printer,8.9,5,EMP1240,0.371,Missed
TKT12805,2024-09-18,2024-09-21,OK,Marketing,Pune,Software,Low,Software Support,Resolved,Desktop,76.9,3,EMP2246,3.204,Missed
TKT16231,2024-04-29,2024-04-29,OK,Operations,Bangalore,Software,Medium,Software Support,Closed,Desktop,23,1,EMP2096,0.958,Met
TKT16157,2024-12-07,,OK,IT,Hyderabad,Hardware,Low,Hardware Support,In Progress,Desktop,0,,EMP2239,0,Met
TKT12430,2024-07-07,2024-07-07,OK,Admin,Delhi,Email,High,Email & Messaging Team,Closed,Laptop,5.1,5,EMP1660,0.213,Met
TKT16449,2024-11-06,2024-11-06,OK,Finance,Bangalore,Access,Medium,Identity & Access Team,Resolved,Laptop,4.8,4,EMP1278,0.2,Met
TKT16182,2025-06-07,2025-06-07,OK,Operations,Delhi,Printer,Critical,Hardware Support,Resolved,Printer,7.7,5,EMP1506,0.321,Missed
TKT14677,2024-06-14,2024-06-14,OK,Operations,Mumbai,Email,High,Email & Messaging Team,Closed,Tablet,13.7,5,EMP2334,0.571,Missed
TKT15123,2025-03-08,,OK,Operations,Bangalore,Network,High,Network Support,In Progress,Server,0,,EMP1348,0,Met
TKT12787,2024-02-10,2024-02-10,OK,Finance,Pune,Software,Medium,Software Support,Resolved,Laptop,12.7,2,EMP1982,0.529,Met
TKT12297,2024-05-12,,OK,Operations,Chennai,Network,Medium,Network Support,Open,Laptop,0,,EMP2162,0,Met
TKT13608,2024-09-13,2024-09-15,OK,IT,Hyderabad,Software,Medium,Software Support,Resolved,Desktop,51.9,5,EMP1266,2.163,Missed
TKT16024,2025-06-03,2025-06-03,OK,Admin,Mumbai,Access,Medium,Identity & Access Team,Resolved,Desktop,4.6,,EMP2082,0.192,Met
TKT14815,2025-04-07,2025-04-09,OK,Operations,Delhi,Hardware,Medium,Hardware Support,Resolved,Desktop,60.4,3,EMP1399,2.517,Missed
TKT10107,2025-04-30,2025-05-01,OK,Sales,Pune,Hardware,Medium,Hardware Support,Resolved,Laptop,24.9,2,EMP1137,1.038,Missed
TKT14758,2024-07-19,2024-07-20,OK,Operations,Delhi,Access,Medium,Identity & Access Team,Resolved,Mobile,26.9,4,EMP2079,1.121,Missed
TKT16966,2024-07-08,2024-07-08,OK,IT,Pune,Hardware,Medium,Hardware Support,Closed,Laptop,15,3,EMP1737,0.625,Met
TKT14969,2024-11-11,2024-11-11,OK,Finance,Hyderabad,Access,High,Identity & Access Team,Resolved,Laptop,16,3,EMP1159,0.667,Missed
TKT10850,2025-05-18,2025-05-20,OK,Operations,Pune,Software,Low,Software Support,Resolved,Laptop,66.2,2,EMP1744,2.758,Missed
TKT14814,2024-05-03,2024-05-04,OK,Sales,Mumbai,Printer,Low,Hardware Support,Resolved,Printer,34.7,5,EMP1441,1.446,Met
TKT14054,2025-05-15,,OK,Sales,Delhi,Network,Medium,Network Support,Open,Server,0,,EMP1087,0,Met
TKT12506,2025-06-08,2025-06-08,OK,Marketing,Pune,Hardware,Low,Hardware Support,Resolved,Desktop,21.2,5,EMP2315,0.883,Met
TKT10319,2024-05-15,2024-05-15,OK,IT,Mumbai,network,Medium,Network Support,Resolved,Laptop,18.4,5,EMP2325,0.767,Met
TKT16914,2025-05-03,,OK,Finance,Bangalore,NETWORK,Medium,Network Support,In Progress,Desktop,0,,EMP1983,0,Met
TKT10506,2024-06-10,2024-06-10,OK,IT,Pune,Hardware,High,Hardware Support,Resolved,Laptop,4,5,EMP1560,0.167,Met
TKT16262,2025-03-11,,OK,Finance,Delhi,Network,High,Network Support,Open,Desktop,0,,EMP1169,0,Met
TKT16604,2025-01-08,2025-01-08,OK,IT,Bangalore,Access,High,Identity & Access Team,Resolved,Mobile,7.5,5,EMP1322,0.313,Met
TKT14724,2025-03-22,2025-03-22,OK,Operations,Hyderabad,network,Medium,Network Support,Resolved,Mobile,10.4,5,EMP1736,0.433,Met
TKT11580,2024-01-31,2024-02-01,OK,IT,Chennai,Access,Medium,Identity & Access Team,Resolved,Mobile,41,1,EMP1418,1.708,Missed
TKT15904,2024-04-06,2024-04-06,OK,Finance,Hyderabad,Access,High,Identity & Access Team,Resolved,Laptop,18.9,,EMP1606,0.788,Missed
TKT15378,2025-04-05,2025-04-05,OK,Legal,Chennai,Hardware,High,Hardware Support,Resolved,Desktop,8.9,3,EMP2074,0.371,Missed
TKT16588,2024-08-28,2024-08-28,OK,Admin,Pune,Software,High,Software Support,Resolved,Tablet,11.4,5,EMP1294,0.475,Missed
TKT11205,2024-06-30,2024-06-30,OK,Sales,Mumbai,Access,High,Identity & Access Team,Resolved,Laptop,13,,EMP1881,0.542,Missed
TKT10374,2025-03-24,2025-03-24,OK,IT,Bangalore,Hardware,Medium,Hardware Support,Closed,Desktop,12.3,5,EMP1781,0.513,Met
TKT11527,2024-03-17,2024-03-18,OK,IT,Pune,Hardware,Medium,Hardware Support,Closed,Server,27.3,,EMP1231,1.138,Missed
TKT14117,2024-08-26,2024-08-26,OK,Sales,Mumbai,Access,Medium,Identity & Access Team,Resolved,Desktop,13.6,4,EMP1463,0.567,Met
TKT14573,2025-06-08,2025-06-08,OK,Legal,Bangalore,Email,Medium,Email & Messaging Team,Resolved,Tablet,18.9,2,EMP1550,0.788,Met
TKT10007,2024-11-18,,OK,HR,Pune,Hardware,High,Hardware Support,In Progress,Server,0,,EMP1435,0,Met
TKT14750,2024-08-02,2024-08-02,OK,IT,Delhi,Software,High,Software Support,Resolved,Tablet,16.5,4,EMP2190,0.688,Missed
TKT16087,2024-03-23,2024-03-23,OK,Sales,Bangalore,Email,Medium,Email & Messaging Team,Resolved,Tablet,10,3,EMP1419,0.417,Met
TKT12758,2024-12-14,2024-12-14,OK,HR,Delhi,Hardware,Critical,NA,Resolved,Desktop,7.6,,EMP1266,0.317,Missed
TKT13671,2024-11-04,2024-11-04,OK,Operations,Bangalore,Software,Critical,Software Support,Resolved,Desktop,3.2,,EMP1069,0.133,Met
TKT12465,2024-02-19,2024-02-19,OK,Legal,Pune,Email,Medium,Email & Messaging Team,Closed,Tablet,10.9,4,EMP1442,0.454,Met
TKT16708,2024-01-31,2024-01-31,OK,HR,Bangalore,Software,Medium,Software Support,Resolved,Laptop,21.8,4,EMP1655,0.908,Met
TKT14304,2024-10-04,2024-10-04,OK,IT,Hyderabad,Network,Medium,Network Support,Resolved,Mobile,6.9,4,EMP1387,0.288,Met
TKT11204,2024-04-06,2024-04-06,OK,Operations,Pune,Network,Medium,Network Support,Resolved,Laptop,7.9,5,EMP1826,0.329,Met
TKT11743,2024-05-07,2024-05-09,OK,Finance,Bangalore,Network,Low,Network Support,Resolved,Laptop,64.9,4,EMP1319,2.704,Missed
TKT15967,2025-06-11,2025-06-13,OK,HR,Hyderabad,Network,Low,Network Support,Resolved,Laptop,53.4,5,EMP1040,2.225,Missed
TKT11433,2025-05-30,2025-05-31,OK,Operations,Hyderabad,Software,Low,Software Support,Resolved,DESKTOP,40.6,4,EMP2193,1.692,Met
TKT15996,2024-09-20,2024-09-22,OK,IT,Chennai,Software,Low,Software Support,Resolved,Desktop,52.3,5,EMP1909,2.179,Missed
TKT15210,2024-06-28,2024-06-28,OK,Admin,Hyderabad,Email, Medium,Network Support,Resolved,Mobile,19.8,5,EMP2346,0.825,Unknown Priority:  Medium
TKT15557,2024-02-28,2024-02-28,OK,IT,Bangalore,network,Medium,Network Support,Resolved,Mobile,15,4,EMP1757,0.625,Met
TKT16693,2024-02-06,2024-02-06,OK,Finance,Bangalore,Access,Low,Identity & Access Team,Resolved,Mobile,4.5,3,EMP1714,0.188,Met
TKT16975,2024-12-01,2024-12-03,OK,IT,Bangalore,Network,Low,Network Support,Resolved,Laptop,69.8,4,EMP1794,2.908,Missed
TKT12014,2024-11-03,2024-11-03,OK,Finance,Pune,Network,Medium,Network Support,Resolved,mobile,15,4,EMP1915,0.625,Met
TKT15882,2025-04-26,2025-04-27,OK,Admin,Chennai,network,Low,Network Support,Closed,Desktop,27.3,,EMP1274,1.138,Met
TKT12243,2025-04-20,2025-04-21,OK,Operations,Pune,Access,Low,Identity & Access Team,Resolved,Laptop,33.7,,EMP2370,1.404,Met
TKT16379,2024-05-14,2024-05-15,OK,Marketing,Hyderabad,Email,Medium,Email & Messaging Team,Resolved,Desktop,36.5,3,EMP2348,1.521,Missed
TKT12709,2024-09-06,2024-09-06,OK,IT,Delhi,Software,Medium,Software Support,Resolved,Desktop,4.2,4,EMP1301,0.175,Met
TKT10049,2024-10-06,2024-10-07,OK,Admin,Mumbai,Access,Medium,Identity & Access Team,Resolved,Laptop,35.4,4,EMP1892,1.475,Missed
TKT15266,2024-09-26,,OK,Operations,Mumbai,Hardware,Low,Hardware Support,Open,Server,0,,EMP1468,0,Met
TKT15788,2025-01-18,2025-01-19,OK,Admin,Delhi,Network,Medium,Identity & Access Team,Closed,Desktop,41.7,4,EMP1306,1.738,Missed
TKT14126,2024-12-02,2024-12-03,OK,Operations,Delhi,Email,Medium,Email & Messaging Team,Resolved,Desktop,0,,EMP1892,0,Met
TKT14430,2024-11-10,2024-11-10,OK,Legal,Hyderabad,Software,Medium,Software Support,Resolved,Tablet,11.1,1,EMP1846,0.463,Met
TKT16808,2024-10-22,2024-10-22,OK,Admin,Delhi,Hardware,Medium,Hardware Support,Resolved,Desktop,18.8,4,EMP1752,0.783,Met
TKT11068,2025-02-16,2025-02-16,OK,IT,Delhi,Email,Low,Email & Messaging Team,Resolved,Mobile,9.9,5,EMP1852,0.413,Met
TKT15576,2024-02-23,,OK,Legal,Bangalore,Email,Medium,NA,In Progress,Desktop,0,,EMP1037,0,Met
TKT11099,2024-10-06,2024-10-07,OK,Operations,Delhi,Hardware,Medium,Hardware Support,Resolved,Laptop,26.9,1,EMP1010,1.121,Missed
TKT12630,2024-09-05,2024-09-08,OK,Unknown,Hyderabad,Access,Low,Identity & Access Team,Resolved,Desktop,87.1,4,EMP2325,3.629,Missed
TKT16161,2024-10-05,,OK,Marketing,Bangalore,Network,High,Network Support,In Progress,Server,0,,EMP1330,0,Met
TKT10615,2025-04-26,2025-04-26,OK,Sales,Pune,Access,Medium,Identity & Access Team,Resolved,Mobile,20.7,3,EMP1974,0.863,Met
TKT15405,2025-01-08,,OK,Operations,Bangalore,Network,Critical,Network Support,Open,Mobile,0,,EMP1561,0,Met
TKT15968,2024-09-16,2024-09-16,OK,IT,Delhi,Email,Low,Email & Messaging Team,Resolved,Tablet,22.6,5,EMP1109,0.942,Met
TKT14933,2025-05-16,2025-05-16,OK,Admin,Bangalore,Email,Critical,Email & Messaging Team,Resolved,Laptop,6,4,EMP1860,0.25,Missed
TKT13056,2025-02-26,2025-02-26,OK,Finance,Mumbai,Software,High,Software Support,Resolved,Desktop,8.2,,EMP2219,0.342,Missed
TKT11844,2024-02-14,2024-02-16,OK,Finance,Mumbai,Hardware,Low,Hardware Support,Resolved,Server,49.9,5,EMP1805,2.079,Missed
TKT11135,2024-09-26,2024-09-26,OK,Admin,Hyderabad,Software,Medium,Software Support,Resolved,Desktop,0,,EMP1966,0,Met
TKT16084,2024-12-18,2024-12-18,OK,IT,Mumbai,Software,Medium,Software Support,Resolved,Laptop,8.4,5,EMP1196,0.35,Met
TKT12233,2025-02-02,2025-02-02,OK,Finance,Delhi,Software,High,Software Support,Resolved,Laptop,14.6,5,EMP1220,0.608,Missed
TKT16340,2024-11-24,2024-11-24,OK,Legal,Mumbai,Access,HIGH,Identity & Access Team,Resolved,Mobile,4.5,3,EMP1375,0.188,Met
TKT15644,2025-03-14,2025-03-11,ERROR,Admin,Delhi,Network,High,Network Support,Closed,Server,2.2,5,EMP1338,0.092,Met
TKT15514,2025-01-31,2025-01-31,OK,Admin,Bangalore,network,High,Network Support,Resolved,Desktop,22.5,4,EMP1952,0.938,Missed
TKT16845,2024-10-18,2024-10-18,OK,IT,Delhi,Email,High,Hardware Support,Resolved,Tablet,10.6,4,EMP1143,0.442,Missed
TKT14077,2024-02-23,2024-02-24,OK,Finance,Bangalore,Email,Low,Email & Messaging Team,Resolved,Desktop,34.9,1,EMP1796,1.454,Met
TKT11858,2024-10-19,2024-10-20,OK,HR,Hyderabad,Network,Medium,Network Support,Resolved,Mobile,27,4,EMP2136,1.125,Missed
TKT14797,2024-06-21,2024-06-22,OK,IT,Pune,Access,Low,Identity & Access Team,Resolved,MOBILE,31.2,5,EMP1165,1.3,Met
TKT10058,2025-01-23,2025-01-23,OK,IT,Chennai,Email,high,Email & Messaging Team,Closed,Desktop,8.7,5,EMP1688,0.363,Missed
TKT10232,2025-04-01,2025-04-01,OK,Finance,Pune,Hardware,Medium,Hardware Support,Resolved,Server,17.8,5,EMP1766,0.742,Met
TKT14929,2024-07-09,2024-07-11,OK,Finance,Mumbai,Software,Medium,Software Support,Resolved,Tablet,52.1,5,EMP1838,2.171,Missed
TKT15621,2024-04-26,,OK,Sales,Bangalore,Network,Medium,Network Support,In Progress,Server,0,,EMP1482,0,Met
TKT12457,2024-01-21,2024-01-22,OK,IT,Bangalore,Hardware,medium,Hardware Support,Resolved,Server,44.2,5,EMP1196,1.842,Missed
TKT14599,2025-04-16,,OK,Admin,Pune,Printer,Medium,Hardware Support,Open,Printer,0,,EMP1748,0,Met
TKT12640,2024-12-31,2024-12-31,OK,Finance,Mumbai,Network,High,Network Support,Resolved,Laptop,3.5,4,EMP1664,0.146,Met
TKT12461,2025-05-17,2025-05-17,OK,Admin,Chennai,Hardware,Low,Hardware Support,Resolved,Laptop,10.1,5,EMP1876,0.421,Met
TKT12310,2024-08-08,,OK,Finance,Chennai,NETWORK,Medium,Network Support,In Progress,Laptop,0,,EMP1766,0,Met
TKT11258,2024-07-21,2024-07-21,OK,Operations,Bangalore,Email,Medium,Email & Messaging Team,Resolved,Laptop,13.6,4,EMP1539,0.567,Met
TKT11494,2025-02-21,2025-02-21,OK,Sales,Bangalore,Network,High,Network Support,Resolved,Server,9.3,,EMP1362,0.388,Missed
TKT11861,2024-08-17,,OK,Sales,Mumbai,Network,Low,Network Support,Open,Laptop,0,,EMP1429,0,Met
TKT14679,2025-04-29,2025-04-29,OK,HR,Pune,Network,Medium,Network Support,Resolved,Laptop,11.6,5,EMP1912,0.483,Met
TKT14442,2024-06-25,2024-06-25,OK,Finance,Pune,Software,High,Software Support,Resolved,Laptop,12.1,2,EMP1719,0.504,Missed
TKT15329,2024-11-23,2024-11-23,OK,Legal,Bangalore,Network,Critical,Network Support,Resolved,Desktop,1.5,,EMP1616,0.063,Met
TKT10201,2025-01-21,2025-01-22,OK,IT,Mumbai,Network, Medium,Network Support,Resolved,Desktop,36.3,1,EMP2379,1.513,Unknown Priority:  Medium
TKT11908,2024-08-01,2024-08-03,OK,IT,Delhi,Software,Low,Software Support,Resolved,Desktop,50.9,4,EMP2381,2.121,Missed
TKT13092,2024-10-29,2024-10-29,OK,Legal,Pune,Hardware,High,Hardware Support,Resolved,Desktop,3.5,4,EMP2188,0.146,Met
TKT13479,2025-05-11,2025-05-11,OK,Operations,Hyderabad,Email,High,Email & Messaging Team,Resolved,Laptop,4.2,4,EMP1655,0.175,Met
TKT14608,2024-02-21,,OK,Admin,Pune,Software,Low,Identity & Access Team,Open,Tablet,0,,EMP1300,0,Met
TKT13523,2025-01-01,2025-01-02,OK,Legal,Hyderabad,Hardware,Medium,Hardware Support,Closed,Server,28.9,3,EMP1492,1.204,Missed
TKT16871,2024-07-25,2024-07-25,OK,Admin,Mumbai,Software,High,Software Support,Closed,Laptop,14.3,4,EMP1790,0.596,Missed
TKT15984,2024-01-10,2024-01-10,OK,Operations,Hyderabad,Network,High,Network Support,Closed,Server,2.9,5,EMP1562,0.121,Met
TKT14414,2024-01-08,2024-01-08,OK,Sales,Hyderabad,Access,Medium,Identity & Access Team,Resolved,Mobile,17.2,5,EMP2259,0.717,Met
TKT15483,2024-11-27,2024-11-27,OK,Sales,Mumbai,Hardware, Medium,Hardware Support,Closed,Desktop,21.3,5,EMP1053,0.888,Unknown Priority:  Medium
TKT12642,2024-02-06,2024-02-09,OK,Marketing,Pune,Email,Low,Email & Messaging Team,Resolved,Desktop,83.2,2,EMP1995,3.467,Missed
TKT10075,2025-06-14,2025-06-14,OK,Sales,Bangalore,Printer,Medium,Hardware Support,Resolved,printer,18.9,4,EMP1740,0.788,Met
TKT10184,2024-04-07,2024-04-07,OK,Operations,Pune,Email,Low,Email & Messaging Team,Resolved,Mobile,10,,EMP1378,0.417,Met
TKT16071,2025-04-23,2025-04-23,OK,Admin,Hyderabad,Software,MEDIUM,Software Support,Resolved,Tablet,8.4,2,EMP1085,0.35,Met
TKT11591,2025-06-09,2025-06-14,OK,Operations,Delhi,Network,Low,Network Support,Resolved,Laptop,122.4,5,EMP2219,5.1,Missed
TKT14548,2024-06-28,,OK,Sales,Pune,Hardware,Low,Hardware Support,In Progress,Server,0,,EMP1714,0,Met
TKT12537,2025-01-14,2025-01-14,OK,Operations,Bangalore,Software,High,Software Support,Resolved,Desktop,11.5,5,EMP1140,0.479,Missed
TKT14328,2025-06-03,2025-06-03,OK,Sales,Delhi,Software,Low,Software Support,Resolved,Tablet,17.7,,EMP1820,0.738,Met
TKT14620,2024-10-15,,OK,IT,Bangalore,Email,High,Email & Messaging Team,Open,Mobile,0,,EMP1324,0,Met
TKT15818,2024-05-17,2024-05-17,OK,Sales,Delhi,Network,Medium,Network Support,Closed,Desktop,3.3,3,EMP1714,0.138,Met
TKT14340,2025-06-23,2025-06-24,OK,Finance,Pune,Email,Medium,Email & Messaging Team,Closed,Laptop,27.1,5,EMP2016,1.129,Missed
TKT10984,2024-05-10,2024-05-10,OK,Marketing,Pune,Network,Medium,Network Support,Resolved,Laptop,4.5,2,EMP2059,0.188,Met
TKT16488,2024-02-17,2024-02-17,OK,IT,Pune,NETWORK,High,Network Support,Closed,Server,4.6,4,EMP1310,0.192,Met
TKT13003,2024-08-18,2024-08-18,OK,Sales,Mumbai,Software,High,NA,Resolved,Laptop,1.6,5,EMP1770,0.067,Met
TKT10401,2025-05-10,2025-05-10,OK,Operations,Delhi,Hardware,Medium,Hardware Support,Resolved,Desktop,4.7,,EMP1519,0.196,Met
TKT16688,2024-08-15,2024-08-15,OK,Sales,Pune,Email,Medium,Email & Messaging Team,Resolved,Tablet,15.8,4,EMP1817,0.658,Met
TKT11238,2024-07-23,2024-07-23,OK,HR,Pune,Access,High,Identity & Access Team,Resolved,Mobile,11,5,EMP1444,0.458,Missed
TKT10354,2024-06-30,2024-06-30,OK,Finance,Delhi,Software,Medium,Software Support,Closed,Tablet,9.7,5,EMP2184,0.404,Met
TKT16969,2024-01-01,2024-01-01,OK,IT,Delhi,Hardware,Critical,Hardware Support,Resolved,Laptop,2,5,EMP1926,0.083,Met
TKT12841,2024-11-16,,OK,Legal,Hyderabad,Hardware,Critical,Hardware Support,Open,Desktop,0,,EMP1268,0,Met
TKT12240,2024-03-02,,OK,Operations,Mumbai,Email,Low,Email & Messaging Team,In Progress,Mobile,0,,EMP1429,0,Met
TKT14964,2024-06-27,2024-06-29,OK,Operations,Bangalore,Software,Medium,Software Support,Closed,Desktop,50.2,5,EMP1018,2.092,Missed
TKT14881,2024-05-27,2024-05-27,OK,Operations,Bangalore,Printer,Medium,Hardware Support,Resolved,Printer,19.3,,EMP1401,0.804,Met
TKT12942,2025-02-16,2025-02-16,OK,IT,Delhi,Hardware,Critical,Hardware Support,Resolved,Laptop,2.8,4,EMP1531,0.117,Met
TKT16313,2024-05-11,,OK,Finance,Mumbai,Access,Low,Identity & Access Team,In Progress,Laptop,0,,EMP1798,0,Met
TKT16544,2024-01-03,2024-01-04,OK,Finance,Mumbai,Software,Medium,Software Support,Resolved,Tablet,43.7,4,EMP1047,1.821,Missed
TKT11679,2025-01-14,2025-01-15,OK,Admin,Delhi,Network,Medium,Network Support,Resolved,Laptop,45.6,5,EMP1478,1.9,Missed
TKT10172,2024-04-22,2024-04-22,OK,Marketing,Bangalore,Email,High,Email & Messaging Team,Resolved,Laptop,2,4,EMP1390,0.083,Met
TKT16437,2024-12-24,2024-12-24,OK,Operations,Pune,Hardware,High,Hardware Support,Resolved,Server,0,4,EMP1427,0,Met
TKT16277,2024-02-08,2024-02-08,OK,IT,Pune,Network,Medium,Network Support,Resolved,Server,23.1,5,EMP1937,0.963,Met
TKT13642,2025-02-03,2025-02-03,OK,IT,Chennai,Software,High,Software Support,Resolved,Tablet,7,,EMP1132,0.292,Met
TKT13536,2024-05-06,2024-05-06,OK,Sales,Mumbai,Network,High,Network Support,Resolved,Mobile,5.9,5,EMP1891,0.246,Met
TKT14135,2024-02-23,2024-02-23,OK,Finance,Chennai,Hardware,Medium,Hardware Support,Resolved,Laptop,6.7,4,EMP1708,0.279,Met
TKT12302,2024-02-23,2024-02-24,OK,Admin,Delhi,Software,Low,Software Support,Resolved,Tablet,42.2,3,EMP1939,1.758,Met
TKT11629,2024-12-12,2024-12-12,OK,IT,Pune,Printer,High,Hardware Support,Resolved,Printer,5.1,,EMP1298,0.213,Met
TKT13983,2024-12-20,2024-12-20,OK,Marketing,Delhi,Software,High,Email & Messaging Team,Resolved,Desktop,5.1,,EMP2036,0.213,Met
TKT15891,2024-07-25,2024-07-25,OK,IT,Delhi,Access,High,Identity & Access Team,Closed,Mobile,14.2,,EMP1253,0.592,Missed
TKT10317,2024-12-24,2024-12-24,OK,Finance,Pune,Software,Medium,Software Support,Resolved,Desktop,12.9,5,EMP1705,0.538,Met
TKT10329,2024-06-30,2024-06-30,OK,Admin,Bangalore,Hardware,Medium,Hardware Support,Resolved,Desktop,12.3,1,EMP1641,0.513,Met
TKT14626,2024-07-06,2024-07-06,OK,Marketing,Pune,network,MEDIUM,Network Support,Resolved,Server,6.1,4,EMP1522,0.254,Met
TKT16720,2025-01-03,2025-01-03,OK,Admin,Chennai,Software,Medium,Software Support,Resolved,Desktop,12.2,4,EMP1903,0.508,Met
TKT13799,2025-05-19,2025-05-19,OK,Operations,Chennai,Software,High,Software Support,Resolved,Tablet,0,3,EMP2219,0,Met
TKT10517,2025-04-02,2025-04-02,OK,Admin,Delhi,Network,High,Network Support,Resolved,Server,20.6,5,EMP1400,0.858,Missed
TKT14751,2025-05-17,2025-05-17,OK,Legal,Mumbai,Software,Medium,Software Support,Resolved,Desktop,18.3,5,EMP2088,0.763,Met
TKT12829,2024-10-27,2024-10-28,OK,Sales,Bangalore,Access,Medium,Identity & Access Team,Resolved,Desktop,32.5,4,EMP1213,1.354,Missed
TKT16188,2025-01-25,2025-01-25,OK,HR,Bangalore,Hardware,High,Hardware Support,Resolved,Desktop,12.1,4,EMP1554,0.504,Missed
TKT12047,2024-08-28,2024-08-28,OK,Marketing,Pune,Software,High,Software Support,Resolved,Tablet,2.4,3,EMP1178,0.1,Met
TKT12037,2025-03-14,2025-03-14,OK,Finance,Bangalore,Email,Medium,Email & Messaging Team,Resolved,Desktop,3.3,1,EMP1068,0.138,Met
TKT11061,2025-03-28,2025-03-28,OK,Sales,Chennai,Email,Low,Network Support,Closed,Desktop,8.5,3,EMP2003,0.354,Met
TKT11375,2025-03-16,2025-03-19,OK,IT,Mumbai,Hardware,Medium,Identity & Access Team,Resolved,Server,85.5,4,EMP1481,3.563,Missed
TKT14785,2025-06-15,,OK,Marketing,Chennai,Network,High,Network Support,In Progress,Mobile,0,,EMP2193,0,Met
TKT11182,2025-05-21,2025-05-21,OK,Operations,Mumbai,Hardware,Critical,Hardware Support,Resolved,Desktop,2.2,5,EMP1453,0.092,Met
TKT14224,2024-07-10,2024-07-10,OK,Legal,Bangalore,Hardware,High,Identity & Access Team,Closed,Server,17.5,4,EMP2026,0.729,Missed
TKT10832,2024-10-19,2024-10-19,OK,Legal,Delhi,NETWORK,High,Network Support,Resolved,Laptop,0.8,,EMP2134,0.033,Met
TKT15755,2024-12-31,2024-12-31,OK,Marketing,Pune,network,Medium,Network Support,Resolved,Laptop,17.1,5,EMP2176,0.713,Met
TKT10309,2024-01-13,2024-01-13,OK,Admin,Pune,Hardware,Medium,Hardware Support,Resolved,Desktop,19.2,5,EMP2276,0.8,Met
TKT12288,2025-03-13,2025-03-14,OK,Finance,Bangalore,Software,Low,Software Support,Closed,Tablet,41.6,3,EMP1418,1.733,Met
TKT15992,2024-08-22,,OK,Finance,Bangalore,Access,Medium,Identity & Access Team,Open,Laptop,0,,EMP2350,0,Met
TKT16816,2025-04-06,2025-04-08,OK,Marketing,Mumbai,Software,Low,Software Support,Resolved,Desktop,57.7,2,EMP1590,2.404,Missed
TKT16877,2024-02-21,2024-02-21,OK,Finance,Hyderabad,Software,Low,Software Support,Resolved,Desktop,12.6,,EMP1459,0.525,Met
TKT14213,2024-12-11,2024-12-12,OK,Admin,Pune,NETWORK,Low,Identity & Access Team,Resolved,Desktop,45.1,5,EMP2056,1.879,Met
TKT11843,2024-07-27,2024-07-27,OK,Admin,Delhi,Software,High,NA,Resolved,Laptop,19.1,5,EMP1875,0.796,Missed
TKT14487,2024-10-08,2024-10-08,OK,Sales,Chennai,Software,Medium,Software Support,Resolved,Laptop,11.7,4,EMP1627,0.488,Met
TKT13757,2024-12-18,2024-12-18,OK,IT,Bangalore,Network,Critical,Network Support,Resolved,Desktop,2.5,3,EMP1878,0.104,Met
TKT10693,2025-03-02,2025-03-02,OK,Sales,Mumbai,Software,Medium,Software Support,Closed,Desktop,12.4,2,EMP1333,0.517,Met
TKT15533,2024-08-15,2024-08-15,OK,HR,Pune,Email,Medium,Email & Messaging Team,Resolved,Desktop,0,5,EMP2287,0,Met
TKT12405,2025-05-12,2025-05-12,OK,Sales,Mumbai,Hardware,Critical,Hardware Support,Closed,Server,3.8,1,EMP1877,0.158,Met
TKT15178,2024-04-07,,OK,Operations,Pune,Network,High,Software Support,In Progress,Server,0,,EMP1885,0,Met
TKT16097,2024-02-01,2024-02-02,OK,Legal,Pune,Hardware,Medium,Hardware Support,Resolved,Desktop,34.7,4,EMP1021,1.446,Missed
TKT12934,2024-10-19,2024-10-19,OK,Sales,Hyderabad,Access,Medium,Identity & Access Team,Resolved,Mobile,17.2,5,EMP1716,0.717,Met
TKT12381,2024-08-25,2024-08-26,OK,IT,Hyderabad,Hardware,Medium,Email & Messaging Team,Resolved,Server,25.2,4,EMP1663,1.05,Missed
TKT12865,2024-06-24,,OK,Sales,Mumbai,Access,Medium,NA,In Progress,Mobile,0,,EMP1498,0,Met
TKT16153,2024-09-07,2024-09-08,OK,Finance,Hyderabad,Hardware,Medium,Hardware Support,Resolved,laptop,29.9,,EMP1299,1.246,Missed
TKT15007,2024-04-22,2024-04-22,OK,IT,Delhi,Hardware,Critical,Hardware Support,Closed,Laptop,4.1,5,EMP1433,0.171,Missed
TKT14303,2024-10-12,2024-10-12,OK,Marketing,Bangalore,Software,Medium,Software Support,Closed,Desktop,16.4,2,EMP2123,0.683,Met
TKT10175,2025-05-15,2025-05-18,OK,IT,Mumbai,Printer,Low,Hardware Support,Resolved,Printer,81.3,4,EMP1649,3.388,Missed
TKT14012,2024-02-03,2024-02-04,OK,IT,Delhi,Software,Medium,Software Support,Resolved,Tablet,39,5,EMP1134,1.625,Missed
TKT14673,2024-10-09,,OK,Sales,Mumbai,Software,Low,Software Support,Open,Desktop,0,,EMP1222,0,Met
TKT12216,2025-06-08,2025-06-08,OK,Sales,Delhi,Hardware,Medium,Hardware Support,Resolved,Laptop,13.5,3,EMP1880,0.563,Met
TKT15512,2025-01-09,2025-01-09,OK,Legal,Mumbai,Network,Medium,Network Support,Resolved,Laptop,11,4,EMP2220,0.458,Met
TKT12861,2024-01-24,,OK,Operations,Bangalore,Hardware,Medium,Hardware Support,In Progress,desktop,0,,EMP1027,0,Met
TKT14089,2025-05-29,,OK,Finance,Mumbai,Email,Medium,Email & Messaging Team,In Progress,Laptop,0,,EMP1423,0,Met
TKT14653,2024-08-28,2024-08-29,OK,HR,Pune,Hardware,Medium,Hardware Support,Resolved,Server,33.3,4,EMP1216,1.388,Missed
TKT13774,2024-06-18,2024-06-18,OK,Admin,Pune,Printer,Medium,Hardware Support,Resolved,printer,7.3,5,EMP1697,0.304,Met
TKT11737,2024-05-06,,OK,Sales,Chennai,Network,Medium,Network Support,Open,Desktop,0,,EMP1445,0,Met
TKT14869,2024-11-10,2024-11-10,OK,Admin,Bangalore,Email,Critical,Email & Messaging Team,Resolved,Laptop,1.6,5,EMP1786,0.067,Met
TKT10434,2024-01-20,2024-01-20,OK,Finance,Pune,Software,Medium,Software Support,Resolved,Desktop,17.7,4,EMP1311,0.738,Met
TKT15472,2025-02-11,2025-02-11,OK,Sales,Hyderabad,Hardware,High,Hardware Support,Resolved,Desktop,4.6,,EMP1838,0.192,Met
TKT11683,2024-12-28,2024-12-28,OK,Legal,Pune,Software, High,Software Support,Resolved,Tablet,6.3,4,EMP2208,0.263,Unknown Priority:  High
TKT15860,2024-08-06,,OK,Legal,Bangalore,Software,High,Software Support,In Progress,Laptop,0,,EMP1022,0,Met
TKT14081,2024-03-08,2024-03-09,OK,Sales,Mumbai,Access,Low,Identity & Access Team,Resolved,Mobile,42.3,4,EMP1491,1.763,Met
TKT15905,2025-04-17,2025-04-18,OK,Legal,Mumbai,Access,Medium,Identity & Access Team,Resolved,Laptop,31.2,4,EMP1364,1.3,Missed
TKT16586,2025-01-13,2025-01-14,OK,Sales,Pune,NETWORK,Medium,Network Support,Resolved,Server,41.1,5,EMP1439,1.713,Missed
TKT14720,2024-08-29,2024-09-01,OK,Operations,Hyderabad,Access,Low,Identity & Access Team,Resolved,Mobile,88.8,5,EMP2242,3.7,Missed
TKT16679,2024-06-09,2024-06-09,OK,Sales,Delhi,Hardware,Medium,Hardware Support,Closed,Server,0,4,EMP1789,0,Met
TKT13953,2024-09-26,2024-09-29,OK,Marketing,Mumbai,Access,Low,Identity & Access Team,Resolved,Mobile,77.9,3,EMP2370,3.246,Missed
TKT13075,2024-11-10,2024-11-10,OK,IT,Delhi,Hardware,High,Hardware Support,Closed,Server,8.4,3,EMP1562,0.35,Missed
TKT13502,2024-05-31,2024-06-03,OK,Marketing,Bangalore,Hardware,Low,Hardware Support,Closed,Laptop,84.6,2,EMP1155,3.525,Missed
TKT13169,2024-01-07,2024-01-08,OK,Operations,Mumbai,Email,Low,Software Support,Resolved,tablet,36.3,5,EMP2143,1.513,Met
TKT13289,2024-10-21,2024-10-24,OK,Sales,Pune,Access,Medium,Network Support,Resolved,Laptop,80,4,EMP1386,3.333,Missed
TKT13122,2024-06-27,2024-06-27,OK,IT,Hyderabad,Email,Low,Email & Messaging Team,Closed,Mobile,19,4,EMP1720,0.792,Met
TKT10095,2024-08-27,2024-08-27,OK,Sales,Delhi,NETWORK,medium,Network Support,Resolved,Server,10.2,5,EMP1965,0.425,Met
TKT10362,2025-03-29,2025-03-29,OK,Sales,Chennai,Access,Low,Identity & Access Team,Resolved,Mobile,22.8,,EMP1461,0.95,Met
TKT13045,2025-02-15,2025-02-17,OK,Finance,Delhi,Network,Low,NA,Resolved,Desktop,0,1,EMP1780,0,Met
TKT14147,2024-12-02,2024-12-03,OK,Admin,Bangalore,Printer,Low,Hardware Support,Resolved,Printer,41.2,4,EMP1109,1.717,Met
TKT14457,2024-07-31,2024-07-31,OK,Finance,Pune,Hardware,Medium,Hardware Support,Resolved,server,11.3,5,EMP2084,0.471,Met
TKT11041,2024-02-13,2024-02-13,OK,Operations,Hyderabad,Network,Critical,Software Support,Closed,Mobile,3.2,1,EMP1321,0.133,Met
TKT16187,2025-05-12,2025-05-12,OK,Finance,Bangalore,Hardware,High,Hardware Support,Closed,Desktop,15.6,2,EMP1251,0.65,Missed
TKT10318,2024-08-07,2024-08-07,OK,Operations,Delhi,Hardware,MEDIUM,Hardware Support,Closed,Server,10.1,5,EMP1453,0.421,Met
TKT14476,2024-03-18,2024-03-18,OK,Operations,Bangalore,Hardware,MEDIUM,Hardware Support,Resolved,Server,2.4,4,EMP2361,0.1,Met
TKT11955,2025-05-17,2025-05-17,OK,Legal,Pune,Network,Medium,Network Support,Resolved,Mobile,14.6,4,EMP1247,0.608,Met
TKT10411,2024-08-23,2024-08-23,OK,Legal,Bangalore,Hardware,Medium,Hardware Support,Resolved,Laptop,13.1,4,EMP1646,0.546,Met
TKT12449,2025-03-21,2025-03-22,OK,Finance,Hyderabad,Software,Medium,Software Support,Resolved,Tablet,35.4,3,EMP1741,1.475,Missed
TKT11187,2024-09-26,,OK,IT,Hyderabad,Hardware,Medium,Hardware Support,Open,Server,0,,EMP1328,0,Met
TKT15293,2025-05-14,2025-05-14,OK,IT,Mumbai,Printer,High,Hardware Support,Resolved,Printer,7.3,5,EMP1118,0.304,Met
TKT12347,2024-12-23,2024-12-25,OK,Finance,Chennai,Network,Low,Network Support,Resolved,Mobile,55.4,4,EMP2171,2.308,Missed
TKT11979,2024-01-29,,OK,Sales,Chennai,Software,High,Software Support,In Progress,Desktop,0,,EMP1494,0,Met
TKT13201,2025-05-24,2025-05-24,OK,Sales,Bangalore,Network,High,Hardware Support,Resolved,Server,4.4,4,EMP1121,0.183,Met
TKT12807,2024-12-18,2024-12-18,OK,HR,Mumbai,Network,High,Network Support,Closed,Laptop,13.9,5,EMP1295,0.579,Missed
TKT12956,2024-03-05,2024-03-05,OK,Admin,Bangalore,Software,High,Software Support,Resolved,Tablet,6.1,2,EMP2110,0.254,Met
TKT12558,2025-02-27,2025-02-27,OK,Admin,Mumbai,Hardware,Medium,Hardware Support,Closed,Desktop,20.4,5,EMP1904,0.85,Met
TKT15713,2025-03-08,2025-03-05,ERROR,Admin,Chennai,Software,Medium,Software Support,Resolved,Laptop,18.1,,EMP2120,0.754,Met
TKT14408,2024-11-11,,OK,IT,Bangalore,Network,Low,Network Support,In Progress,Laptop,0,,EMP2054,0,Met
TKT10149,2024-02-03,,OK,Operations,Pune,Network,Medium,Network Support,Open,Mobile,0,,EMP2239,0,Met
TKT14364,2024-08-28,2024-08-28,OK,Finance,Chennai,NETWORK,Medium,Network Support,Closed,Mobile,18.1,3,EMP2080,0.754,Met
TKT12617,2025-01-15,2025-01-16,OK,Legal,Delhi,Access,Medium,Identity & Access Team,Resolved,Laptop,45.9,2,EMP1660,1.913,Missed
TKT16884,2024-08-28,2024-08-29,OK,Operations,Bangalore,Software,Medium,Software Support,Resolved,Laptop,31,5,EMP1307,1.292,Missed
TKT12176,2024-06-23,2024-06-29,OK,HR,Mumbai,Software,Low,Software Support,Resolved,Tablet,151.6,,EMP2347,6.317,Missed
TKT10111,2024-07-04,2024-07-04,OK,Legal,Mumbai,Network,Medium,Network Support,Resolved,Server,8.4,4,EMP1293,0.35,Met
TKT10998,2025-01-28,2025-01-28,OK,Operations,Delhi,Software, High,Software Support,Resolved,Laptop,6.2,2,EMP1615,0.258,Unknown Priority:  High
TKT13085,2025-05-05,2025-05-08,OK,Finance,Chennai,Hardware,LOW,Hardware Support,Resolved,Desktop,76,4,EMP2334,3.167,Missed
TKT11224,2024-10-20,2024-10-20,OK,HR,Mumbai,Printer,High,Hardware Support,Resolved,Printer,16.8,,EMP1583,0.7,Missed
TKT15625,2024-06-15,2024-06-15,OK,Sales,Delhi,Hardware,high,Hardware Support,Resolved,Server,4.4,5,EMP2066,0.183,Met
TKT11668,2024-08-20,2024-08-20,OK,Admin,Pune,Software,Medium,Software Support,Resolved,Desktop,14.3,4,EMP2322,0.596,Met
TKT14809,2024-10-02,2024-10-02,OK,Operations,Mumbai,Email,High,Email & Messaging Team,Resolved,Desktop,9.3,4,EMP2045,0.388,Missed
TKT13368,2025-02-21,2025-02-21,OK,IT,Mumbai,Network,Medium,Network Support,Resolved,Laptop,12,4,EMP1559,0.5,Met
TKT14047,2024-04-30,2024-04-30,OK,HR,Delhi,Network,High,Network Support,Resolved,Mobile,6.6,2,EMP2099,0.275,Met
TKT12631,2024-01-21,2024-01-21,OK,Operations,Hyderabad,Software,Medium,Software Support,Resolved,Desktop,10.2,5,EMP1345,0.425,Met
TKT14509,2024-04-20,2024-04-20,OK,Sales,Pune,Email,High,Email & Messaging Team,Resolved,Mobile,15.2,5,EMP2242,0.633,Missed
TKT16020,2024-05-03,2024-05-03,OK,Operations,Pune,Printer,High,Hardware Support,Resolved,Printer,4.8,3,EMP2177,0.2,Met
TKT10859,2025-01-12,2025-01-12,OK,Marketing,Mumbai,Email,Medium,Email & Messaging Team,Resolved,Mobile,18.5,5,EMP1664,0.771,Met
TKT11390,2024-10-24,2024-10-24,OK,Marketing,Hyderabad,Network,Medium,Network Support,Resolved,Laptop,4,,EMP2103,0.167,Met
TKT11992,2025-06-01,2025-06-01,OK,HR,Bangalore,Access,Medium,Identity & Access Team,Closed,Desktop,17.3,5,EMP2118,0.721,Met
TKT12283,2024-10-19,2024-10-19,OK,Sales,Mumbai,Printer,High,Hardware Support,Resolved,Printer,10.6,5,EMP1704,0.442,Missed
TKT16537,2024-11-14,,OK,Sales,Chennai,Hardware,Medium,Hardware Support,In Progress,Server,0,,EMP1966,0,Met
TKT12536,2024-01-23,2024-01-23,OK,Sales,Bangalore,Software,High,Software Support,Resolved,Desktop,6.9,2,EMP1984,0.288,Met
TKT13121,2025-01-12,,OK,Marketing,Pune,Software,High,Software Support,Open,Laptop,0,,EMP1821,0,Met
TKT13430,2025-01-06,2025-01-07,OK,Operations,Pune,Email,Low,Email & Messaging Team,Closed,Laptop,37.9,5,EMP2366,1.579,Met
TKT15668,2025-04-01,,OK,HR,Bangalore,Network,Medium,Email & Messaging Team,In Progress,Laptop,0,,EMP2022,0,Met
TKT11245,2025-05-03,2025-05-04,OK,Operations,Pune,Software,Medium,Software Support,Resolved,Desktop,28.8,4,EMP1349,1.2,Missed
TKT16651,2025-04-11,2025-04-11,OK,IT,Delhi,Access,Medium,Identity & Access Team,Resolved,Mobile,6.1,5,EMP1080,0.254,Met
TKT15424,2024-07-21,2024-07-18,ERROR,HR ,Hyderabad,Email,Medium,Email & Messaging Team,Resolved,Desktop,33.6,4,EMP2011,1.4,Missed
TKT15989,2024-12-22,2024-12-22,OK,Sales,Chennai,Hardware,Medium,Hardware Support,Closed,Server,8.2,3,EMP1519,0.342,Met
TKT16353,2024-02-28,2024-02-28,OK,Sales,Pune,Hardware,Medium,Hardware Support,Resolved,Server,19.4,,EMP1984,0.808,Met
TKT16988,2024-09-05,2024-09-05,OK,IT,Delhi,Hardware,Medium,Hardware Support,Closed,Server,8.4,5,EMP2112,0.35,Met
TKT14366,2025-02-06,2025-02-06,OK,Operations,Mumbai,Access,Medium,Identity & Access Team,Resolved,Mobile,5.8,,EMP1352,0.242,Met
TKT14983,2025-01-15,2025-01-15,OK,Operations,Delhi,Network,High,Network Support,Resolved,Mobile,7.7,5,EMP1158,0.321,Met
TKT12700,2024-02-26,2024-02-27,OK,Operations,Hyderabad,Hardware,Medium,Network Support,Resolved,Desktop,25.5,5,EMP1674,1.063,Missed
TKT15337,2024-01-08,2024-01-10,OK,Finance,Chennai,Network,medium,Network Support,Resolved,Desktop,63.1,4,EMP2140,2.629,Missed
TKT15814,2024-03-04,2024-03-04,OK,Marketing,Pune,Software,Medium,Software Support,Resolved,Tablet,17.2,3,EMP1345,0.717,Met
TKT14702,2025-03-22,2025-03-22,OK,Marketing,Mumbai,Network,High,Network Support,Resolved,SERVER,11,5,EMP2065,0.458,Missed
TKT14032,2024-10-17,,OK,IT,Pune,Hardware,High,Hardware Support,In Progress,SERVER,0,,EMP1401,0,Met
TKT15546,2024-09-06,2024-09-06,OK,Finance,Delhi,Access,High,Identity & Access Team,Resolved,Laptop,9.7,3,EMP2379,0.404,Missed
TKT15550,2025-05-30,2025-05-30,OK,Finance,Bangalore,Network,High,Network Support,Resolved,Server,8.1,4,EMP1174,0.338,Missed
TKT12744,2024-02-09,,OK,Finance,Bangalore,Email,Medium,Email & Messaging Team,In Progress,Tablet,0,,EMP1223,0,Met
TKT11310,2024-02-12,2024-02-12,OK,IT,Mumbai,network,Medium,Network Support,Resolved,Mobile,17.1,1,EMP2390,0.713,Met
TKT10838,2025-05-14,,OK,Marketing,Mumbai,Printer,Low,Email & Messaging Team,In Progress,Printer,0,,EMP1117,0,Met
TKT12247,2024-10-17,2024-10-17,OK,Admin,Pune,Software,High,Software Support,Resolved,laptop,5,3,EMP1098,0.208,Met
TKT11210,2024-07-03,2024-07-04,OK,Legal,Chennai,Network,Low,Network Support,Resolved,Laptop,32.7,5,EMP2208,1.363,Met
TKT15956,2024-02-27,2024-02-27,OK,Sales,Mumbai,Access,High,Identity & Access Team,Resolved,Desktop,4.7,,EMP1773,0.196,Met
TKT10168,2025-02-15,2025-02-17,OK,Sales,Chennai,Hardware,Low,Hardware Support,Resolved,Laptop,57.8,1,EMP2024,2.408,Missed
TKT16208,2024-12-21,,OK,Sales,Mumbai,Network,Medium,Network Support,Open,Mobile,0,,EMP1131,0,Met
TKT11790,2024-09-22,2024-09-26,OK,HR,Chennai,Hardware,Low,Hardware Support,Resolved,Server,111.2,,EMP2352,4.633,Missed
TKT10809,2025-02-07,2025-02-07,OK,Operations,Mumbai,Software,High,Software Support,Closed,Laptop,3.2,5,EMP1199,0.133,Met
TKT15601,2024-05-26,2024-05-26,OK,Marketing,Delhi,Email,CRITICAL,Email & Messaging Team,Closed,Laptop,2.6,3,EMP1175,0.108,Met
TKT14376,2025-01-01,2025-01-03,OK,Operations,Bangalore,Access,Medium,Identity & Access Team,Resolved,Mobile,64,5,EMP2169,2.667,Missed
TKT12634,2024-09-11,2024-09-12,OK,Operations,Mumbai,Hardware,Low,Hardware Support,Resolved,Desktop,32.9,4,EMP1255,1.371,Met
TKT13310,2025-01-04,2025-01-05,OK,Finance,Delhi,Printer,Medium,Hardware Support,Closed,Printer,40.8,5,EMP2187,1.7,Missed
TKT11437,2024-06-10,2024-06-10,OK,HR,Mumbai,Network,Critical,Network Support,Resolved,Mobile,4.7,4,EMP1433,0.196,Missed
TKT12439,2024-11-13,2024-11-13,OK,Operations,Bangalore,Hardware,Critical,Hardware Support,Resolved,Laptop,3.4,3,EMP1594,0.142,Met
TKT14611,2024-02-19,,OK,Sales,Bangalore,Hardware,Medium,Hardware Support,In Progress,Laptop,0,,EMP1107,0,Met
TKT10051,2024-12-11,2024-12-11,OK,Marketing,Pune,Software,Critical,Software Support,Resolved,Laptop,0,5,EMP1776,0,Met
TKT12848,2024-10-16,2024-10-16,OK,Sales,Chennai,Network,Medium,Network Support,Closed,Laptop,6.9,3,EMP1979,0.288,Met
TKT10494,2025-05-24,2025-05-24,OK,Sales,Hyderabad,Hardware,High,Hardware Support,Closed,Server,3.4,5,EMP2008,0.142,Met
TKT12189,2024-10-20,2024-10-20,OK,Finance,Pune,Network,Medium,Network Support,Resolved,Laptop,18.5,5,EMP1202,0.771,Met
TKT12869,2024-08-29,2024-09-02,OK,Legal,Chennai,Network,Low,Network Support,Resolved,Laptop,117.7,4,EMP1842,4.904,Missed
TKT10864,2025-04-10,2025-04-10,OK,HR,Pune,Hardware,Medium,Hardware Support,Resolved,Laptop,20.4,,EMP2321,0.85,Met
TKT13126,2024-05-06,2024-05-06,OK,Finance,Pune,Hardware,Medium,Hardware Support,Resolved,Desktop,9.8,4,EMP1304,0.408,Met
TKT14185,2024-06-21,2024-06-22,OK,IT,Bangalore,Software,Low,Software Support,Resolved,Desktop,30.4,1,EMP2147,1.267,Met
TKT10106,2024-08-21,2024-08-21,OK,Finance,Delhi,Email,Medium,Email & Messaging Team,Resolved,Desktop,23.8,4,EMP1847,0.992,Met
TKT14018,2024-03-17,2024-03-17,OK,Operations,Pune,Hardware,Medium,Hardware Support,Resolved,Server,21.3,5,EMP1440,0.888,Met
TKT11455,2024-03-08,2024-03-09,OK,Sales,Mumbai,Access,Medium,Identity & Access Team,Resolved,Desktop,40,4,EMP1289,1.667,Missed
TKT13773,2024-07-02,2024-07-02,OK,Legal,Hyderabad,Software,High,Software Support,Resolved,Tablet,10.6,3,EMP2156,0.442,Missed
TKT13103,2024-04-20,2024-04-20,OK,Legal,Mumbai,Software,Critical,Software Support,Resolved,Desktop,3.7,3,EMP2081,0.154,Met
TKT10943,2024-04-14,2024-04-14,OK,Legal,Bangalore,Access,High,Identity & Access Team,Resolved,Laptop,3.2,2,EMP1301,0.133,Met
TKT16726,2024-11-24,2024-11-25,OK,Admin,Pune,Access,Medium,Identity & Access Team,Resolved,Mobile,41.2,,EMP2336,1.717,Missed
TKT16465,2024-09-15,2024-09-16,OK,IT,Chennai,Software,Medium,Software Support,Resolved,Desktop,28.4,4,EMP1147,1.183,Missed
TKT15268,2025-02-10,2025-02-11,OK,IT,Pune,Software,Medium,Software Support,Resolved,Tablet,24,4,EMP1212,1,Met
TKT13417,2024-11-13,2024-11-16,OK,Sales,Delhi,Printer,Low,Hardware Support,Resolved,Printer,87.9,4,EMP2364,3.663,Missed
TKT11367,2024-05-16,2024-05-18,OK,Admin,Pune,Hardware,Medium,Hardware Support,Resolved,Desktop,57.8,3,EMP1398,2.408,Missed
TKT15720,2024-02-22,,OK,HR,Delhi,Software,High,Software Support,In Progress,LAPTOP,0,,EMP1569,0,Met
TKT14532,2024-03-06,2024-03-06,OK,Operations,Bangalore,Email,High,Email & Messaging Team,Resolved,Mobile,15,5,EMP1142,0.625,Missed
TKT12876,2024-11-18,2024-11-18,OK,Sales,Hyderabad,Access,High,Identity & Access Team,Resolved,Mobile,8.8,,EMP1575,0.367,Missed
TKT12397,2024-02-27,,OK,Marketing,Mumbai,Software,Medium,Software Support,In Progress,Desktop,0,,EMP1520,0,Met
TKT12182,2025-03-09,2025-03-10,OK,IT,Mumbai,Software,Low,Software Support,Closed,Laptop,0,,EMP1875,0,Met
TKT15269,2025-04-29,2025-04-29,OK,Finance,Bangalore,Access,Medium,Email & Messaging Team,Resolved,Desktop,16.8,4,EMP2209,0.7,Met
TKT14318,2024-04-17,2024-04-22,OK,Admin,Chennai,Hardware,Low,Hardware Support,Closed,Laptop,124.6,4,EMP1680,5.192,Missed
TKT16065,2024-04-19,2024-04-19,OK,IT,Mumbai,Email,High,Email & Messaging Team,Resolved,laptop,3,,EMP1379,0.125,Met
TKT10913,2025-02-28,,OK,Marketing,Mumbai,Email,Low,Email & Messaging Team,In Progress,laptop,0,,EMP1066,0,Met
TKT14683,2024-04-07,2024-04-08,OK,Operations,Pune,Hardware,Medium,Hardware Support,Resolved,LAPTOP,42.9,4,EMP1239,1.788,Missed
TKT15781,2024-01-02,2024-01-02,OK,Sales,Mumbai,Hardware,Medium,Hardware Support,Resolved,Desktop,3,3,EMP2139,0.125,Met
TKT13677,2025-03-03,2025-03-04,OK,Operations,Pune,Access,Low,Identity & Access Team,Closed,Mobile,40.9,5,EMP2015,1.704,Met
TKT10020,2024-01-16,2024-01-17,OK,HR,Pune,Software,Low,Software Support,Resolved,Tablet,25.4,,EMP1191,1.058,Met
TKT11337,2025-05-16,2025-05-16,OK,Marketing,Mumbai,Software,High,Software Support,Resolved,desktop,3.3,4,EMP2219,0.138,Met
TKT12059,2024-07-07,2024-07-07,OK,Operations,Chennai,Hardware,High,Hardware Support,Resolved,Desktop,7.7,5,EMP2314,0.321,Met
TKT11961,2025-06-19,2025-06-21,OK,Legal,Mumbai,Network,Low,Network Support,Resolved,Server,55.5,,EMP1528,2.313,Missed
TKT13024,2025-01-18,2025-01-18,OK,Operations,Mumbai,Software,Low,Software Support,Resolved,Desktop,13.3,3,EMP1470,0.554,Met
TKT14342,2024-03-30,2024-04-03,OK,Finance,Bangalore,network,Low,Network Support,Resolved,Server,116,5,EMP2040,4.833,Missed
TKT11634,2024-08-23,2024-08-25,OK,Admin,Mumbai,Software,Low,Software Support,Resolved,Laptop,59.5,5,EMP1625,2.479,Missed
TKT11766,2024-07-30,2024-07-31,OK,Sales,Bangalore,Network,Medium,Network Support,Resolved,Desktop,28.8,5,EMP1873,1.2,Missed
TKT13362,2024-12-07,2024-12-07,OK,Marketing,Bangalore,Access,Medium,Identity & Access Team,Resolved,Laptop,4.8,5,EMP1462,0.2,Met
TKT12212,2024-02-02,2024-02-04,OK,Sales,Mumbai,Email,Medium,Email & Messaging Team,Resolved,Desktop,56.1,5,EMP1654,2.338,Missed
TKT16728,2025-01-02,2025-01-03,OK,IT,Chennai,Email,Medium,Email & Messaging Team,Resolved,Desktop,38.5,4,EMP1978,1.604,Missed
TKT13814,2024-10-06,2024-10-10,OK,Sales,Bangalore,Software,Low,Software Support,Resolved,Tablet,114.3,4,EMP1322,4.763,Missed
TKT15476,2024-06-07,2024-06-08,OK,Finance,Delhi,Email,Medium,Email & Messaging Team,Resolved,Mobile,33.1,3,EMP1098,1.379,Missed
TKT11627,2024-12-24,2024-12-25,OK,Sales,Mumbai,Hardware,Medium,Hardware Support,Resolved,Server,34.9,5,EMP2301,1.454,Missed
TKT10799,2024-04-18,2024-04-18,OK,Admin,Bangalore,Software,High,Software Support,Resolved,Tablet,16.5,,EMP1890,0.688,Missed
TKT10975,2024-12-13,2024-12-13,OK,HR,Hyderabad,Software,Medium,Software Support,Resolved,Laptop,10.1,5,EMP1941,0.421,Met
TKT12989,2024-09-05,2024-09-05,OK,Finance,Chennai,Email,High,Email & Messaging Team,Resolved,Mobile,3.7,5,EMP1566,0.154,Met
TKT16159,2025-05-31,2025-05-31,OK,Finance,Bangalore,Hardware,High,Hardware Support,Closed,Laptop,4.1,5,EMP2088,0.171,Met
TKT15469,2025-05-09,,OK,Operations,Delhi,Network,Low,Network Support,Open,Laptop,0,,EMP2313,0,Met
TKT13436,2024-06-16,2024-06-16,OK,Finance,Pune,Hardware,Low,Software Support,Resolved,Server,17.9,4,EMP2029,0.746,Met
TKT14752,2025-03-04,2025-03-05,OK,IT,Delhi,Email, Low,Email & Messaging Team,Resolved,Desktop,34.6,5,EMP1589,1.442,Unknown Priority:  Low
TKT13221,2024-01-22,2024-01-22,OK,Operations,Chennai,Software,Low,Software Support,Closed,Tablet,4,2,EMP2193,0.167,Met
TKT11248,2025-05-21,2025-05-21,OK,HR,Delhi,Hardware,Medium,Hardware Support,Resolved,Desktop,10.1,4,EMP1032,0.421,Met
TKT10266,2024-01-13,2024-01-13,OK,Sales,Bangalore,Software,High,Software Support,Resolved,Tablet,4.3,3,EMP1281,0.179,Met
TKT11730,2024-06-20,2024-06-21,OK,Admin,Pune,Software,Medium,Software Support,Closed,Tablet,29.9,,EMP1290,1.246,Missed
TKT15612,2024-10-21,2024-10-25,OK,Sales,Mumbai,Hardware,Low,Hardware Support,Resolved,Server,105.5,5,EMP2380,4.396,Missed
TKT14574,2024-03-31,2024-03-31,OK,Operations,Delhi,Email,Medium,Email & Messaging Team,Resolved,Laptop,17.3,5,EMP2289,0.721,Met
TKT14727,2024-06-30,2024-07-02,OK,Marketing,Mumbai,NETWORK,Low,Network Support,Resolved,Mobile,68.7,4,EMP1461,2.863,Missed
TKT11574,2025-03-11,2025-03-12,OK,Sales,Chennai,Software,Medium,Software Support,Resolved,Desktop,35.4,,EMP1353,1.475,Missed
TKT11855,2024-11-03,2024-11-04,OK,Operations,Chennai,Hardware,Low,Hardware Support,Resolved,Laptop,33.3,3,EMP2169,1.388,Met
TKT13737,2024-11-20,2024-11-20,OK,Sales,Mumbai,Printer,Medium,Hardware Support,Resolved,Printer,13,,EMP1595,0.542,Met
TKT12705,2024-09-07,,OK,HR,Pune,Access,Medium,Identity & Access Team,Open,Desktop,0,,EMP2286,0,Met
TKT10853,2024-02-14,2024-02-14,OK,Finance,Bangalore,Hardware,Medium,Hardware Support,Closed,Server,5.7,4,EMP1261,0.238,Met
TKT16126,2024-11-13,2024-11-15,OK,Admin,Bangalore,network,medium,Network Support,Resolved,Laptop,64.5,4,EMP2050,2.688,Missed
TKT12590,2025-04-05,2025-04-05,OK,Sales,Chennai,Network,Critical,Email & Messaging Team,Resolved,Mobile,2.4,5,EMP1741,0.1,Met
TKT14080,2024-05-13,,OK,HR,Bangalore,Access,MEDIUM,Identity & Access Team,In Progress,Desktop,0,,EMP1925,0,Met
TKT12571,2025-06-20,2025-06-21,OK,Operations,Pune,Hardware,Low,Hardware Support,Resolved,Laptop,46.5,1,EMP2057,1.938,Met
TKT13342,2024-11-23,2024-11-23,OK,Admin,Chennai,Access,Medium,Identity & Access Team,Resolved,Mobile,18.5,4,EMP1196,0.771,Met
TKT11176,2024-12-24,2024-12-25,OK,Admin,Mumbai,Access,Medium,Identity & Access Team,Resolved,Laptop,41.7,5,EMP1144,1.738,Missed
TKT16440,2024-01-28,2024-01-29,OK,Admin,Chennai,Hardware,Medium,Hardware Support,Resolved,Laptop,39.9,,EMP1961,1.663,Missed
TKT16567,2024-12-18,2024-12-18,OK,Marketing,Pune,Software,Medium,Software Support,Resolved,Tablet,20.3,5,EMP1885,0.846,Met
TKT13989,2024-08-28,2024-08-31,OK,IT,Bangalore,Email,Low,Email & Messaging Team,Resolved,Desktop,78.2,2,EMP1514,3.258,Missed
TKT15100,2024-01-12,2024-01-12,OK,Operations,Hyderabad,Software,High,Software Support,Resolved,Laptop,7.1,2,EMP1693,0.296,Met
TKT14441,2025-01-17,2025-01-17,OK,Operations,Bangalore,Access,Medium,Identity & Access Team,Closed,Laptop,10.2,,EMP1690,0.425,Met
TKT11342,2025-04-15,2025-04-16,OK,Operations,Hyderabad,Hardware,Medium,Hardware Support,Resolved,Desktop,26.7,3,EMP2248,1.113,Missed
TKT16931,2024-08-19,2024-08-19,OK,Sales,Chennai,Access,High,Identity & Access Team,Resolved,Desktop,5.9,5,EMP2017,0.246,Met
TKT11192,2025-06-29,2025-06-30,OK,Finance,Delhi,Email,Medium,Email & Messaging Team,Closed,Desktop,27.7,5,EMP1724,1.154,Missed
TKT11177,2024-10-09,2024-10-09,OK,HR,Mumbai,Access,Medium,Identity & Access Team,Resolved,Laptop,20.3,2,EMP1670,0.846,Met
TKT16722,2025-03-11,2025-03-12,OK,IT,Hyderabad,Network,Medium,Network Support,Resolved,Laptop,25.5,4,EMP1435,1.063,Missed
TKT16462,2024-04-12,2024-04-12,OK,HR,Chennai,Software,High,Software Support,Resolved,Laptop,5.7,3,EMP1750,0.238,Met
TKT10116,2024-03-14,2024-03-14,OK,Sales,Pune,Software,High,Software Support,Closed,Tablet,3.5,,EMP1813,0.146,Met
TKT10438,2024-11-15,2024-11-15,OK,Operations,Pune,Software,Medium,Software Support,Resolved,Laptop,5.9,5,EMP1661,0.246,Met
TKT15060,2024-10-28,2024-10-28,OK,HR,Bangalore,Access,Medium,Identity & Access Team,Resolved,Laptop,5.6,3,EMP1536,0.233,Met
TKT11624,2024-03-22,2024-03-22,OK,Finance,Bangalore,Software,Medium,Software Support,Resolved,Tablet,16,5,EMP1354,0.667,Met
TKT16976,2024-09-20,2024-09-21,OK,Marketing,Mumbai,Hardware,Low,Email & Messaging Team,Closed,Server,31,,EMP1599,1.292,Met
TKT12859,2024-07-19,2024-07-19,OK,Sales,Mumbai,Email,Medium,Email & Messaging Team,Resolved,Tablet,19.5,4,EMP2356,0.813,Met
TKT11728,2024-06-10,2024-06-13,OK,Sales,Hyderabad,Network,Low,Email & Messaging Team,Resolved,Desktop,72.7,4,EMP1850,3.029,Missed
TKT14355,2024-12-03,2024-12-04,OK,Marketing,Bangalore,Printer,Medium,Hardware Support,Resolved,printer,37.2,3,EMP1485,1.55,Missed
TKT13008,2024-07-15,,OK,Finance,Bangalore,Software,High,Software Support,In Progress,Desktop,0,,EMP1410,0,Met
TKT10894,2024-05-12,2024-05-12,OK,Admin,Hyderabad,Printer,Medium,Hardware Support,Resolved,Printer,12.3,5,EMP1902,0.513,Met
TKT14052,2024-11-08,2024-11-08,OK,Admin,Pune,Hardware,Medium,Hardware Support,Resolved,Desktop,13.9,5,EMP1503,0.579,Met
TKT14715,2024-11-29,,OK,Admin,Pune,Printer,Medium,Hardware Support,In Progress,Printer,0,,EMP2044,0,Met
TKT16526,2024-06-04,2024-06-04,OK,Sales,Pune,Access,Medium,Identity & Access Team,Resolved,Desktop,14,5,EMP2190,0.583,Met
TKT12611,2024-08-23,2024-08-25,OK,Finance,Pune,Access,Medium,Identity & Access Team,Closed,Laptop,48,4,EMP1815,2,Missed
TKT13783,2025-05-03,2025-05-04,OK,Marketing,Pune,Network,medium,Network Support,Resolved,laptop,26.9,5,EMP2123,1.121,Missed
TKT13902,2024-03-23,2024-03-24,OK,Legal,Bangalore,Network,Medium,Network Support,Resolved,Mobile,29.5,4,EMP1683,1.229,Missed
TKT11873,2024-01-22,2024-01-23,OK,Sales,Bangalore,Network,Low,Network Support,Closed,Server,44.5,,EMP1951,1.854,Met
TKT12161,2025-03-06,2025-03-07,OK,Sales,Delhi,Hardware,Medium,Hardware Support,Resolved,Desktop,28,4,EMP1984,1.167,Missed
TKT15456,2024-03-03,2024-03-03,OK,Finance,Bangalore,Access,Medium,Identity & Access Team,Closed,Desktop,9.6,2,EMP1183,0.4,Met
TKT11344,2024-10-05,2024-10-05,OK,Sales,Bangalore,Network,Low,Network Support,Resolved,Mobile,2,,EMP1420,0.083,Met
TKT13093,2025-03-15,2025-03-15,OK,Marketing,Pune,Email,Medium,Email & Messaging Team,Resolved,Mobile,9.9,,EMP1195,0.413,Met
TKT12406,2025-04-12,,OK,Finance,Pune,Hardware,Medium,Hardware Support,In Progress,desktop,0,,EMP1233,0,Met
TKT16609,2024-12-21,,OK,Admin,Pune,Printer,Medium,Hardware Support,In Progress,Printer,0,,EMP1781,0,Met
TKT13634,2024-10-29,2024-10-30,OK,Marketing,Bangalore,Email,Medium,Identity & Access Team,Closed,Desktop,25.6,3,EMP1795,1.067,Missed
TKT16052,2024-03-18,,OK,IT,Mumbai,Software,Low,Software Support,In Progress,Laptop,0,,EMP1036,0,Met
TKT16972,2025-05-17,2025-05-17,OK,Legal,Pune,Access,Low,Identity & Access Team,Resolved,Laptop,17.3,5,EMP2007,0.721,Met
TKT10361,2024-10-21,2024-10-22,OK,Legal,Delhi,Email,Medium,Email & Messaging Team,Resolved,Desktop,34,4,EMP2360,1.417,Missed
TKT15234,2025-04-18,2025-04-18,OK,IT,Mumbai,Access,Medium,Identity & Access Team,Resolved,Mobile,3.2,5,EMP1899,0.133,Met
TKT14446,2024-03-04,2024-03-04,OK,Finance,Mumbai,Software,Critical,Software Support,Resolved,Desktop,1,4,EMP1218,0.042,Met
TKT15716,2024-12-31,2024-12-28,ERROR,Operations,Pune,Email,High,Email & Messaging Team,Resolved,Desktop,2.4,3,EMP1415,0.1,Met
TKT15459,2024-10-06,2024-10-07,OK,Marketing,Hyderabad,Software,Medium,Software Support,Resolved,Desktop,30.5,5,EMP1501,1.271,Missed
TKT11050,2024-04-17,2024-04-18,OK,HR,Bangalore,Software,Medium,Software Support,Resolved,Tablet,37.5,4,EMP1871,1.563,Missed
TKT12521,2025-05-01,2025-05-01,OK,IT,Bangalore,Software,High,Software Support,Closed,Desktop,7,3,EMP1685,0.292,Met
TKT12820,2025-06-29,,OK,Sales,Hyderabad,Software,Medium,Software Support,In Progress,Tablet,0,,EMP1586,0,Met
TKT15536,2025-02-06,2025-02-06,OK,IT,Mumbai,Network,Medium,Network Support,Resolved,Server,10.1,,EMP1792,0.421,Met
TKT10132,2025-03-27,2025-03-27,OK,Unknown,Mumbai,network,Low,Network Support,Resolved,Desktop,9,5,EMP1945,0.375,Met
TKT16325,2024-03-15,2024-03-15,OK,IT,Delhi,Network,Medium,Network Support,Resolved,Desktop,7.8,2,EMP1187,0.325,Met
TKT11261,2025-03-16,2025-03-16,OK,IT,Delhi,Network,Critical,Network Support,Resolved,Laptop,4.7,5,EMP1163,0.196,Missed
TKT10908,2024-06-15,2024-06-15,OK,Marketing,Bangalore,Access,High,Identity & Access Team,Resolved,Desktop,1.3,3,EMP2111,0.054,Met
TKT14535,2024-05-21,2024-05-22,OK,IT,Pune,Network,Medium,Network Support,Closed,Server,33.6,,EMP2067,1.4,Missed
TKT14183,2025-03-10,2025-03-10,OK,Operations,Hyderabad,Hardware,High,Hardware Support,Resolved,Desktop,4.9,2,EMP1949,0.204,Met
TKT13037,2025-05-27,2025-05-28,OK,IT,Delhi,Access,Low,Identity & Access Team,Resolved,Laptop,43.1,5,EMP1913,1.796,Met
TKT16847,2024-07-29,2024-07-29,OK,Admin,Pune,Network,Critical,Network Support,Resolved,Desktop,1.4,4,EMP1383,0.058,Met
TKT15032,2024-03-08,2024-03-08,OK,Sales,Bangalore,Hardware,Medium,Hardware Support,Resolved,Desktop,8.2,4,EMP2028,0.342,Met
TKT15425,2024-09-30,2024-09-30,OK,Sales,Bangalore,Hardware,Medium,Hardware Support,Resolved,Server,9.4,,EMP1026,0.392,Met
TKT10874,2025-02-27,2025-02-27,OK,Finance,Hyderabad,Network,Medium,Network Support,Resolved,Mobile,20.9,4,EMP2232,0.871,Met
TKT12486,2024-03-25,2024-03-25,OK,Operations,Delhi,Email,High,Email & Messaging Team,Closed,Desktop,1.6,,EMP2100,0.067,Met
TKT10455,2025-04-16,2025-04-18,OK,Legal,Pune,Email,MEDIUM,Email & Messaging Team,Resolved,Desktop,53.5,3,EMP1728,2.229,Missed
TKT10302,2024-02-20,2024-02-20,OK,Sales,Bangalore,Printer,Medium,Hardware Support,Resolved,PRINTER,3.3,5,EMP1804,0.138,Met
TKT14517,2024-08-25,2024-08-25,OK,Marketing,Bangalore,Printer,Critical,Hardware Support,Resolved,Printer,3.4,,EMP1102,0.142,Met
TKT12692,2025-04-10,2025-04-11,OK,HR,Mumbai,Network,Medium,Network Support,Resolved,Mobile,35.1,,EMP1443,1.463,Missed
TKT11829,2025-02-04,2025-02-04,OK,IT,Bangalore,Access,Critical,Identity & Access Team,Resolved,Mobile,1.9,5,EMP1771,0.079,Met
TKT12421,2025-02-23,2025-02-21,ERROR,Marketing,Mumbai,Printer,High,Hardware Support,Resolved,Printer,10.7,,EMP1687,0.446,Missed
TKT15917,2025-05-05,2025-05-05,OK,Operations,Bangalore,Email,High,Email & Messaging Team,Resolved,Laptop,1.6,5,EMP2028,0.067,Met
TKT15753,2024-08-04,2024-08-04,OK,Operations,Pune,Software,Medium,Software Support,Resolved,Tablet,17.8,5,EMP1662,0.742,Met
TKT13582,2024-05-25,2024-05-25,OK,Marketing,Mumbai,Software,High,Software Support,Resolved,Tablet,5.6,3,EMP1938,0.233,Met
TKT10029,2024-02-15,2024-02-15,OK,IT,Bangalore,Email,Low,Email & Messaging Team,Closed,Tablet,11.3,3,EMP1007,0.471,Met
TKT11237,2025-02-22,2025-02-24,OK,Marketing,Hyderabad,Access,Medium,Identity & Access Team,Resolved,Desktop,56.4,3,EMP1767,2.35,Missed
TKT15480,2024-05-24,2024-05-24,OK,Operations,Mumbai,Network,Medium,Network Support,Resolved,Server,5.5,2,EMP1060,0.229,Met
TKT16872,2024-11-16,2024-11-17,OK,Sales,Pune,Software,Low,Software Support,Resolved,Desktop,45.3,5,EMP2125,1.888,Met
TKT14312,2024-12-13,2024-12-13,OK,Marketing,Bangalore,Network,medium,Network Support,Resolved,LAPTOP,18.8,2,EMP1099,0.783,Met
TKT14910,2024-12-11,2024-12-11,OK,Legal,Pune,Hardware,Critical,NA,Resolved,Server,8.3,5,EMP2298,0.346,Missed
TKT15212,2024-09-09,2024-09-09,OK,Unknown,Pune,Email,Low,Email & Messaging Team,Closed,Laptop,17.3,4,EMP1004,0.721,Met
TKT15093,2025-01-01,2025-01-03,OK,Operations,Mumbai,Software,LOW,Software Support,Resolved,Desktop,55.4,3,EMP1172,2.308,Missed
TKT15233,2024-05-30,2024-05-31,OK,Operations,Chennai,Network,medium,Network Support,Resolved,Desktop,36.9,2,EMP1494,1.538,Missed
TKT12069,2024-06-07,,OK,Admin,Bangalore,Hardware,High,Hardware Support,Open,Server,0,,EMP2204,0,Met
TKT14642,2025-01-25,2025-01-25,OK,Operations,Pune,Software,High,Software Support,Closed,Tablet,11.2,4,EMP1146,0.467,Missed
TKT11605,2024-06-16,2024-06-16,OK,Finance,Pune,Printer,High,Hardware Support,Resolved,Printer,2.1,2,EMP1418,0.088,Met
TKT16356,2024-08-17,2024-08-17,OK,Sales,Pune,network,HIGH,Network Support,Resolved,Server,13.2,5,EMP1129,0.55,Missed
TKT11145,2025-05-31,,OK,Finance,Bangalore,Email,Medium,Email & Messaging Team,Open,Tablet,0,,EMP1669,0,Met
TKT15831,2025-01-28,2025-02-02,OK,Sales,Hyderabad,Network,Low,Network Support,Resolved,Mobile,143.4,,EMP2376,5.975,Missed
TKT15703,2025-04-22,2025-04-22,OK,HR,Delhi,Access,Medium,Identity & Access Team,Resolved,Laptop,15.7,2,EMP2261,0.654,Met
TKT11806,2024-09-07,2024-09-07,OK,Admin,Delhi,Network,High,Network Support,Resolved,Mobile,5.4,5,EMP1948,0.225,Met
TKT13714,2025-04-09,2025-04-10,OK,Sales,Bangalore,Email,Low,Email & Messaging Team,Resolved,Desktop,32.3,5,EMP2373,1.346,Met
TKT10669,2024-07-14,,OK,HR ,Pune,Software,High,Software Support,In Progress,Tablet,0,,EMP1176,0,Met
TKT10138,2025-05-26,2025-05-26,OK,IT,Pune,Hardware,Medium,Hardware Support,Closed,Laptop,20.9,4,EMP2222,0.871,Met
TKT13379,2025-01-24,2025-01-24,OK,Finance,Delhi,Access,High,Identity & Access Team,Resolved,Desktop,5.4,4,EMP2265,0.225,Met
TKT13847,2024-06-12,2024-06-12,OK,Operations,Chennai,Access,High,Identity & Access Team,Closed,Laptop,12.2,2,EMP2021,0.508,Missed
TKT13191,2024-08-16,2024-08-17,OK,IT,Bangalore,Printer,Low,Hardware Support,Closed,PRINTER,28.3,4,EMP1574,1.179,Met
TKT12873,2025-01-19,,OK,Legal,Pune,Software,High,Software Support,In Progress,Laptop,0,,EMP1155,0,Met
TKT10765,2025-01-21,2025-01-21,OK,Operations,Chennai,Hardware,High,Hardware Support,Resolved,Laptop,14.9,,EMP1413,0.621,Missed
TKT13833,2024-04-14,2024-04-14,OK,Finance,Bangalore,Network,High,Network Support,Resolved,Laptop,7.8,4,EMP2160,0.325,Met
TKT10887,2024-04-09,2024-04-10,OK,IT,Mumbai,Network,Medium,Network Support,Closed,Desktop,38.6,5,EMP1678,1.608,Missed
TKT14789,2025-04-15,,OK,IT,Pune,Email,Medium,Identity & Access Team,Open,Mobile,0,,EMP1142,0,Met
TKT14524,2025-02-28,,OK,IT,Chennai,Network,High,Email & Messaging Team,In Progress,Server,0,,EMP1701,0,Met
TKT13336,2024-01-12,2024-01-13,OK,Sales,Pune,Hardware,Medium,Hardware Support,Resolved,Server,30.8,4,EMP1273,1.283,Missed
TKT10024,2024-09-09,2024-09-09,OK,Finance,Bangalore,Email,critical,Email & Messaging Team,Resolved,Desktop,2.6,4,EMP2185,0.108,Met
TKT11598,2024-04-30,2024-04-30,OK,Operations,Chennai,Access,Critical,Identity & Access Team,Resolved,Desktop,3.2,,EMP1529,0.133,Met
TKT13173,2025-02-24,2025-02-24,OK,Marketing,Pune,Access,High,Identity & Access Team,Resolved,Laptop,5.3,2,EMP2019,0.221,Met
TKT15922,2025-05-21,2025-05-22,OK,Operations,Mumbai,Network,Medium,Network Support,Resolved,Desktop,24.5,4,EMP1390,1.021,Missed
TKT14833,2024-03-11,2024-03-11,OK,Operations,Pune,Software,High,Software Support,Resolved,Desktop,15.5,2,EMP2245,0.646,Missed
TKT16121,2024-06-27,2024-06-28,OK,Sales,Mumbai,network,Medium,Network Support,Resolved,Server,46.1,4,EMP2112,1.921,Missed
TKT10293,2025-02-09,2025-02-11,OK,Operations,Pune,Network,medium,Network Support,Resolved,Laptop,54.9,4,EMP2200,2.288,Missed
TKT12332,2024-03-18,2024-03-18,OK,Operations,Pune,Software,High,Software Support,Closed,Laptop,3.9,4,EMP1529,0.163,Met
TKT13195,2024-07-20,2024-07-20,OK,Sales,Chennai,Email,Critical,Identity & Access Team,Closed,Laptop,1.8,3,EMP1939,0.075,Met
TKT10737,2024-07-15,2024-07-15,OK,Operations,Delhi,Hardware,Medium,Hardware Support,Closed,Laptop,18.9,4,EMP2090,0.788,Met
TKT12412,2024-10-22,2024-10-23,OK,Legal,Bangalore,Access,Low,Identity & Access Team,Resolved,Mobile,27.7,2,EMP2366,1.154,Met
TKT13997,2025-05-14,2025-05-14,OK,Admin,Delhi,Email,Medium,Email & Messaging Team,Resolved,Tablet,12,4,EMP1183,0.5,Met
TKT13323,2024-04-17,2024-04-17,OK,Operations,Delhi,Hardware,High,Hardware Support,Resolved,Desktop,14.6,5,EMP1094,0.608,Missed
TKT14257,2025-03-15,,OK,Finance,Mumbai,Network,High,Network Support,In Progress,Laptop,0,,EMP2154,0,Met
TKT12982,2024-07-26,2024-07-26,OK,Admin,Chennai,NETWORK,High,Network Support,Resolved,Desktop,9.5,5,EMP1669,0.396,Missed
TKT10043,2025-06-14,2025-06-14,OK,Finance,Delhi,Access,High,Identity & Access Team,Closed,Laptop,12.7,3,EMP1951,0.529,Missed
TKT13894,2025-05-31,,OK,Legal,Bangalore,Software,critical,Software Support,In Progress,Desktop,0,,EMP2394,0,Met
TKT16890,2025-03-29,2025-03-29,OK,Sales,Mumbai,Software,Medium,Software Support,Resolved,Laptop,15.6,3,EMP1081,0.65,Met
TKT14994,2025-05-17,2025-05-17,OK,Sales,Mumbai,Software,Medium,Software Support,Closed,laptop,10,3,EMP2298,0.417,Met
TKT14311,2024-12-20,2024-12-21,OK,HR,Mumbai,Access,Medium,Identity & Access Team,Resolved,Laptop,41,5,EMP1090,1.708,Missed
TKT11473,2024-01-19,2024-01-19,OK,Admin,Delhi,Software,High,Software Support,Closed,Desktop,12.4,,EMP1086,0.517,Missed
TKT12387,2025-03-04,,OK,Finance,Mumbai,Access,Medium,Identity & Access Team,In Progress,Laptop,0,,EMP1902,0,Met
TKT16326,2024-03-08,,OK,IT,Pune,Printer,High,Hardware Support,Open,Printer,0,,EMP1213,0,Met
TKT13591,2024-05-11,2024-05-11,OK,Operations,Mumbai,Network,High,Network Support,Resolved,Desktop,5.1,,EMP1737,0.213,Met
TKT12393,2024-04-27,2024-04-28,OK,Admin,Bangalore,Network,medium,Network Support,Resolved,Mobile,28.7,,EMP2378,1.196,Missed
TKT15028,2024-09-02,,OK,Operations,Chennai,Software,High,Software Support,In Progress,Tablet,0,,EMP1174,0,Met
TKT16264,2024-03-22,2024-03-22,OK,Sales,Pune,Email,Medium,Email & Messaging Team,Resolved,Tablet,10.5,3,EMP1213,0.438,Met
TKT13437,2024-11-07,2024-11-09,OK,Operations,Pune,Printer,Medium,Hardware Support,Resolved,Printer,59.1,2,EMP1983,2.463,Missed
TKT14989,2024-02-29,2024-02-29,OK,IT,Pune,Access,High,Identity & Access Team,Resolved,Desktop,1.9,4,EMP1936,0.079,Met
TKT12878,2025-01-20,,OK,Admin,Delhi,Network,Medium,Network Support,Open,Desktop,0,,EMP2202,0,Met
TKT14906,2024-12-24,2024-12-25,OK,Marketing,Pune,Hardware,Medium,Hardware Support,Resolved,Server,28.5,3,EMP1171,1.188,Missed
TKT14851,2025-04-10,2025-04-10,OK,Operations,Delhi,network,low,Network Support,Resolved,Mobile,18.7,5,EMP1506,0.779,Met
TKT11833,2024-12-26,2024-12-26,OK,Sales,Pune,Network,Medium,Network Support,Resolved,Mobile,16,,EMP2265,0.667,Met
TKT14429,2024-03-28,2024-03-28,OK,Sales,Bangalore,network,Medium,Network Support,Closed,desktop,9.1,2,EMP1623,0.379,Met
TKT16459,2024-12-06,2024-12-06,OK,Admin,Delhi,Software,Critical,Software Support,Resolved,Desktop,1.2,,EMP1607,0.05,Met
TKT12185,2024-11-07,2024-11-07,OK,Marketing,Delhi,Access,High,Identity & Access Team,Resolved,Desktop,17.7,5,EMP2315,0.738,Missed
TKT13034,2024-07-09,2024-07-11,OK,Finance,Chennai,Hardware,Medium,Hardware Support,Resolved,Laptop,56.6,4,EMP1957,2.358,Missed
TKT10280,2024-06-27,2024-06-25,ERROR,IT,Pune,Hardware,Medium,NA,Resolved,Server,46,,EMP1063,1.917,Missed
TKT16773,2024-11-05,2024-11-06,OK,Operations,Hyderabad,Access,medium,Identity & Access Team,Resolved,Laptop,40.9,3,EMP1659,1.704,Missed
TKT15109,2024-02-04,,OK,HR,Hyderabad,Hardware,High,Hardware Support,In Progress,server,0,,EMP1011,0,Met
TKT16985,2025-05-25,,OK,Sales,Pune,Network,High,Network Support,Open,Laptop,0,,EMP2094,0,Met
TKT10789,2024-08-05,2024-08-05,OK,Sales,Pune,Network,High,Network Support,Resolved,Laptop,2.4,5,EMP1380,0.1,Met
TKT13698,2024-01-05,,OK,Legal,Delhi,Software,Medium,Software Support,Open,Tablet,0,,EMP1676,0,Met
TKT10383,2025-02-18,2025-02-19,OK,Operations,Delhi,Access,Low,Identity & Access Team,Resolved,Mobile,24.1,1,EMP2208,1.004,Met
TKT15309,2025-06-19,2025-06-19,OK,Sales,Mumbai,Software,High,Software Support,Resolved,Desktop,14.4,4,EMP1720,0.6,Missed
TKT14090,2025-01-10,2025-01-10,OK,Marketing,Pune,Network,High,Network Support,Resolved,Desktop,3.8,4,EMP2204,0.158,Met
TKT12654,2024-08-15,,OK,HR,Mumbai,Network,Medium,Network Support,Open,Laptop,0,,EMP1101,0,Met
TKT12906,2024-03-03,2024-03-03,OK,IT,Chennai,Email,High,Email & Messaging Team,Closed,Desktop,8.8,3,EMP1380,0.367,Missed
TKT10185,2024-11-05,,OK,Sales,Hyderabad,Network,Medium,Network Support,Open,Server,0,,EMP2192,0,Met
TKT16089,2024-05-24,,OK,Marketing,Bangalore,Hardware,Medium,Hardware Support,Open,Desktop,0,,EMP1654,0,Met
TKT10237,2024-03-05,2024-03-05,OK,HR,Bangalore,Hardware,Medium,Hardware Support,Closed,Server,13.1,5,EMP2182,0.546,Met
TKT10202,2024-12-06,,OK,Finance,Chennai,Software,Medium,Software Support,In Progress,Laptop,0,,EMP1620,0,Met
TKT10655,2024-09-09,,OK,Marketing,Bangalore,Printer,Medium,Hardware Support,In Progress,Printer,0,,EMP2020,0,Met
TKT10223,2024-05-29,2024-05-30,OK,Admin,Bangalore,NETWORK,Medium,Network Support,Resolved,Server,43.8,3,EMP1129,1.825,Missed
TKT15271,2024-03-26,2024-03-27,OK,Operations,Bangalore,Software,Medium,Software Support,Closed,Laptop,29.7,5,EMP1972,1.238,Missed
TKT15394,2024-05-25,2024-05-25,OK,Marketing,Chennai,Access,Low,Identity & Access Team,Resolved,Laptop,23.5,,EMP2339,0.979,Met
TKT16581,2024-06-12,2024-06-13,OK,Finance,Bangalore,Software,Medium,Software Support,Resolved,Desktop,37.2,5,EMP2142,1.55,Missed
TKT16250,2024-09-23,2024-09-23,OK,Marketing,Pune,Software,Critical,Software Support,Closed,Desktop,5.1,2,EMP2277,0.213,Missed
TKT11914,2025-06-25,2025-06-27,OK,IT,Chennai,Network,Medium,Network Support,Resolved,Mobile,61.1,5,EMP1412,2.546,Missed
TKT10689,2024-02-18,2024-02-19,OK,Sales,Bangalore,Access,Low,Identity & Access Team,Resolved,Mobile,46.5,,EMP2333,1.938,Met
TKT10723,2025-03-25,2025-03-26,OK,Admin,Chennai,Email,Medium,Email & Messaging Team,Closed,Laptop,43.9,4,EMP1195,1.829,Missed
TKT15900,2024-07-14,2024-07-14,OK,Finance,Pune,Email,High,Email & Messaging Team,Resolved,Mobile,1.2,5,EMP1167,0.05,Met
TKT12785,2025-01-17,2025-01-17,OK,Finance,Pune,Access,High,Identity & Access Team,Resolved,Desktop,6.8,2,EMP2376,0.283,Met
TKT13334,2024-08-05,2024-08-05,OK,Marketing,Delhi,Access,Critical,Identity & Access Team,Closed,Desktop,3.4,,EMP1356,0.142,Met
TKT12448,2024-08-23,2024-08-23,OK,HR,Delhi,Hardware,High,Hardware Support,Resolved,Server,10.7,4,EMP1487,0.446,Missed
TKT14800,2024-09-27,2024-09-27,OK,Operations,Pune,Hardware,Low,Hardware Support,Resolved,Laptop,3,4,EMP2296,0.125,Met
TKT12929,2024-07-09,2024-07-09,OK,Operations,Hyderabad,Hardware,Medium,Hardware Support,Closed,Laptop,12.4,,EMP1348,0.517,Met
TKT16067,2025-03-01,2025-03-01,OK,HR,Pune,Hardware,High,Hardware Support,Closed,Server,7.2,,EMP1717,0.3,Met
TKT14346,2025-02-02,2025-02-02,OK,Marketing,Chennai,Access,Medium,Identity & Access Team,Resolved,Desktop,6.8,5,EMP1139,0.283,Met
TKT11607,2024-05-07,2024-05-08,OK,Operations,Hyderabad,Hardware,Low,Hardware Support,Resolved,Desktop,41.2,4,EMP2262,1.717,Met
TKT14734,2024-07-19,2024-07-19,OK,Sales,Pune,Access,medium,Identity & Access Team,Resolved,Desktop,2.6,4,EMP1686,0.108,Met
TKT15966,2025-02-10,2025-02-11,OK,Finance,Mumbai,Software,Medium,Software Support,Closed,Laptop,27.4,4,EMP1411,1.142,Missed
TKT13128,2025-05-03,2025-05-03,OK,Sales,Pune,Hardware,Medium,Hardware Support,Closed,Server,7.6,4,EMP1765,0.317,Met
TKT12551,2025-01-16,,OK,IT,Mumbai,Hardware,Critical,Hardware Support,In Progress,Desktop,0,,EMP1824,0,Met
TKT13009,2024-03-17,2024-03-18,OK,Marketing,Pune,Email,Low,Email & Messaging Team,Resolved,Laptop,38.8,2,EMP1167,1.617,Met
TKT14802,2024-12-01,2024-12-02,OK,Sales,Bangalore,Software,Low,Software Support,Resolved,Laptop,33.4,5,EMP1960,1.392,Met
TKT13330,2024-09-03,2024-09-04,OK,Finance,Mumbai,NETWORK,Medium,Network Support,Resolved,Laptop,28.9,3,EMP2187,1.204,Missed
TKT13549,2025-03-07,2025-03-09,OK,IT,Pune,Software,Low,Software Support,Resolved,Desktop,63.2,,EMP1558,2.633,Missed
TKT16735,2024-03-27,2024-03-29,OK,HR,Chennai,Hardware,Low,Hardware Support,Resolved,Desktop,61.1,3,EMP1531,2.546,Missed
TKT15792,2024-01-30,2024-01-30,OK,Legal,Bangalore,Software,High,Software Support,Resolved,Tablet,14.5,3,EMP2294,0.604,Missed
TKT10384,2024-10-24,2024-10-24,OK,IT,Chennai,Software,Medium,Software Support,Resolved,Desktop,21.4,4,EMP1274,0.892,Met
TKT12147,2025-02-28,2025-03-02,OK,Sales,Chennai,Access,Low,Identity & Access Team,Resolved,Laptop,60.6,4,EMP1783,2.525,Missed
TKT12588,2025-03-25,2025-03-25,OK,IT,Delhi,Hardware,High,Hardware Support,Resolved,Laptop,11.5,4,EMP1444,0.479,Missed
TKT12472,2024-03-23,2024-03-23,OK,Marketing,Mumbai,Hardware,High,Identity & Access Team,Resolved,Desktop,5,4,EMP1631,0.208,Met
TKT11365,2025-03-24,2025-03-24,OK,Operations,Bangalore,Software,High,Software Support,Resolved,Tablet,3,4,EMP1998,0.125,Met
TKT11739,2024-12-18,2024-12-18,OK,Sales,Mumbai,Email,Critical,Email & Messaging Team,Closed,Tablet,1.3,5,EMP1261,0.054,Met
TKT13762,2025-02-08,2025-02-09,OK,Sales,Delhi,Access,Medium,Identity & Access Team,Resolved,Mobile,41.9,3,EMP1604,1.746,Missed
TKT14030,2024-12-23,,OK,Finance,Bangalore,Email,Critical,Email & Messaging Team,In Progress,Laptop,0,,EMP1066,0,Met
TKT16501,2024-04-13,2024-04-14,OK,IT,Delhi,Software,Medium,Software Support,Closed,Desktop,24.6,5,EMP2257,1.025,Missed
TKT14379,2024-11-15,,OK,Admin,Mumbai,Software,High,Software Support,Open,Desktop,0,,EMP1633,0,Met
TKT11714,2025-06-08,2025-06-09,OK,Sales,Delhi,Email,Medium,Email & Messaging Team,Resolved,Desktop,41.6,2,EMP1806,1.733,Missed
TKT10702,2025-05-18,2025-05-22,OK,Operations,Chennai,Software,Low,Software Support,Resolved,Desktop,111.3,3,EMP1047,4.638,Missed
TKT11115,2025-06-07,2025-06-09,OK,Finance,Chennai,Access,Medium,Identity & Access Team,Closed,Desktop,66.2,4,EMP2288,2.758,Missed
TKT11626,2025-06-25,2025-06-25,OK,Legal,Delhi,Software,High,NA,Resolved,Laptop,5.3,5,EMP1514,0.221,Met
TKT13685,2025-05-27,,OK,Finance,Mumbai,Access,Medium,Identity & Access Team,Open,Desktop,0,,EMP2296,0,Met
TKT10682,2024-06-04,2024-06-04,OK,IT,Pune,Hardware,Medium,Hardware Support,Resolved,Server,20.9,3,EMP2084,0.871,Met
TKT10053,2024-08-11,2024-08-11,OK,IT,Chennai,Software,High,Software Support,Resolved,Laptop,6.5,5,EMP1952,0.271,Met
TKT14826,2025-01-29,2025-01-29,OK,Marketing,Pune,Software,Critical,Software Support,Closed,Desktop,6.6,1,EMP1564,0.275,Missed
TKT13229,2024-04-14,2024-04-14,OK,Admin,Mumbai,Network,High,Identity & Access Team,Resolved,Desktop,4.7,5,EMP1945,0.196,Met
TKT10768,2024-01-16,2024-01-16,OK,HR ,Bangalore,Printer,High,Hardware Support,Resolved,Printer,16.6,1,EMP1823,0.692,Missed
TKT10781,2025-03-01,2025-03-05,OK,HR,Hyderabad,network,Low,Network Support,Resolved,Server,100,,EMP1808,4.167,Missed
TKT14239,2024-09-04,2024-09-04,OK,HR,Bangalore,Hardware,Low,Hardware Support,Resolved,Server,9.9,4,EMP1713,0.413,Met
TKT12627,2024-03-01,,OK,Sales,Bangalore,Network,Medium,Network Support,In Progress,Server,0,,EMP1205,0,Met
TKT16611,2024-10-20,2024-10-21,OK,Legal,Chennai,Email,MEDIUM,Email & Messaging Team,Resolved,Laptop,26.9,3,EMP1649,1.121,Missed
TKT11107,2025-04-20,2025-04-20,OK,Admin,Delhi,Hardware,Medium,Hardware Support,Resolved,Desktop,8.2,4,EMP1586,0.342,Met
TKT14263,2025-06-15,2025-06-16,OK,IT,Mumbai,Software,MEDIUM,Software Support,Resolved,Tablet,29.8,4,EMP1562,1.242,Missed
TKT15785,2024-05-07,2024-05-10,OK,Admin,Chennai,Printer,Low,Hardware Support,Resolved,Printer,88.2,5,EMP2031,3.675,Missed
TKT16774,2024-04-12,2024-04-12,OK,IT,Delhi,network,High,Network Support,Resolved,Laptop,4.6,5,EMP1998,0.192,Met
TKT15828,2025-01-12,2025-01-13,OK,Admin,Chennai,Software,Medium,Software Support,Resolved,Laptop,38,5,EMP1457,1.583,Missed
TKT11877,2025-02-15,2025-02-15,OK,IT,Delhi,NETWORK,Critical,Network Support,Resolved,Mobile,3.2,,EMP1286,0.133,Met
TKT13207,2025-01-11,2025-01-12,OK,IT,Mumbai,Hardware,Medium,Hardware Support,Resolved,Laptop,47.3,5,EMP2217,1.971,Missed
TKT13293,2024-06-27,2024-06-28,OK,IT,Chennai,Network,Low,Network Support,Resolved,Mobile,34.6,5,EMP1482,1.442,Met
TKT10105,2025-06-27,2025-06-27,OK,IT,Pune,Network,Medium,Network Support,Resolved,Server,11.2,4,EMP1603,0.467,Met
TKT11633,2024-07-18,2024-07-19,OK,Finance,Chennai,Access,Medium,Identity & Access Team,Resolved,Laptop,28.4,5,EMP1067,1.183,Missed
TKT15927,2024-12-18,2024-12-18,OK,Marketing,Hyderabad,Email,Medium,Hardware Support,Resolved,Desktop,4.4,1,EMP1591,0.183,Met
TKT10180,2024-06-28,,OK,Admin,Pune,Software,Medium,Software Support,In Progress,Laptop,0,,EMP1855,0,Met
TKT10978,2024-08-30,,OK,HR,Pune,Network,Low,Network Support,Open,Desktop,0,,EMP1215,0,Met
TKT12680,2025-06-21,2025-06-22,OK,Operations,Pune,NETWORK,Low,Network Support,Resolved,Server,26.5,5,EMP1921,1.104,Met
TKT11500,2024-03-21,2024-03-21,OK,Finance,Bangalore,network,Critical,Network Support,Resolved,DESKTOP,4.5,4,EMP2234,0.188,Missed
TKT13355,2024-11-09,2024-11-10,OK,IT,Mumbai,Network,Medium,Network Support,Resolved,Laptop,27.2,5,EMP1678,1.133,Missed
TKT13914,2024-02-07,,OK,Marketing,Pune,Access,High,Identity & Access Team,In Progress,Desktop,0,,EMP2199,0,Met
TKT11417,2024-05-02,2024-05-02,OK,Finance,Pune,Access,Medium,Identity & Access Team,Resolved,Mobile,4,5,EMP2374,0.167,Met
TKT11212,2025-05-06,2025-05-06,OK,Sales,Mumbai,Email,High,Email & Messaging Team,Resolved,Mobile,11.8,5,EMP2350,0.492,Missed
TKT13978,2024-03-23,2024-03-24,OK,Sales,Delhi,Software,Low,Software Support,Resolved,Desktop,40.4,,EMP1878,1.683,Met
TKT12838,2025-01-09,,OK,Finance,Delhi,Software,Medium,Software Support,In Progress,Desktop,0,,EMP2245,0,Met
TKT15170,2025-02-23,2025-02-23,OK,Operations,Bangalore,Printer,Medium,Hardware Support,Resolved,Printer,23,5,EMP1379,0.958,Met
TKT16403,2024-04-22,2024-04-22,OK,Sales,Mumbai,Network,Low,Network Support,Closed,Mobile,4.1,4,EMP1103,0.171,Met
TKT16563,2024-05-17,2024-05-17,OK,IT,Delhi,Access,Medium,Network Support,Closed,Laptop,22.1,,EMP2029,0.921,Met
TKT13888,2024-09-21,2024-09-21,OK,Finance,Bangalore,Network,High,Network Support,Resolved,Desktop,6.5,4,EMP1011,0.271,Met
TKT11713,2025-01-12,2025-01-14,OK,Operations,Pune,Network,Medium,Network Support,Resolved,Server,59.6,5,EMP1855,2.483,Missed
TKT13850,2025-02-18,2025-02-18,OK,IT,Delhi,Network,High,Hardware Support,Closed,Server,11.9,1,EMP2011,0.496,Missed
TKT11933,2024-09-21,2024-09-22,OK,Admin,Delhi,Network,Medium,Network Support,Resolved,Server,30.9,1,EMP1639,1.288,Missed
TKT10759,2024-08-10,2024-08-12,OK,HR,Chennai,Software,Medium,Software Support,Closed,Tablet,57.5,5,EMP2010,2.396,Missed
TKT16466,2024-05-15,2024-05-15,OK,Finance,Chennai,Access,High,Identity & Access Team,Resolved,Laptop,2.8,5,EMP1005,0.117,Met
TKT16045,2024-11-18,,OK,IT,Hyderabad,Access,High,Identity & Access Team,In Progress,Desktop,0,,EMP1149,0,Met
TKT15742,2024-05-16,,OK,Legal,Mumbai,Hardware,High,Hardware Support,In Progress,Server,0,,EMP1262,0,Met
TKT13213,2024-05-25,2024-05-26,OK,Operations,Pune,Email,High,Email & Messaging Team,Resolved,Mobile,28.3,2,EMP1846,1.179,Missed
TKT11347,2024-03-07,2024-03-07,OK,HR,Bangalore,Software,Critical,Software Support,Resolved,Laptop,7.7,1,EMP1926,0.321,Missed
TKT10800,2025-05-02,2025-05-02,OK,Finance,Hyderabad,Hardware,Medium,Hardware Support,Resolved,Server,22,3,EMP2373,0.917,Met
TKT10252,2025-05-11,2025-05-11,OK,Legal,Bangalore,Hardware,High,Hardware Support,Resolved,Laptop,6.1,,EMP1703,0.254,Met
TKT16223,2024-05-31,2024-06-01,OK,Legal,Mumbai,Email,Medium,Email & Messaging Team,Closed,Desktop,47.8,2,EMP1556,1.992,Missed
TKT13363,2024-10-03,2024-10-03,OK,Legal,Hyderabad,Access,Critical,Identity & Access Team,Resolved,Desktop,1,5,EMP1121,0.042,Met
TKT16048,2024-02-05,2024-02-05,OK,IT,Bangalore,Access, Medium,Identity & Access Team,Resolved,Desktop,13.5,5,EMP1156,0.563,Unknown Priority:  Medium
TKT13993,2025-03-14,2025-03-14,OK,IT,Bangalore,network,High,Network Support,Resolved,Mobile,8.7,4,EMP1322,0.363,Missed
TKT12314,2024-02-13,2024-02-13,OK,Finance,Bangalore,Hardware,High,Hardware Support,Resolved,Server,5.6,2,EMP2278,0.233,Met
TKT10542,2024-01-01,2024-01-01,OK,Finance,Pune,Access,Medium,Identity & Access Team,Resolved,Desktop,15.6,3,EMP1077,0.65,Met
TKT12817,2024-11-22,2024-11-23,OK,Marketing,Pune,Email,Medium,Email & Messaging Team,Resolved,Tablet,46.4,5,EMP1611,1.933,Missed
TKT13021,2025-03-29,2025-03-29,OK,Marketing,Hyderabad,Access,High,Identity & Access Team,Resolved,Mobile,7.8,,EMP1517,0.325,Met
TKT11009,2025-03-12,2025-03-12,OK,Sales,Pune,Network,high,NA,Resolved,Mobile,7.4,4,EMP1579,0.308,Met
TKT14537,2024-11-03,,OK,HR,Mumbai,Printer,Low,Network Support,In Progress,Printer,0,,EMP2180,0,Met
TKT14329,2024-12-26,,OK,Legal,Delhi,Email,Low,Email & Messaging Team,Open,Tablet,0,,EMP1389,0,Met
TKT15095,2025-05-27,2025-05-29,OK,Operations,Pune,Printer,Low,Hardware Support,Closed,Printer,70.5,2,EMP2000,2.938,Missed
TKT16724,2024-08-10,2024-08-07,ERROR,Finance,Delhi,Software,Low,Software Support,Resolved,Desktop,32.6,5,EMP2073,1.358,Met
TKT11208,2024-08-11,2024-08-11,OK,Marketing,Mumbai,Network,HIGH,Network Support,Resolved,Mobile,12.6,5,EMP1707,0.525,Missed
TKT10017,2024-08-31,2024-08-31,OK,HR,Pune,Access,High,Identity & Access Team,Resolved,Desktop,8.4,3,EMP1570,0.35,Missed
TKT15770,2025-04-14,2025-04-14,OK,Operations,Delhi,Access,Medium,Identity & Access Team,Resolved,Laptop,11.4,1,EMP1684,0.475,Met
TKT10312,2025-01-16,,OK,Operations,Pune,Email,High,Email & Messaging Team,In Progress,Tablet,0,,EMP1041,0,Met
TKT10207,2025-05-17,2025-05-17,OK,Marketing,Hyderabad,Hardware,Medium,Hardware Support,Resolved,Server,12.5,5,EMP1943,0.521,Met
TKT11293,2024-11-06,,OK,Marketing,Chennai,Email,Medium,Email & Messaging Team,In Progress,Mobile,0,,EMP1911,0,Met
TKT14831,2025-01-13,2025-01-16,OK,Operations,Delhi,Email,Low,Email & Messaging Team,Closed,Desktop,80.5,5,EMP1197,3.354,Missed
TKT12303,2024-07-16,2024-07-16,OK,Marketing,Pune,Hardware,Medium,Hardware Support,Closed,Laptop,5.9,5,EMP1910,0.246,Met
TKT15517,2024-04-24,2024-04-24,OK,Operations,Mumbai,network,High,Network Support,Resolved,Desktop,4.7,5,EMP1180,0.196,Met
TKT16009,2025-05-30,,OK,Sales,Mumbai,Hardware,Medium,Hardware Support,Open,Desktop,0,,EMP1754,0,Met
TKT16583,2024-03-16,2024-03-17,OK,Finance,Bangalore,Access,Medium,Identity & Access Team,Closed,Mobile,25.8,,EMP1850,1.075,Missed
TKT11427,2024-11-09,2024-11-09,OK,Operations,Delhi,Hardware,High,Hardware Support,Resolved,laptop,10.2,5,EMP1870,0.425,Missed
TKT13151,2024-05-03,2024-05-03,OK,HR,Bangalore,Hardware,Medium,Hardware Support,Resolved,Server,13.7,,EMP1582,0.571,Met
TKT15795,2024-01-17,2024-01-17,OK,IT,Bangalore,Hardware,Medium,Hardware Support,Resolved,Laptop,22.4,3,EMP1435,0.933,Met
TKT11133,2025-04-28,2025-04-28,OK,HR,Delhi,Access,High,Identity & Access Team,Closed,Desktop,5.2,5,EMP1210,0.217,Met
TKT15528,2024-01-30,2024-01-30,OK,Operations,Bangalore,Access,High,Identity & Access Team,Resolved,Desktop,7.9,5,EMP2040,0.329,Met
TKT10671,2025-03-18,2025-03-19,OK,Marketing,Pune,Software,Low,Software Support,Resolved,Laptop,40.8,5,EMP1851,1.7,Met
TKT13030,2024-03-12,2024-03-12,OK,Marketing,Mumbai,Hardware,High,Hardware Support,Resolved,Server,6.8,,EMP1109,0.283,Met
TKT10403,2024-01-06,,OK,Operations,Chennai,Software,Medium,Software Support,Open,Desktop,0,,EMP1186,0,Met
TKT14737,2024-01-31,2024-02-01,OK,Legal,Hyderabad,Network,Medium,Network Support,Resolved,Laptop,31,5,EMP1359,1.292,Missed
TKT15018,2025-05-13,2025-05-13,OK,Operations,Hyderabad,Software,Critical,Software Support,Resolved,Desktop,3.1,1,EMP2353,0.129,Met
TKT16389,2024-11-25,,OK,Finance,Chennai,Email,Low,Email & Messaging Team,Open,Tablet,0,,EMP1691,0,Met
TKT12485,2024-09-25,2024-09-25,OK,IT,Mumbai,Hardware,High,Hardware Support,Resolved,Laptop,2.5,5,EMP1577,0.104,Met
TKT16874,2024-10-11,,OK,Operations,Pune,Network,Critical,Email & Messaging Team,In Progress,Desktop,0,,EMP2183,0,Met
TKT11363,2024-07-17,2024-07-17,OK,IT,Chennai,Software,Critical,Identity & Access Team,Resolved,Laptop,1.3,,EMP1635,0.054,Met
TKT15071,2024-05-05,2024-05-05,OK,Marketing,Pune,Hardware,Medium,Hardware Support,Resolved,Desktop,16,4,EMP2396,0.667,Met
TKT13204,2024-08-06,2024-08-06,OK,Admin,Chennai,Software,High,Software Support,Resolved,Tablet,3.5,3,EMP2308,0.146,Met
TKT16001,2025-02-25,,OK,Admin,Delhi,Access,Critical,Identity & Access Team,In Progress,Laptop,0,,EMP1365,0,Met
TKT11194,2024-08-12,2024-08-12,OK,Sales,Pune,Software,Medium,Software Support,Resolved,Desktop,18.5,,EMP1502,0.771,Met
TKT15015,2025-05-17,,OK,IT,Hyderabad,Network,Medium,Network Support,In Progress,Desktop,0,,EMP1111,0,Met
TKT11172,2024-08-23,2024-08-23,OK,Sales,Delhi,Software,Medium,Software Support,Resolved,Tablet,10.5,3,EMP2087,0.438,Met
TKT16380,2024-03-08,2024-03-09,OK,Operations,Hyderabad,Network,Medium,Network Support,Resolved,Desktop,25.2,3,EMP2314,1.05,Missed
TKT16321,2024-07-28,2024-07-28,OK,HR,Chennai,Printer,High,Hardware Support,Resolved,Printer,4.9,,EMP1769,0.204,Met
TKT12762,2025-02-24,2025-02-27,OK,IT,Mumbai,Software,Low,Software Support,Resolved,Laptop,74.9,2,EMP1232,3.121,Missed
TKT16060,2025-05-14,2025-05-14,OK,HR,Pune,Network,High,Network Support,Resolved,Mobile,3,4,EMP1352,0.125,Met
TKT13057,2024-03-20,2024-03-21,OK,IT,Mumbai,Access,Medium,Identity & Access Team,Resolved,Desktop,24.9,5,EMP1126,1.038,Missed
TKT16134,2024-09-15,2024-09-15,OK,Operations,Pune,Software,High,Software Support,Resolved,Laptop,5.7,3,EMP1434,0.238,Met
TKT12432,2024-04-10,2024-04-11,OK,Operations,Mumbai,Network,Medium,Network Support,Resolved,Server,28.1,4,EMP1425,1.171,Missed
TKT16629,2025-01-12,2025-01-12,OK,Sales,Hyderabad,Access,High,Identity & Access Team,Resolved,Laptop,15.3,5,EMP2214,0.638,Missed
TKT14719,2025-04-01,2025-04-02,OK,Finance,Bangalore,Access,Low,Identity & Access Team,Closed,Mobile,26.4,4,EMP1863,1.1,Met
TKT13863,2025-02-17,2025-02-20,OK,Finance,Bangalore,Network,Medium,Network Support,Closed,Laptop,95.2,1,EMP2329,3.967,Missed
TKT11408,2024-05-20,2024-05-20,OK,Finance,Mumbai,Hardware,Critical,Network Support,Closed,Laptop,7.2,5,EMP2075,0.3,Missed
TKT15642,2025-05-21,2025-05-21,OK,Finance,Pune,Hardware,Critical,Hardware Support,Resolved,Server,1.8,4,EMP2344,0.075,Met
TKT12650,2024-09-05,2024-09-05,OK,Marketing,Bangalore,Network,High,Identity & Access Team,Resolved,Laptop,1.5,4,EMP2136,0.063,Met
TKT14226,2025-06-06,2025-06-06,OK,Sales,Mumbai,Printer,Medium,Hardware Support,Resolved,Printer,13.2,1,EMP1968,0.55,Met
TKT16926,2024-02-15,2024-02-15,OK,Marketing,Chennai,Software,High,Software Support,Resolved,Tablet,16.5,,EMP2167,0.688,Missed
TKT16719,2024-05-15,2024-05-16,OK,HR,Pune,Hardware,Medium,Identity & Access Team,Resolved,Server,38,5,EMP2306,1.583,Missed
TKT15750,2024-11-18,2024-11-18,OK,Operations,Pune,Hardware,High,Hardware Support,Resolved,Server,2.8,2,EMP2271,0.117,Met
TKT14859,2024-09-16,2024-09-16,OK,Admin,Pune,Access,Medium,Identity & Access Team,Resolved,Laptop,6.4,4,EMP1945,0.267,Met
TKT16055,2024-03-06,2024-03-06,OK,Marketing,Pune,Access,High,Identity & Access Team,Resolved,Desktop,5.7,5,EMP1862,0.238,Met
TKT14740,2024-10-28,2024-10-29,OK,Legal,Delhi,Access,Medium,Identity & Access Team,Closed,Mobile,26.8,,EMP1288,1.117,Missed
TKT11465,2024-12-01,2024-12-01,OK,Legal,Delhi,Printer,Low,Hardware Support,Closed,Printer,18.1,5,EMP1797,0.754,Met
TKT15638,2024-07-21,2024-07-22,OK,Marketing,Hyderabad,Printer,Medium,Hardware Support,Closed,Printer,0,4,EMP1534,0,Met
TKT16534,2025-03-09,2025-03-09,OK,Operations,Mumbai,Software,High,Software Support,Resolved,Laptop,1.5,4,EMP1738,0.063,Met
TKT14703,2024-06-08,2024-06-08,OK,IT,Chennai,Hardware,Critical,Hardware Support,Resolved,Server,0.9,,EMP1015,0.038,Met
TKT12779,2024-09-13,2024-09-14,OK,IT,Chennai,Hardware,Medium,Hardware Support,Resolved,Server,33.3,5,EMP1961,1.388,Missed
TKT14963,2025-03-04,2025-03-05,OK,Admin,Pune,Software,Medium,Software Support,Resolved,Laptop,33.6,,EMP1112,1.4,Missed
TKT13252,2025-04-29,2025-04-29,OK,Sales,Delhi,Software,Medium,Software Support,Resolved,Desktop,10.3,3,EMP1107,0.429,Met
TKT16928,2025-06-13,2025-06-13,OK,IT,Pune,Software,Medium,Software Support,Resolved,Desktop,13.8,4,EMP2268,0.575,Met
TKT11659,2024-02-16,2024-02-16,OK,IT,Pune,Email,High,Email & Messaging Team,Closed,Tablet,21.7,4,EMP1653,0.904,Missed
TKT15577,2024-04-28,2024-04-29,OK,Operations,Hyderabad,Hardware,Medium,Hardware Support,Resolved,Server,29,4,EMP1608,1.208,Missed
TKT16801,2024-03-07,2024-03-07,OK,Unknown,Mumbai,Network,High,Network Support,Resolved,Server,2,4,EMP1106,0.083,Met
TKT14783,2024-08-01,2024-08-01,OK,IT,Delhi,Access,medium,Identity & Access Team,Closed,Laptop,13.7,,EMP1842,0.571,Met
TKT13670,2025-03-23,2025-03-23,OK,Finance,Delhi,Access,High,Identity & Access Team,Resolved,Mobile,7.8,3,EMP1182,0.325,Met
TKT14788,2024-03-10,2024-03-10,OK,Operations,Bangalore,Access,Medium,Identity & Access Team,Resolved,Desktop,11.9,,EMP2122,0.496,Met
TKT15693,2025-06-04,2025-06-04,OK,IT,Bangalore,Network,High,Network Support,Resolved,Mobile,7.4,3,EMP2345,0.308,Met
TKT12337,2025-01-31,,OK,Sales,Bangalore,Email,Medium,Email & Messaging Team,Open,Tablet,0,,EMP1580,0,Met
TKT12414,2025-02-10,2025-02-10,OK,Finance,Mumbai,Access,High,Identity & Access Team,Resolved,Mobile,23.7,3,EMP2089,0.988,Missed
TKT13791,2025-02-20,2025-02-20,OK,Marketing,Mumbai,Access,High,Identity & Access Team,Resolved,Desktop,11.5,5,EMP1038,0.479,Missed
TKT13651,2025-04-25,2025-04-27,OK,Marketing,Delhi,Access,Low,Identity & Access Team,Resolved,DESKTOP,53.6,4,EMP1933,2.233,Missed
TKT15089,2024-06-20,2024-06-20,OK,Marketing,Bangalore,Printer,Critical,Hardware Support,Resolved,Printer,0,4,EMP1346,0,Met
TKT12318,2024-01-29,2024-01-30,OK,Operations,Pune,Network,Medium,Network Support,Closed,Laptop,41.9,,EMP1681,1.746,Missed
TKT11488,2025-01-02,2025-01-02,OK,Admin,Bangalore,Hardware,Critical,Hardware Support,Resolved,Laptop,5.4,4,EMP2115,0.225,Missed
TKT10086,2024-03-21,2024-03-23,OK,IT,Mumbai,Network,Medium,Network Support,Resolved,Desktop,50.6,,EMP2248,2.108,Missed
TKT10200,2025-03-02,2025-03-02,OK,Sales,Chennai,Hardware,Medium,Hardware Support,Resolved,Laptop,12.2,4,EMP2141,0.508,Met
TKT16533,2024-08-20,2024-08-20,OK,Admin,Bangalore,Email,High,Email & Messaging Team,Resolved,Tablet,2.3,2,EMP2236,0.096,Met
TKT12903,2025-03-21,2025-03-22,OK,Operations,Bangalore,Email,Medium,Email & Messaging Team,Resolved,Mobile,34.4,4,EMP2007,1.433,Missed
TKT11756,2025-03-16,2025-03-16,OK,Marketing,Pune,Access,High,Identity & Access Team,Resolved,Laptop,10.4,4,EMP2270,0.433,Missed
TKT14151,2024-07-04,2024-07-05,OK,Finance,Bangalore,Email,Medium,Email & Messaging Team,Resolved,Laptop,31.1,5,EMP1118,1.296,Missed
TKT11872,2024-02-18,2024-02-20,OK,Marketing,Chennai,Email,Medium,Email & Messaging Team,Resolved,Laptop,50.1,4,EMP1758,2.088,Missed
TKT15509,2025-05-28,2025-05-29,OK,HR,Bangalore,Hardware,Medium,Hardware Support,Resolved,Desktop,31.4,4,EMP1662,1.308,Missed
TKT14912,2025-04-19,2025-04-19,OK,Sales,Chennai,Hardware,High,Hardware Support,Resolved,Server,12.4,,EMP2082,0.517,Missed
TKT11312,2024-04-04,2024-04-04,OK,Admin,Bangalore,network,Critical,Network Support,Resolved,laptop,1,5,EMP1169,0.042,Met
TKT13641,2025-04-08,,OK,Sales,Mumbai,Access,Medium,Identity & Access Team,In Progress,Mobile,0,,EMP1238,0,Met
TKT13835,2024-02-01,2024-02-02,OK,Operations,Mumbai,Network,High,Network Support,Resolved,Laptop,25.4,4,EMP1233,1.058,Missed
TKT15316,2025-05-16,2025-05-17,OK,Sales,Mumbai,Email,Medium,Email & Messaging Team,Resolved,Laptop,37,4,EMP1448,1.542,Missed
TKT12097,2024-10-15,2024-10-15,OK,HR ,Hyderabad,Access,Medium,Identity & Access Team,Closed,Mobile,10.7,3,EMP1455,0.446,Met
TKT11546,2024-09-03,2024-09-03,OK,Sales,Chennai,Printer, High,Hardware Support,Resolved,Printer,4.3,4,EMP1209,0.179,Unknown Priority:  High
TKT10779,2025-03-13,2025-03-13,OK,Sales,Bangalore,Hardware,High,Identity & Access Team,Closed,Laptop,1.8,5,EMP1170,0.075,Met
TKT10210,2024-01-17,2024-01-17,OK,Sales,Mumbai,Software,Medium,Software Support,Resolved,Desktop,21.9,4,EMP1013,0.913,Met
TKT10988,2024-03-13,2024-03-15,OK,Finance,Bangalore,Access,Medium,Identity & Access Team,Resolved,Laptop,54.7,4,EMP1852,2.279,Missed
TKT15374,2024-10-13,2024-10-13,OK,Admin,Delhi,Network,medium,Network Support,Resolved,Server,21.5,5,EMP2053,0.896,Met
TKT14485,2024-03-05,,OK,Legal,Delhi,Printer, Medium,Hardware Support,Open,Printer,0,,EMP1774,0,Unknown Priority:  Medium
TKT15597,2025-04-07,2025-04-08,OK,Operations,Pune,Network,Medium,Network Support,Resolved,mobile,42.5,4,EMP2051,1.771,Missed
TKT16838,2024-06-27,2024-06-27,OK,Sales,Bangalore,Access,Medium,Identity & Access Team,Resolved,laptop,22,4,EMP1665,0.917,Met
TKT16819,2025-03-19,2025-03-19,OK,Admin,Bangalore,Network,MEDIUM,Network Support,Resolved,Laptop,23.3,4,EMP2120,0.971,Met
TKT10722,2024-12-08,2024-12-08,OK,IT,Pune,Software,Critical,Software Support,Resolved,Laptop,1,4,EMP1512,0.042,Met
TKT13132,2024-03-21,2024-03-21,OK,Marketing,Mumbai,Printer,Medium,Hardware Support,Closed,Printer,7.9,2,EMP1939,0.329,Met
TKT15217,2024-12-27,2024-12-29,OK,Operations,Hyderabad,Software,Medium,NA,Resolved,Tablet,63.9,5,EMP1324,2.663,Missed
TKT16083,2024-08-30,,OK,IT,Pune,Hardware,Low,Hardware Support,In Progress,Desktop,0,,EMP2209,0,Met
TKT10326,2024-08-16,2024-08-16,OK,Operations,Delhi,Network,Medium,Network Support,Resolved,Laptop,18.3,5,EMP1628,0.763,Met
TKT10959,2024-01-01,2024-01-01,OK,Finance,Mumbai,Access,Critical,Identity & Access Team,Resolved,Desktop,1.9,4,EMP1102,0.079,Met
TKT11048,2025-05-20,2025-05-20,OK,Sales,Mumbai,network,Medium,Network Support,Resolved,Desktop,7.6,5,EMP1516,0.317,Met
TKT12662,2024-08-01,2024-08-01,OK,IT,Delhi,Printer,High,Email & Messaging Team,Resolved,Printer,4.7,4,EMP2163,0.196,Met
TKT16909,2024-06-21,,OK,Operations,Pune,Network,High,Network Support,Open,Server,0,,EMP1589,0,Met
TKT16662,2024-07-06,2024-07-06,OK,Finance,Pune,Hardware,Critical,Hardware Support,Resolved,Server,9.2,5,EMP1054,0.383,Missed
TKT16191,2025-06-26,2025-06-27,OK,Marketing,Bangalore,Email,medium,NA,Resolved,Laptop,28.8,4,EMP1698,1.2,Missed
TKT10242,2025-05-21,2025-05-21,OK,Legal,Hyderabad,Software,High,Software Support,Resolved,Tablet,1.7,4,EMP1837,0.071,Met
TKT11244,2024-10-14,2024-10-15,OK,HR,Pune,Email,Medium,Email & Messaging Team,Resolved,Tablet,31.6,,EMP1510,1.317,Missed
TKT15403,2024-06-02,2024-06-05,OK,Finance,Hyderabad,Access,Low,Identity & Access Team,Resolved,Mobile,76.9,,EMP1704,3.204,Missed
TKT11223,2025-05-15,,OK,Operations,Pune,Access,Critical,Identity & Access Team,In Progress,Laptop,0,,EMP1136,0,Met
TKT13832,2024-10-15,2024-10-15,OK,Sales,Delhi,Email,High,Email & Messaging Team,Resolved,Tablet,3.2,4,EMP1205,0.133,Met
TKT11823,2025-04-10,2025-04-11,OK,IT,Pune,Software, Medium,Software Support,Resolved,Desktop,25,4,EMP1214,1.042,Unknown Priority:  Medium
TKT14356,2024-09-23,2024-09-23,OK,Admin,Pune,Network,Medium,Network Support,Resolved,Server,12,,EMP2013,0.5,Met
TKT16749,2024-02-02,2024-02-02,OK,Sales,Bangalore,Software,Medium,Software Support,Resolved,Desktop,4,,EMP1023,0.167,Met
TKT13627,2024-05-12,2024-05-12,OK,Operations,Hyderabad,Hardware,Medium,Hardware Support,Resolved,Server,8.6,4,EMP2119,0.358,Met
TKT10289,2025-02-01,2025-02-03,OK,Marketing,Mumbai,Email,Low,Email & Messaging Team,Resolved,Desktop,58.2,,EMP1726,2.425,Missed
TKT15964,2024-02-13,2024-02-13,OK,HR,Hyderabad,Software,Medium,Software Support,Resolved,Tablet,9.6,4,EMP1397,0.4,Met
TKT13577,2024-11-26,2024-11-27,OK,Marketing,Mumbai,Hardware,Medium,Hardware Support,Closed,Server,27,3,EMP1389,1.125,Missed
TKT14391,2025-06-16,2025-06-16,OK,Operations,Pune,Software,Critical,Software Support,Resolved,Laptop,4.6,2,EMP1027,0.192,Missed
TKT15766,2024-01-31,2024-01-31,OK,Operations,Hyderabad,Email,High,Email & Messaging Team,Resolved,Mobile,10.7,5,EMP2379,0.446,Missed
TKT14212,2024-10-08,2024-10-09,OK,Marketing,Pune,Software,Low,NA,Resolved,Tablet,27.1,,EMP1672,1.129,Met
TKT12428,2024-12-15,2024-12-15,OK,Finance,Bangalore,Network,Medium,Network Support,Resolved,Server,18.7,,EMP1862,0.779,Met
TKT14286,2025-03-30,2025-03-30,OK,Operations,Pune,Printer,High,Hardware Support,Resolved,Printer,11.5,4,EMP1576,0.479,Missed
TKT15454,2024-07-20,2024-07-20,OK,Marketing,Mumbai,Printer,Medium,Hardware Support,Resolved,Printer,15.6,5,EMP1745,0.65,Met
TKT13060,2024-11-13,2024-11-13,OK,Finance,Pune,Hardware, High,Hardware Support,Resolved,Desktop,0.7,4,EMP2165,0.029,Unknown Priority:  High
TKT12721,2025-06-04,2025-06-04,OK,HR,Pune,Network,Critical,Network Support,Resolved,Desktop,1.5,3,EMP1299,0.063,Met
TKT15244,2025-04-28,2025-05-01,OK,Marketing,Bangalore,Hardware,Low,Hardware Support,Resolved,Desktop,85.8,4,EMP1878,3.575,Missed
TKT13013,2024-02-16,2024-02-16,OK,Sales,Delhi,Hardware,High,Hardware Support,Resolved,Server,6.5,4,EMP1371,0.271,Met
TKT11838,2024-07-13,2024-07-14,OK,Sales,Mumbai,Software,Medium,Software Support,Resolved,Tablet,38.7,4,EMP2363,1.613,Missed
TKT15653,2025-02-03,2025-02-04,OK,Sales,Pune,Access,Medium,Identity & Access Team,Resolved,Laptop,37.4,4,EMP1140,1.558,Missed
TKT14146,2025-01-21,2025-01-21,OK,Operations,Pune,Software,High,Software Support,Resolved,Laptop,4.5,5,EMP2311,0.188,Met
TKT14616,2025-04-30,2025-04-30,OK,Admin,Pune,Software,CRITICAL,Software Support,Resolved,Desktop,3.1,2,EMP1274,0.129,Met
TKT14251,2025-01-01,2025-01-01,OK,Finance,Mumbai,Software,Low,NA,Resolved,Laptop,8.4,4,EMP1822,0.35,Met
TKT11620,2024-12-21,2024-12-21,OK,HR,Mumbai,Access,Critical,Identity & Access Team,Resolved,DESKTOP,0.4,,EMP1468,0.017,Met
TKT11508,2024-05-01,2024-05-01,OK,Operations,Hyderabad,Network,medium,Network Support,Resolved,Mobile,17.3,2,EMP1928,0.721,Met
TKT16524,2024-04-07,2024-04-07,OK,Legal,Pune,Network,High,Network Support,Resolved,Server,6.4,3,EMP2266,0.267,Met
TKT12843,2024-07-08,2024-07-08,OK,Admin,Pune,Access,Medium,Identity & Access Team,Resolved,Laptop,4.3,5,EMP1189,0.179,Met
TKT16878,2024-06-05,,OK,Operations,Chennai,Email,Medium,Email & Messaging Team,Open,Desktop,0,,EMP1235,0,Met
TKT13395,2025-03-24,2025-03-24,OK,Admin,Bangalore,Network,Critical,Network Support,Resolved,Server,3.9,3,EMP1001,0.163,Met
TKT15652,2024-10-22,2024-10-22,OK,Admin,Delhi,Software,Medium,Software Support,Resolved,Tablet,13,3,EMP1226,0.542,Met
TKT16607,2024-11-03,2024-11-03,OK,Sales,Delhi,Software,Low,Software Support,Closed,Tablet,12,5,EMP1950,0.5,Met
TKT13986,2024-04-03,2024-04-03,OK,Marketing,Mumbai,Hardware,High,Hardware Support,Closed,Server,8.3,1,EMP1493,0.346,Missed
TKT14768,2024-05-24,2024-05-24,OK,Sales,Delhi,Network, Medium,Network Support,Resolved,Mobile,20.6,4,EMP2188,0.858,Unknown Priority:  Medium
TKT15393,2024-02-09,,OK,Operations,Bangalore,Software,Medium,Software Support,In Progress,Laptop,0,,EMP2392,0,Met
TKT13115,2025-01-27,,OK,HR,Pune,Access,High,Identity & Access Team,Open,Laptop,0,,EMP1132,0,Met
TKT10852,2024-07-14,2024-07-14,OK,HR ,Mumbai,Email,High,Email & Messaging Team,Resolved,Laptop,3.4,5,EMP1395,0.142,Met
TKT11934,2024-11-03,,OK,Legal,Delhi,Email,Low,Email & Messaging Team,In Progress,Desktop,0,,EMP1784,0,Met
TKT15796,2025-04-12,2025-04-12,OK,Legal,Bangalore,Access,High,Identity & Access Team,Closed,Desktop,1.2,,EMP1683,0.05,Met
TKT16391,2025-06-07,2025-06-07,OK,Marketing,Chennai,Hardware,Medium,Hardware Support,Resolved,Laptop,18.7,5,EMP2369,0.779,Met
TKT11181,2024-10-09,2024-10-10,OK,Operations,Chennai,Printer,Medium,Hardware Support,Closed,Printer,29,4,EMP1515,1.208,Missed
TKT15705,2024-09-24,2024-09-24,OK,Sales,Hyderabad,Software,Medium,Software Support,Resolved,Laptop,6.4,,EMP2197,0.267,Met
TKT16286,2025-01-13,2025-01-13,OK,Finance,Delhi,Access,Medium,Identity & Access Team,Resolved,Laptop,23.2,4,EMP1034,0.967,Met
TKT15114,2025-06-21,2025-06-21,OK,Sales,Bangalore,Hardware,Medium,Hardware Support,Resolved,Server,8.8,,EMP1746,0.367,Met
TKT13158,2024-09-16,,OK,Legal,Delhi,Printer, High,Network Support,In Progress,Printer,0,,EMP1325,0,Unknown Priority:  High
TKT15006,2024-09-17,2024-09-17,OK,IT,Bangalore,Hardware,medium,Hardware Support,Closed,Server,13.3,5,EMP1843,0.554,Met
TKT10087,2024-01-10,2024-01-10,OK,Marketing,Mumbai,Email,High,Email & Messaging Team,Resolved,Mobile,1.7,,EMP1952,0.071,Met
TKT12668,2025-06-03,2025-06-03,OK,Sales,Bangalore,Network,High,Network Support,Closed,Desktop,6.6,4,EMP1024,0.275,Met
TKT16280,2024-02-23,2024-02-24,OK,HR,Mumbai,network,Low,Network Support,Resolved,Mobile,26.8,5,EMP1155,1.117,Met
TKT10283,2024-02-21,,OK,Sales,Pune,Email,Low,Email & Messaging Team,Open,Laptop,0,,EMP1344,0,Met
TKT12410,2024-09-03,2024-09-04,OK,Operations,Chennai,Access,Medium,Identity & Access Team,Closed,Laptop,25.5,2,EMP2197,1.063,Missed
TKT15736,2024-12-31,2024-12-31,OK,Operations,Pune,Network,Medium,Network Support,Resolved,Desktop,13.1,4,EMP1608,0.546,Met
TKT12419,2025-02-14,2025-02-14,OK,HR,Bangalore,Software,Critical,Software Support,Resolved,Desktop,0,5,EMP2335,0,Met
TKT13443,2025-04-23,2025-04-23,OK,HR,Bangalore,Network,Critical,Network Support,Resolved,Server,3.6,3,EMP1904,0.15,Met
TKT16435,2025-02-18,2025-02-18,OK,Finance,Chennai,Software,Medium,Software Support,Resolved,Tablet,16.7,,EMP1887,0.696,Met
TKT14406,2025-01-29,2025-01-29,OK,Finance,Delhi,Hardware,High,Hardware Support,Resolved,Laptop,9,4,EMP1299,0.375,Missed
TKT16755,2024-10-15,2024-10-15,OK,IT,Mumbai,Printer,High,Hardware Support,Resolved,Printer,7.7,4,EMP2240,0.321,Met
TKT11081,2024-12-07,2024-12-07,OK,Sales,Hyderabad,Email,Low,Hardware Support,Resolved,Desktop,15.3,,EMP1110,0.638,Met
TKT16185,2024-10-01,2024-10-02,OK,Marketing,Pune,Network,Low,Network Support,Resolved,Laptop,38.8,5,EMP1390,1.617,Met
TKT12836,2024-02-24,2024-02-25,OK,Sales,Chennai,Hardware,MEDIUM,Hardware Support,Resolved,Desktop,43.6,,EMP1656,1.817,Missed
TKT16075,2024-08-23,2024-08-25,OK,Sales,Pune,Email,Medium,Software Support,Resolved,Mobile,54.7,5,EMP2398,2.279,Missed
TKT13941,2024-07-18,2024-07-19,OK,Sales,Mumbai,Access,Medium,Identity & Access Team,Resolved,Mobile,36.8,2,EMP1796,1.533,Missed
TKT15348,2024-03-31,2024-03-31,OK,Sales,Bangalore,Software,High,Software Support,Resolved,Laptop,7.5,4,EMP2031,0.313,Met
TKT10130,2024-05-14,2024-05-14,OK,Finance,Chennai,Network,Medium,Network Support,Resolved,Laptop,18.9,3,EMP2223,0.788,Met
TKT14038,2024-04-29,2024-04-29,OK,Admin,Bangalore,Software,Low,Software Support,Resolved,Laptop,4.9,5,EMP1540,0.204,Met
TKT10837,2025-05-09,2025-05-11,OK,Sales,Mumbai,Network,Low,Network Support,Resolved,Laptop,59.9,1,EMP1601,2.496,Missed
TKT16041,2024-02-05,2024-02-07,OK,HR,Hyderabad,Email,Medium,Email & Messaging Team,Closed,Laptop,61.1,3,EMP1323,2.546,Missed
TKT10945,2025-01-13,2025-01-11,ERROR,Finance,Bangalore,Network,Medium,Network Support,Resolved,Laptop,2.4,4,EMP1200,0.1,Met
TKT16070,2024-06-14,2024-06-14,OK,Finance,Chennai,Printer,High,Hardware Support,Resolved,Printer,7.3,2,EMP1703,0.304,Met
TKT12970,2024-02-17,2024-02-17,OK,Marketing,Pune,Email,Medium,Email & Messaging Team,Resolved,Tablet,16.4,4,EMP1255,0.683,Met
TKT13120,2024-11-21,2024-11-21,OK,Marketing,Delhi,Email,High,Email & Messaging Team,Resolved,Tablet,16.6,5,EMP2217,0.692,Missed
TKT16868,2024-03-07,2024-03-08,OK,IT,Chennai,Printer,Low,Hardware Support,Resolved,Printer,33.1,5,EMP2007,1.379,Met
TKT13154,2024-11-30,2024-12-01,OK,Marketing,Bangalore,Printer,Medium,Hardware Support,Resolved,Printer,45.7,,EMP2242,1.904,Missed
TKT16420,2025-02-10,2025-02-11,OK,Admin,Mumbai,Network,Medium,Network Support,Resolved,Mobile,35.4,5,EMP1412,1.475,Missed
TKT15040,2024-06-10,2024-06-12,OK,Finance,Mumbai,Access,Medium,Identity & Access Team,Closed,Mobile,54.2,,EMP1937,2.258,Missed
TKT15965,2024-09-21,2024-09-22,OK,Admin,Bangalore,Hardware,Medium,Hardware Support,Closed,Server,33,5,EMP1112,1.375,Missed
TKT10406,2024-02-06,2024-02-06,OK,Operations,Mumbai,Network,Medium,Network Support,Resolved,Desktop,13.7,1,EMP1736,0.571,Met
TKT12660,2024-04-20,2024-04-21,OK,Operations,Pune,Software, Medium,Software Support,Closed,Laptop,28.4,4,EMP1760,1.183,Unknown Priority:  Medium
TKT13325,2024-09-08,,OK,Admin,Bangalore,Network,Low,Network Support,In Progress,Server,0,,EMP2393,0,Met
TKT15677,2025-01-30,2025-01-31,OK,Legal,Hyderabad,Software,medium,Software Support,Resolved,Laptop,33.1,4,EMP1858,1.379,Missed
TKT10787,2024-12-18,2024-12-18,OK,Legal,Bangalore,Access,Medium,Identity & Access Team,Resolved,Laptop,16,3,EMP1292,0.667,Met
TKT13153,2025-01-07,2025-01-07,OK,Sales,Mumbai,Hardware,Medium,Hardware Support,Resolved,Server,20,2,EMP2278,0.833,Met
TKT15887,2025-03-26,2025-03-26,OK,Operations,Pune,Access,Medium,Identity & Access Team,Closed,Desktop,6.2,5,EMP1524,0.258,Met
TKT16548,2025-06-29,2025-06-29,OK,Operations,Bangalore,Email,Medium,Email & Messaging Team,Resolved,Mobile,7.7,5,EMP1607,0.321,Met
TKT16140,2024-05-20,2024-05-21,OK,HR,Pune,Email,Medium,Network Support,Resolved,Tablet,27.7,3,EMP2050,1.154,Missed
TKT11302,2025-02-21,2025-02-22,OK,Sales,Mumbai,Hardware,Low,Hardware Support,Resolved,Desktop,31.2,,EMP1737,1.3,Met
TKT15928,2024-03-03,2024-03-03,OK,Sales,Pune,Email,Medium,Email & Messaging Team,Resolved,Mobile,13.3,4,EMP1205,0.554,Met
TKT14852,2024-06-14,2024-06-14,OK,Finance,Mumbai,Hardware,Medium,Email & Messaging Team,Resolved,Server,16.9,5,EMP2290,0.704,Met
TKT13283,2024-04-23,2024-04-23,OK,Sales,Bangalore,Network,Low,Network Support,Resolved,Laptop,22.2,5,EMP1885,0.925,Met
TKT16312,2024-05-02,2024-05-02,OK,Legal,Bangalore,Email,Medium,Email & Messaging Team,Resolved,Laptop,8.1,5,EMP2233,0.338,Met
TKT15225,2024-10-04,2024-10-06,OK,IT,Delhi,Network,Low,Network Support,Closed,Laptop,48.7,,EMP2128,2.029,Missed
TKT10969,2024-05-03,2024-05-03,OK,Admin,Chennai,Software,High,Software Support,Resolved,laptop,5.6,3,EMP2064,0.233,Met
TKT13005,2025-02-23,2025-02-24,OK,Admin,Pune,Software,medium,Software Support,Resolved,Laptop,30.3,,EMP1396,1.263,Missed
TKT10996,2025-02-24,2025-02-24,OK,Marketing,Bangalore,Hardware,Medium,Hardware Support,Resolved,Laptop,7,2,EMP2273,0.292,Met
TKT13331,2024-10-25,2024-10-26,OK,Finance,Pune,Access,Medium,Identity & Access Team,Resolved,Laptop,24.9,3,EMP1009,1.038,Missed
TKT13668,2024-06-05,2024-06-06,OK,IT,Bangalore,Access,Medium,Identity & Access Team,Resolved,Laptop,26.2,,EMP1590,1.092,Missed
TKT16527,2025-01-29,2025-01-29,OK,Operations,Hyderabad,Printer,LOW,Hardware Support,Resolved,Printer,14.5,4,EMP1866,0.604,Met
TKT11669,2024-10-12,2024-10-15,OK,Sales,Bangalore,Software,Low,Software Support,Resolved,Laptop,72.9,4,EMP1967,3.038,Missed
TKT12316,2024-07-28,2024-07-29,OK,Marketing,Pune,Software,Low,Software Support,Resolved,Tablet,40,4,EMP1990,1.667,Met
TKT11217,2024-02-15,2024-02-15,OK,Sales,Chennai,Access,Medium,Identity & Access Team,Resolved,Laptop,15.6,5,EMP1439,0.65,Met
TKT13187,2024-03-19,2024-03-20,OK,Sales,Chennai,Access,High,Identity & Access Team,Closed,desktop,28.2,4,EMP2070,1.175,Missed
TKT14918,2024-03-29,2024-03-29,OK,Operations,Mumbai,Hardware, Critical,Hardware Support,Resolved,Server,2.8,3,EMP1405,0.117,Unknown Priority:  Critical
TKT12516,2025-02-07,2025-02-10,OK,Operations,Bangalore,Software,Low,Software Support,Resolved,Laptop,77.7,4,EMP2010,3.238,Missed
TKT16694,2024-07-11,2024-07-11,OK,Operations,Pune,Software,Medium,Software Support,Closed,Tablet,6.8,3,EMP1578,0.283,Met
TKT15554,2024-03-11,2024-03-11,OK,Admin,Mumbai,Hardware,Medium,Hardware Support,Closed,Desktop,7.1,3,EMP1647,0.296,Met
TKT11895,2025-05-09,2025-05-09,OK,IT,Bangalore,Network,Medium,Network Support,Resolved,Laptop,13.7,5,EMP2261,0.571,Met
TKT14977,2024-01-30,2024-01-31,OK,Finance,Pune,Email,Medium,Email & Messaging Team,Resolved,Mobile,27.7,4,EMP2232,1.154,Missed
TKT16497,2024-06-29,2024-06-30,OK,HR,Chennai,Software,Low,Software Support,Closed,Desktop,24.4,2,EMP1032,1.017,Met
TKT12581,2024-12-04,2024-12-06,OK,Operations,Mumbai,Email,Medium,Email & Messaging Team,Resolved,Desktop,56.4,4,EMP1752,2.35,Missed
TKT16031,2024-07-29,2024-07-31,OK,Admin,Chennai,Printer,Low,Hardware Support,Resolved,Printer,51.2,3,EMP2206,2.133,Missed
TKT10008,2024-09-26,2024-09-26,OK,Marketing,Mumbai,Email,Medium,Email & Messaging Team,Closed,Desktop,13.6,4,EMP2197,0.567,Met
TKT15624,2024-10-06,2024-10-07,OK,Operations,Delhi,Hardware,Low,Software Support,Resolved,Server,29.5,2,EMP1290,1.229,Met
TKT11978,2024-11-25,2024-11-25,OK,IT,Chennai,Hardware,High,Hardware Support,Resolved,Laptop,1.5,5,EMP1842,0.063,Met
TKT11373,2025-02-13,2025-02-14,OK,Legal,Mumbai,Email,Low,Email & Messaging Team,Resolved,Mobile,33.3,3,EMP1858,1.388,Met
TKT13410,2024-10-15,2024-10-16,OK,Operations,Bangalore,Email,Low,Email & Messaging Team,Resolved,Laptop,30.6,4,EMP1109,1.275,Met
TKT13129,2025-05-31,2025-05-31,OK,IT,Bangalore,Network,High,Network Support,Resolved,Mobile,6.6,4,EMP1253,0.275,Met
TKT10677,2025-05-30,2025-05-30,OK,HR,Bangalore,Printer,Medium,Hardware Support,Resolved,Printer,12.4,4,EMP1065,0.517,Met
TKT14070,2024-07-31,2024-07-31,OK,HR,Bangalore,Access,Medium,Identity & Access Team,Resolved,Desktop,4.6,4,EMP2349,0.192,Met
TKT10472,2025-03-12,2025-03-13,OK,Sales,Hyderabad,Software,Medium,Software Support,Resolved,Laptop,30.7,,EMP1639,1.279,Missed
TKT11246,2024-12-18,,OK,Admin,Mumbai,Software,Medium,Software Support,Open,Laptop,0,,EMP1695,0,Met
TKT15354,2024-11-02,2024-11-02,OK,Sales,Mumbai,Hardware,Medium,Hardware Support,Closed,Laptop,14.7,4,EMP1997,0.613,Met
TKT13929,2024-01-11,2024-01-11,OK,Operations,Chennai,Email,High,Email & Messaging Team,Resolved,Laptop,4.9,5,EMP1839,0.204,Met
TKT13973,2025-01-17,2025-01-18,OK,Operations,Pune,Hardware,Medium,Hardware Support,Resolved,Laptop,39.4,3,EMP2167,1.642,Missed
TKT13078,2024-09-12,2024-09-12,OK,IT,Hyderabad,Hardware,Medium,Email & Messaging Team,Closed,Server,16,4,EMP1188,0.667,Met
TKT15395,2024-04-02,2024-04-03,OK,Legal,Hyderabad,Software,Low,Software Support,Closed,Laptop,38.7,,EMP2279,1.613,Met
TKT16257,2024-10-24,2024-10-25,OK,Sales,Delhi,Network,Medium,Network Support,Resolved,Server,27.9,,EMP1639,1.163,Missed
TKT10251,2025-02-11,2025-02-11,OK,Marketing,Chennai,Email,High,Network Support,Closed,Laptop,3.2,,EMP1446,0.133,Met
TKT12264,2024-08-16,2024-08-16,OK,Operations,Delhi,Software,High,Software Support,Resolved,Tablet,4.1,5,EMP1046,0.171,Met
TKT12005,2024-11-21,2024-11-22,OK,Finance,Pune,Network,Medium,Network Support,Resolved,Server,30.2,5,EMP1192,1.258,Missed
TKT14404,2024-02-04,2024-02-04,OK,Admin,Pune,Network,Critical,Network Support,Resolved,Mobile,7,3,EMP1004,0.292,Missed
TKT10973,2024-02-04,2024-02-05,OK,Sales,Bangalore,Network,Medium,Network Support,Resolved,Laptop,44.9,5,EMP2321,1.871,Missed
TKT10732,2025-04-22,2025-04-22,OK,Finance,Chennai,Email,Medium,Email & Messaging Team,Resolved,Desktop,15.4,4,EMP2277,0.642,Met
TKT16707,2024-12-08,,OK,Finance,Pune,Access,Medium,Identity & Access Team,Open,Laptop,0,,EMP1003,0,Met
TKT13508,2024-06-10,,OK,Operations,Pune,Email,Low,Email & Messaging Team,Open,Laptop,0,,EMP1854,0,Met
TKT16664,2024-09-08,2024-09-08,OK,Operations,Chennai,Hardware,Medium,NA,Resolved,Laptop,12.1,5,EMP1014,0.504,Met
TKT16068,2024-02-18,2024-02-16,ERROR,Admin,Pune,Network,Medium,Network Support,Resolved,Server,16.4,1,EMP1712,0.683,Met
TKT15489,2025-05-26,2025-05-26,OK,Operations,Chennai,Software,Medium,Software Support,Resolved,Tablet,22.9,5,EMP1681,0.954,Met
TKT13758,2025-05-21,2025-05-21,OK,Sales,Pune,Printer,High,NA,Resolved,Printer,1.7,4,EMP1386,0.071,Met
TKT10617,2024-12-31,2025-01-06,OK,Unknown,Delhi,Network,Low,Network Support,Resolved,Laptop,151.4,5,EMP1843,6.308,Missed
TKT11907,2024-01-18,,OK,IT,Pune,Software,Medium,Software Support,In Progress,Tablet,0,,EMP2194,0,Met
TKT14042,2024-04-15,2024-04-15,OK,IT,Pune,Network,High,Network Support,Resolved,Mobile,2.1,5,EMP1053,0.088,Met
TKT11524,2024-06-24,2024-06-26,OK,HR,Delhi,Access,Low,Identity & Access Team,Resolved,Desktop,57.6,,EMP1826,2.4,Missed
TKT13764,2025-05-01,2025-05-01,OK,IT,Pune,Email,Critical,Email & Messaging Team,Resolved,Laptop,7,5,EMP1672,0.292,Missed
TKT10725,2025-02-24,2025-02-24,OK,Sales,Pune,Network,Critical,Network Support,Resolved,Mobile,4.7,,EMP1477,0.196,Missed
TKT10512,2025-06-04,2025-06-04,OK,Sales,Mumbai,Hardware,High,Hardware Support,Resolved,Server,4.1,5,EMP1210,0.171,Met
TKT14827,2024-02-18,2024-02-18,OK,Finance,Pune,Access,High,Identity & Access Team,Resolved,Laptop,1.4,4,EMP2047,0.058,Met
TKT13014,2024-09-30,,OK,Sales,Mumbai,Network,Medium,Network Support,Open,Mobile,0,,EMP1743,0,Met
TKT10847,2024-05-29,,OK,Legal,Delhi,Network,High,Network Support,Open,Server,0,,EMP1873,0,Met
TKT11866,2025-06-16,2025-06-16,OK,Admin,Mumbai,Access,Medium,Identity & Access Team,Resolved,Mobile,11.3,,EMP1258,0.471,Met
TKT11589,2025-03-17,2025-03-18,OK,Marketing,Pune,Software,Low,Software Support,Resolved,Desktop,36.1,3,EMP2352,1.504,Met
TKT15999,2024-03-08,2024-03-08,OK,Sales,Bangalore,Access,Medium,Identity & Access Team,Closed,Desktop,12.4,,EMP2125,0.517,Met
TKT11904,2024-04-23,,OK,Legal,Mumbai,Email,Medium,Email & Messaging Team,Open,Laptop,0,,EMP2166,0,Met
TKT10158,2024-06-06,2024-06-06,OK,Marketing,Bangalore,NETWORK,High,Network Support,Resolved,Desktop,10.8,5,EMP1350,0.45,Missed
TKT11132,2025-03-29,2025-03-29,OK,Admin,Bangalore,Network,Critical,Network Support,Resolved,Server,3.3,4,EMP1701,0.138,Met
TKT11920,2025-04-12,2025-04-12,OK,Finance,Bangalore,Access,High,Identity & Access Team,Resolved,Mobile,8.7,5,EMP2191,0.363,Missed
TKT16807,2024-01-25,2024-01-25,OK,Admin,Pune,Network,Low,Email & Messaging Team,Resolved,Mobile,19.8,4,EMP1800,0.825,Met
TKT15145,2024-04-29,2024-04-29,OK,Sales,Bangalore,Software,High,Software Support,Resolved,Tablet,3.6,5,EMP1191,0.15,Met
TKT13785,2024-03-22,2024-03-22,OK,Admin,Delhi,Hardware,Medium,Identity & Access Team,Resolved,Server,1.3,5,EMP1915,0.054,Met
TKT12351,2024-04-10,2024-04-10,OK,Unknown,Mumbai,NETWORK,Medium,Network Support,Resolved,Mobile,14.9,4,EMP2042,0.621,Met
TKT15174,2024-11-28,2024-11-28,OK,HR,Chennai,Hardware,High,Hardware Support,Resolved,Laptop,13.2,3,EMP1720,0.55,Missed
TKT13041,2024-04-30,2024-05-01,OK,Legal,Chennai,Access,Medium,Identity & Access Team,Resolved,Mobile,24.9,5,EMP1925,1.038,Missed
TKT14690,2025-01-28,2025-01-25,ERROR,Operations,Pune,Software,Low,Software Support,Resolved,Desktop,103,2,EMP1769,4.292,Missed
TKT13286,2024-11-16,2024-11-17,OK,Marketing,Hyderabad,Email,Low,Email & Messaging Team,Resolved,Laptop,28.7,,EMP2384,1.196,Met
TKT12175,2025-06-15,2025-06-15,OK,Admin,Mumbai,Hardware,Medium,Hardware Support,Resolved,Server,8.5,,EMP1461,0.354,Met
TKT12153,2024-04-22,2024-04-22,OK,Legal,Bangalore,Software,Low,Software Support,Resolved,Laptop,15.9,4,EMP1429,0.663,Met
TKT14885,2024-07-26,,OK,Operations,Pune,Email,Low,Email & Messaging Team,Open,Mobile,0,,EMP1793,0,Met
TKT13352,2025-04-03,2025-04-03,OK,Marketing,Hyderabad,Software,High,Software Support,Closed,Desktop,1.3,4,EMP2352,0.054,Met
TKT10909,2024-04-16,,OK,Marketing,Delhi,Software,Medium,Software Support,Open,Laptop,0,,EMP1183,0,Met
TKT16514,2025-01-06,2025-01-06,OK,Sales,Bangalore,Email,Medium,Email & Messaging Team,Resolved,Desktop,4.1,5,EMP1784,0.171,Met
TKT16668,2025-04-27,2025-04-29,OK,IT,Chennai,Hardware,Low,Hardware Support,Resolved,Laptop,60.4,5,EMP2148,2.517,Missed
TKT13709,2025-06-30,2025-06-26,ERROR,Sales,Mumbai,Email,Medium,Email & Messaging Team,Resolved,Mobile,42.4,2,EMP1439,1.767,Missed
TKT12173,2024-05-15,2024-05-20,OK,Admin,Mumbai,Access,LOW,Identity & Access Team,Resolved,Laptop,126.2,3,EMP1449,5.258,Missed
TKT11995,2024-06-26,2024-06-26,OK,Marketing,Hyderabad,Software,High,Software Support,Resolved,Laptop,7.4,,EMP1013,0.308,Met
TKT13016,2024-07-29,2024-07-30,OK,Finance,Pune,Hardware,Medium,NA,Resolved,Desktop,44.5,5,EMP2280,1.854,Missed
TKT14706,2024-01-09,2024-01-13,OK,Sales,Pune,Email,LOW,Email & Messaging Team,Resolved,Mobile,100.7,5,EMP1210,4.196,Missed
TKT10670,2025-03-31,2025-03-31,OK,IT,Bangalore,Software,Critical,Software Support,Closed,Laptop,2.8,5,EMP1993,0.117,Met
TKT10015,2024-07-24,,OK,Finance,Bangalore,Software,High,Software Support,Open,Desktop,0,,EMP1638,0,Met
TKT10522,2025-03-01,2025-03-01,OK,HR,Chennai,Access,Low,Identity & Access Team,Resolved,Laptop,8.4,,EMP1933,0.35,Met
TKT16633,2024-09-22,2024-09-22,OK,IT,Bangalore,Network,Medium,Network Support,Closed,Desktop,20.7,3,EMP1644,0.863,Met
TKT16242,2025-02-24,2025-02-26,OK,Admin,Chennai,Software,Low,Software Support,Resolved,Desktop,57,5,EMP1130,2.375,Missed
TKT16131,2024-10-22,2024-10-22,OK,Finance,Mumbai,Network,Medium,Network Support,Resolved,Mobile,16.4,4,EMP1191,0.683,Met
TKT13897,2024-12-20,,OK,Finance,Pune,Hardware,Medium,Hardware Support,In Progress,Server,0,,EMP1529,0,Met
TKT10836,2025-03-08,,OK,Operations,Hyderabad,Network,Medium,Network Support,Open,Server,0,,EMP2014,0,Met
TKT13425,2024-03-09,2024-03-09,OK,HR,Mumbai,Hardware,Critical,Hardware Support,Resolved,Desktop,2.9,5,EMP2215,0.121,Met
TKT16189,2024-12-22,2024-12-24,OK,Marketing,Chennai,Printer,Medium,Identity & Access Team,Resolved,Printer,54.1,4,EMP1174,2.254,Missed
TKT13311,2024-11-18,2024-11-18,OK,Finance,Chennai,Access,Medium,Identity & Access Team,Resolved,mobile,14.8,5,EMP1314,0.617,Met
TKT13291,2024-10-13,2024-10-13,OK,HR,Pune,Hardware,High,Hardware Support,Resolved,desktop,3.1,5,EMP1755,0.129,Met
TKT14540,2024-07-12,2024-07-12,OK,IT,Bangalore,Network,High,Network Support,Resolved,Mobile,3.4,2,EMP2389,0.142,Met
TKT10618,2024-06-22,2024-06-24,OK,IT,Delhi,Software,Low,Software Support,Resolved,desktop,48.2,1,EMP1040,2.008,Missed
TKT12695,2025-05-08,,OK,Operations,Hyderabad,Printer,High,Hardware Support,In Progress,Printer,0,,EMP2247,0,Met
TKT13264,2025-04-14,2025-04-14,OK,Sales,Bangalore,Software,Medium,Software Support,Resolved,Desktop,21.3,2,EMP1894,0.888,Met
TKT15918,2024-09-09,,OK,Operations,Chennai,Email,Medium,Email & Messaging Team,In Progress,Mobile,0,,EMP2302,0,Met
TKT15021,2024-04-12,,OK,Sales,Bangalore,Hardware,Medium,Hardware Support,In Progress,Desktop,0,,EMP1173,0,Met
TKT11631,2024-10-27,2024-11-05,OK,Operations,Hyderabad,Software,Low,Software Support,Resolved,Laptop,218.6,5,EMP2321,9.108,Missed
TKT15106,2025-06-10,2025-06-11,OK,HR,Mumbai,Hardware,Low,Hardware Support,Resolved,Desktop,0,4,EMP2244,0,Met
TKT10323,2024-11-23,2024-11-23,OK,Marketing,Pune,Software,High,Software Support,Resolved,Tablet,6.9,1,EMP2394,0.288,Met
TKT16979,2024-11-06,2024-11-06,OK,Sales,Mumbai,Hardware,Low,Hardware Support,Resolved,Laptop,18.6,1,EMP1170,0.775,Met
TKT11242,2024-06-03,2024-06-03,OK,Finance,Hyderabad,Email,High,Email & Messaging Team,Resolved,Mobile,2.2,2,EMP1436,0.092,Met
TKT10330,2025-03-20,2025-03-20,OK,IT,Delhi,Network,Medium,Network Support,Resolved,Laptop,4.5,4,EMP2297,0.188,Met
TKT12911,2025-02-13,,OK,HR,Bangalore,Hardware,Low,Hardware Support,Open,Server,0,,EMP1326,0,Met
TKT13868,2024-02-27,,OK,Legal,Bangalore,Network,Low,Network Support,In Progress,SERVER,0,,EMP1104,0,Met
TKT11771,2025-06-29,2025-06-30,OK,Sales,Pune,Access,Medium,Identity & Access Team,Resolved,Mobile,37.1,4,EMP2315,1.546,Missed
TKT11336,2025-04-10,,OK,Admin,Chennai,Printer,Critical,Hardware Support,In Progress,Printer,0,,EMP2127,0,Met
TKT12177,2024-02-03,2024-02-03,OK,HR,Mumbai,Hardware,Critical,Hardware Support,Resolved,Desktop,7.4,2,EMP1732,0.308,Missed
TKT15783,2024-04-03,2024-04-04,OK,HR,Bangalore,Network,Low,Network Support,Resolved,SERVER,43.2,,EMP1359,1.8,Met
TKT12022,2024-07-21,2024-07-21,OK,Sales,Bangalore,Hardware,High,Hardware Support,Resolved,Laptop,5.4,4,EMP1840,0.225,Met
TKT16115,2024-03-21,2024-03-21,OK,IT,Hyderabad,NETWORK,High,Network Support,Resolved,Laptop,15.8,4,EMP1331,0.658,Missed
TKT16553,2025-01-21,2025-01-22,OK,Sales,Delhi,Network,Medium,Network Support,Resolved,Server,24,4,EMP2014,1,Met
TKT15277,2024-07-24,2024-07-24,OK,Admin,Hyderabad,Network,Low,Network Support,Resolved,Server,5.7,4,EMP1329,0.238,Met
TKT15162,2024-09-28,2024-09-29,OK,Admin,Mumbai,Hardware,medium,Hardware Support,Resolved,Laptop,38.7,5,EMP1848,1.613,Missed
TKT10181,2024-10-23,2024-10-23,OK,Legal,Pune,Email,Low,Email & Messaging Team,Resolved,Tablet,15.9,4,EMP1076,0.663,Met
TKT12548,2025-02-24,2025-02-26,OK,Finance,Chennai,Email,Medium,Email & Messaging Team,Closed,Laptop,49.4,5,EMP1343,2.058,Missed
TKT13376,2024-09-29,2024-09-30,OK,Sales,Bangalore,Printer,Medium,Hardware Support,Resolved,Printer,34.2,4,EMP1896,1.425,Missed
TKT13786,2025-01-13,,OK,Finance,Mumbai,NETWORK,low,Network Support,Open,Laptop,0,,EMP2363,0,Met
TKT13528,2024-09-13,2024-09-13,OK,Sales,Bangalore,Software,High,Software Support,Resolved,Tablet,3.5,3,EMP1043,0.146,Met
TKT16386,2025-02-01,2025-02-01,OK,Operations,Pune,Access,Medium,Identity & Access Team,Resolved,Mobile,19.1,5,EMP1363,0.796,Met
TKT10031,2024-08-03,,OK,Marketing,Bangalore,Network,Medium,Network Support,In Progress,Laptop,0,,EMP2396,0,Met
TKT16519,2024-01-17,2024-01-17,OK,Finance,Chennai,Access,Medium,Email & Messaging Team,Resolved,Laptop,6.7,4,EMP1893,0.279,Met
TKT12260,2025-06-27,2025-06-28,OK,Admin,Mumbai,Hardware,Medium,Hardware Support,Resolved,Laptop,28.8,5,EMP2212,1.2,Missed
TKT11909,2024-11-03,2024-11-03,OK,IT,Pune,Printer,Medium,Hardware Support,Resolved,printer,7,5,EMP2141,0.292,Met
TKT13072,2024-08-29,2024-08-29,OK,Admin,Bangalore,Software,Critical,Software Support,Resolved,Tablet,2.4,4,EMP2112,0.1,Met
TKT16367,2024-04-26,,OK,Finance,Pune,Printer,Medium,Hardware Support,In Progress,Printer,0,,EMP2318,0,Met
TKT10591,2024-10-10,2024-10-12,OK,Marketing,Chennai,Hardware,Medium,Hardware Support,Resolved,Laptop,62.7,,EMP2009,2.613,Missed
TKT12276,2024-05-22,2024-05-24,OK,Unknown,Bangalore,Hardware,Low,Hardware Support,Resolved,Desktop,50.5,1,EMP2075,2.104,Missed
TKT13116,2024-01-04,2024-01-04,OK,Finance,Bangalore,Email,Critical,Email & Messaging Team,Resolved,Desktop,1.9,4,EMP2203,0.079,Met
TKT11694,2025-02-06,2025-02-06,OK,Admin,Bangalore,Hardware,High,Hardware Support,Resolved,Laptop,3.9,3,EMP1909,0.163,Met
TKT16305,2025-04-02,2025-04-02,OK,Sales,Pune,Hardware,High,Hardware Support,Closed,Server,8.8,5,EMP1674,0.367,Missed
TKT15840,2025-03-25,2025-03-27,OK,Finance,Bangalore,Software,Medium,Software Support,Resolved,Tablet,69.5,5,EMP1288,2.896,Missed
TKT16294,2024-02-23,2024-02-23,OK,Finance,Mumbai,Hardware,Critical,Hardware Support,Resolved,Laptop,1.2,,EMP2039,0.05,Met
TKT15291,2025-01-03,2025-01-03,OK,Sales,Pune,Access,High,Identity & Access Team,Resolved,Desktop,4.8,,EMP1750,0.2,Met
TKT13393,2024-06-10,2024-06-10,OK,Sales,Bangalore,Software,High,NA,Closed,Desktop,2.2,4,EMP1983,0.092,Met
TKT15385,2024-10-19,2024-10-19,OK,Operations,Pune,NETWORK,Critical,Network Support,Resolved,mobile,3.2,,EMP1657,0.133,Met
TKT11331,2024-08-21,2024-08-21,OK,Sales,Bangalore,Network,Medium,Network Support,Resolved,Server,15.3,,EMP1641,0.638,Met
TKT16063,2025-06-22,2025-06-23,OK,Finance,Pune,Network,Low,Network Support,Resolved,Mobile,28.7,4,EMP1174,1.196,Met
TKT11322,2025-02-04,2025-02-04,OK,Marketing,Bangalore,network,Critical,Network Support,Resolved,Server,4.5,4,EMP1022,0.188,Missed
TKT12522,2024-06-11,2024-06-13,OK,Marketing,Pune,Software,Low,Software Support,Resolved,Tablet,53.3,4,EMP2030,2.221,Missed
TKT12258,2024-10-31,2024-10-31,OK,Marketing,Mumbai,Software,Medium,Software Support,Resolved,Tablet,10,2,EMP1065,0.417,Met
TKT14480,2025-03-29,2025-03-29,OK,IT,Delhi,Hardware,Low,Hardware Support,Resolved,Laptop,10.4,2,EMP1519,0.433,Met
TKT12659,2025-04-25,2025-04-26,OK,Operations,Pune,Software,Low,Software Support,Resolved,Laptop,40.4,3,EMP1976,1.683,Met
TKT10079,2024-11-01,2024-11-02,OK,IT,Chennai,Hardware,Low,Hardware Support,Resolved,Laptop,41.9,5,EMP2202,1.746,Met
TKT14380,2025-02-26,2025-02-26,OK,Legal,Bangalore,Network,Medium,Network Support,Closed,Desktop,4.6,4,EMP1918,0.192,Met
TKT14903,2025-02-22,2025-02-22,OK,Admin,Mumbai,Printer,Medium,Hardware Support,Resolved,Printer,8.2,2,EMP1366,0.342,Met
TKT15055,2024-01-23,,OK,Marketing,Chennai,Network,Low,Network Support,In Progress,Laptop,0,,EMP1306,0,Met
TKT16670,2024-08-15,2024-08-15,OK,Legal,Pune,Software,Medium,Software Support,Resolved,Tablet,20.8,5,EMP2027,0.867,Met
TKT16171,2024-05-01,2024-05-01,OK,Legal,Delhi,Software,Medium,Software Support,Resolved,Desktop,12.5,2,EMP1909,0.521,Met
TKT13742,2024-08-31,2024-09-01,OK,Finance,Bangalore,Printer,Medium,Hardware Support,Resolved,Printer,45.7,,EMP1571,1.904,Missed
TKT10042,2025-05-21,2025-05-24,OK,Marketing,Delhi,Software,low,Software Support,Resolved,Tablet,81.2,5,EMP1818,3.383,Missed
TKT10580,2025-04-04,2025-04-04,OK,IT,Pune,Software,Critical,Software Support,Resolved,Desktop,9.1,,EMP2105,0.379,Missed
TKT12321,2025-03-11,2025-03-11,OK,Admin,Delhi,Hardware,Critical,Hardware Support,Closed,Server,5.5,4,EMP1876,0.229,Missed
TKT14028,2024-10-24,2024-10-24,OK,Operations,Mumbai,Hardware,Medium,Network Support,Closed,Server,16.5,,EMP1795,0.688,Met
TKT11666,2025-03-27,,OK,Finance,Pune,Network,Low,Network Support,Open,desktop,0,,EMP1109,0,Met
TKT16480,2024-09-06,2024-09-06,OK,Finance,Chennai,Software,Medium,Software Support,Resolved,Desktop,17.2,3,EMP1291,0.717,Met
TKT10286,2025-01-02,,OK,Marketing,Chennai,Hardware,Low,Hardware Support,Open,Laptop,0,,EMP1982,0,Met
TKT12644,2024-11-17,,OK,Operations,Pune,Access,Medium,Identity & Access Team,In Progress,desktop,0,,EMP1733,0,Met
TKT10011,2024-09-26,,OK,Operations,Delhi,Hardware,High,Hardware Support,Open,Laptop,0,,EMP2025,0,Met
TKT14846,2024-12-29,2024-12-30,OK,Sales,Pune,Email,Medium,Email & Messaging Team,Resolved,Desktop,25.8,5,EMP1531,1.075,Missed
TKT13567,2024-09-12,2024-09-17,OK,Marketing,Chennai,Email,Low,Email & Messaging Team,Resolved,Laptop,132.5,4,EMP1016,5.521,Missed
TKT15972,2024-03-26,2024-03-26,OK,Sales,Delhi,Hardware,Medium,Hardware Support,Resolved,Laptop,10.4,4,EMP1842,0.433,Met
TKT15118,2024-06-18,2024-06-18,OK,IT,Hyderabad,Software,High,Software Support,Resolved,Tablet,8,2,EMP1900,0.333,Met
TKT14562,2024-11-25,2024-11-29,OK,Marketing,Bangalore,Network,Low,Network Support,Resolved,Laptop,96.1,4,EMP2239,4.004,Missed
TKT15715,2024-02-22,2024-02-22,OK,Operations,Pune,Network,High,Network Support,Resolved,Mobile,9.8,4,EMP1563,0.408,Missed
TKT15179,2024-09-23,2024-09-23,OK,Legal,Hyderabad,Hardware,Medium,Hardware Support,Resolved,Laptop,14.9,,EMP1285,0.621,Met
TKT13476,2025-06-17,2025-06-17,OK,Sales,Pune,Email,High,Email & Messaging Team,Closed,Laptop,6.4,,EMP1748,0.267,Met
TKT14988,2024-06-21,2024-06-22,OK,Operations,Pune,Hardware,Low,Email & Messaging Team,Resolved,Server,27.6,4,EMP1421,1.15,Met
TKT10997,2024-05-25,2024-05-25,OK,Admin,Chennai,Software,High,Software Support,Resolved,Laptop,5.7,,EMP1073,0.238,Met
TKT12908,2024-02-10,2024-02-11,OK,Admin,Delhi,Printer,Medium,Hardware Support,Closed,Printer,27.1,2,EMP1780,1.129,Missed
TKT11976,2024-08-27,2024-08-27,OK,Sales,Pune,Email,Medium,Email & Messaging Team,Resolved,tablet,18.6,4,EMP1361,0.775,Met
TKT13062,2024-09-26,2024-09-27,OK,HR ,Mumbai,NETWORK,Low,Network Support,Resolved,Mobile,36.6,1,EMP2278,1.525,Met
TKT15259,2025-03-26,2025-03-26,OK,Operations,Bangalore,Hardware,High,Hardware Support,Resolved,Desktop,7.1,4,EMP1304,0.296,Met
TKT11250,2024-02-02,2024-01-29,ERROR,IT,Hyderabad,Hardware,High,Identity & Access Team,Resolved,Server,0.8,,EMP1267,0.033,Met
TKT10052,2024-03-11,2024-03-11,OK,Sales,Chennai,Hardware,Medium,Hardware Support,Resolved,Desktop,11.6,1,EMP2334,0.483,Met
TKT15739,2025-03-22,2025-03-22,OK,HR,Mumbai,Hardware, Medium,Hardware Support,Resolved,Server,7.4,3,EMP2392,0.308,Unknown Priority:  Medium
TKT10629,2024-11-01,2024-11-01,OK,Legal,Hyderabad,Software,Critical,Software Support,Resolved,Laptop,4.4,,EMP1130,0.183,Missed
TKT14829,2025-01-30,,OK,HR,Bangalore,Email,Critical,Email & Messaging Team,In Progress,Desktop,0,,EMP1091,0,Met
TKT12673,2024-09-11,2024-09-11,OK,Sales,Mumbai,Software,High,Software Support,Resolved,Laptop,4.4,1,EMP2371,0.183,Met
TKT10749,2024-05-22,2024-05-22,OK,HR,Delhi,Access,High,Identity & Access Team,Resolved,Mobile,2.6,,EMP2182,0.108,Met
TKT13972,2024-05-01,2024-05-02,OK,Admin,Pune,Hardware,Low,Hardware Support,Resolved,Server,44.1,2,EMP2312,1.838,Met
TKT11731,2025-01-06,2025-01-08,OK,Finance,Delhi,Software,Low,Software Support,Resolved,Desktop,61.5,5,EMP2347,2.563,Missed
TKT12101,2024-12-13,2024-12-13,OK,Finance,Delhi,Hardware, Medium,Hardware Support,Closed,Desktop,22.4,4,EMP1499,0.933,Unknown Priority:  Medium
TKT12009,2025-01-01,2025-01-03,OK,Sales,Bangalore,Printer,Low,Hardware Support,Resolved,Printer,48.3,,EMP2264,2.013,Missed
TKT13244,2024-08-14,2024-08-17,OK,Finance,Bangalore,Printer,Medium,Hardware Support,Resolved,Printer,82,4,EMP1049,3.417,Missed
TKT15191,2024-03-24,2024-03-24,OK,Marketing,Delhi,Hardware,Critical,Hardware Support,Resolved,Laptop,0,4,EMP2324,0,Met
TKT12335,2025-04-11,,OK,Finance,Mumbai,Software,High,Software Support,In Progress,Desktop,0,,EMP2139,0,Met
TKT16902,2024-03-22,2024-03-22,OK,Operations,Pune,Email,Medium,Email & Messaging Team,Resolved,Tablet,2,2,EMP1008,0.083,Met
TKT13261,2024-01-29,2024-01-29,OK,IT,Chennai,Software,Low,Software Support,Closed,Desktop,15.1,4,EMP2020,0.629,Met
TKT15520,2024-11-06,,OK,Marketing,Delhi,NETWORK,Low,Network Support,Open,Server,0,,EMP2299,0,Met
TKT11939,2024-03-02,2024-03-02,OK,Sales,Chennai,Network,Medium,Network Support,Resolved,Laptop,17.7,1,EMP2308,0.738,Met
TKT16943,2025-01-23,2025-01-25,OK,Marketing,Delhi,Software,Low,Software Support,Resolved,Desktop,54.8,,EMP1292,2.283,Missed
TKT11381,2025-06-05,2025-06-05,OK,IT,Mumbai,Hardware,High,Hardware Support,Resolved,Desktop,10.8,5,EMP1627,0.45,Missed
TKT12965,2025-01-02,2025-01-02,OK,HR ,Hyderabad,Network,High,Network Support,Resolved,Laptop,5.6,,EMP1930,0.233,Met
TKT13032,2024-07-20,2024-07-22,OK,Sales,Hyderabad,Network,Low,Network Support,Resolved,Mobile,58.3,,EMP1483,2.429,Missed
TKT16211,2024-09-29,2024-09-29,OK,Legal,Pune,Printer,Critical,Hardware Support,Resolved,Printer,4.1,4,EMP1770,0.171,Missed
TKT10637,2025-02-26,2025-02-26,OK,Operations,Mumbai,Network,Low,Network Support,Resolved,Mobile,12,5,EMP1681,0.5,Met
TKT10059,2024-01-11,,OK,HR,Pune,Access,High,Identity & Access Team,In Progress,Mobile,0,,EMP2058,0,Met
TKT11071,2024-01-11,2024-01-11,OK,Finance,Hyderabad,Network,High,Network Support,Closed,Laptop,7,4,EMP1445,0.292,Met
TKT15686,2025-05-06,2025-05-06,OK,Marketing,Chennai,Printer,Medium,Hardware Support,Resolved,Printer,10.6,4,EMP1226,0.442,Met
TKT14189,2024-05-27,2024-05-27,OK,Finance,Bangalore,network,Medium,Network Support,Resolved,DESKTOP,11.1,4,EMP2288,0.463,Met
TKT15349,2024-02-05,2024-02-05,OK,Sales,Mumbai,Hardware,High,Hardware Support,Closed,Laptop,5.8,4,EMP2235,0.242,Met
TKT16203,2024-09-15,2024-09-17,OK,IT,Hyderabad,Network,Medium,Network Support,Resolved,Laptop,71.2,5,EMP2169,2.967,Missed
TKT11103,2024-11-18,2024-11-18,OK,Finance,Bangalore,Printer,High,Hardware Support,Resolved,Printer,8.2,1,EMP1924,0.342,Missed
TKT12443,2024-07-02,2024-07-02,OK,Legal,Pune,Email,Low,Email & Messaging Team,Resolved,Laptop,10.6,,EMP1789,0.442,Met
TKT12991,2025-06-27,2025-06-27,OK,Sales,Delhi,Software,Medium,Software Support,Resolved,Desktop,8.6,5,EMP2072,0.358,Met
TKT15297,2025-06-13,2025-06-13,OK,Finance,Mumbai,Software,High,Software Support,Closed,Desktop,5.7,3,EMP1785,0.238,Met
TKT12082,2024-11-19,2024-11-19,OK,Sales,Pune,Network,High,Network Support,Resolved,Desktop,4.7,2,EMP1828,0.196,Met
TKT13447,2024-02-04,,OK,Admin,Bangalore,Hardware,Medium,Hardware Support,Open,Server,0,,EMP2193,0,Met
TKT11520,2025-04-12,2025-04-14,OK,Finance,Chennai,Software,Low,Software Support,Resolved,Tablet,65.7,5,EMP2165,2.738,Missed
TKT12418,2024-03-24,2024-03-25,OK,IT,Pune,Hardware,Medium,Hardware Support,Resolved,Laptop,35.7,2,EMP2112,1.488,Missed
TKT13098,2024-12-05,2024-12-05,OK,Admin,Hyderabad,Hardware,Critical,Hardware Support,Resolved,Desktop,0.3,4,EMP1692,0.013,Met
TKT10625,2024-03-02,,OK,Operations,Chennai,Printer,High,Hardware Support,In Progress,Printer,0,,EMP2069,0,Met
TKT13729,2025-05-20,2025-05-21,OK,IT,Pune,Software,Medium,Software Support,Closed,Laptop,33.4,3,EMP2387,1.392,Missed
TKT15566,2024-10-29,,OK,Legal,Bangalore,Software,Medium,Software Support,In Progress,Tablet,0,,EMP2023,0,Met
TKT11221,2025-02-23,,OK,Marketing,Chennai,Software,High,Software Support,In Progress,Tablet,0,,EMP1020,0,Met
TKT10040,2024-03-27,2024-03-27,OK,IT,Bangalore,Access,Medium,Identity & Access Team,Resolved,Mobile,11.2,4,EMP1581,0.467,Met
TKT12451,2025-05-06,2025-05-06,OK,Finance,Chennai,network,Medium,Network Support,Resolved,Server,21.6,,EMP2293,0.9,Met
TKT16275,2024-08-05,2024-08-06,OK,Sales,Pune,Software,Medium,Software Support,Resolved,Laptop,27,4,EMP2005,1.125,Missed
TKT11394,2024-11-09,2024-11-10,OK,Sales,Bangalore,Printer,Low,Hardware Support,Resolved,Printer,36.9,4,EMP2229,1.538,Met
TKT12847,2024-03-31,2024-03-31,OK,HR,Delhi,Access,Critical,Identity & Access Team,Closed,Laptop,2,,EMP2129,0.083,Met
TKT11922,2024-09-12,2024-09-12,OK,Sales,Pune,Network,Medium,Network Support,Resolved,Server,2.6,2,EMP1889,0.108,Met
TKT13265,2025-01-18,2025-01-18,OK,IT,Bangalore,Software,High,Software Support,Resolved,Desktop,6.5,2,EMP2027,0.271,Met
TKT15848,2024-03-23,2024-03-23,OK,Marketing,Mumbai,Network,High,Email & Messaging Team,Resolved,Desktop,2.1,4,EMP2103,0.088,Met
TKT14546,2025-01-11,2025-01-11,OK,Sales,Pune,Network,High,Network Support,Resolved,Server,12.2,,EMP1814,0.508,Missed
TKT12953,2024-03-15,,OK,Operations,Mumbai,Access,LOW,Identity & Access Team,In Progress,Desktop,0,,EMP1964,0,Met
TKT14531,2024-05-23,,OK,HR,Chennai,Email,Medium,Email & Messaging Team,In Progress,Tablet,0,,EMP2372,0,Met
TKT14890,2024-03-27,2024-03-28,OK,Sales,Pune,Network,Medium,Network Support,Resolved,Mobile,36.1,4,EMP1022,1.504,Missed
TKT10089,2024-10-29,2024-10-29,OK,Legal,Pune,Software,Medium,Software Support,Resolved,Tablet,8.2,5,EMP1604,0.342,Met
TKT12048,2025-03-04,2025-03-04,OK,IT,Delhi,Software,Medium,Software Support,Closed,Desktop,15.3,4,EMP1920,0.638,Met
TKT12839,2025-05-21,2025-05-24,OK,Sales,Delhi,Hardware,Low,Hardware Support,Resolved,Desktop,93.5,4,EMP1697,3.896,Missed
TKT15116,2025-01-19,2025-01-19,OK,Admin,Bangalore,Software,HIGH,Software Support,Closed,Tablet,6.3,3,EMP2284,0.263,Met
TKT13399,2024-12-23,2024-12-23,OK,Finance,Bangalore,Software,High,Software Support,Resolved,Laptop,1.1,,EMP2235,0.046,Met
TKT10324,2024-08-15,2024-08-15,OK,Sales,Mumbai,Email,Medium,Email & Messaging Team,Resolved,Desktop,11,4,EMP2094,0.458,Met
TKT14477,2024-08-24,2024-08-24,OK,Sales,Delhi,Software,Medium,Software Support,Resolved,Laptop,16,4,EMP1806,0.667,Met
TKT10872,2024-06-01,2024-06-01,OK,IT,Bangalore,Hardware,High,Hardware Support,Closed,Laptop,5.7,3,EMP2343,0.238,Met
TKT16556,2024-08-21,,OK,Admin,Bangalore,Software,Medium,Software Support,In Progress,Laptop,0,,EMP2085,0,Met
TKT15516,2025-06-05,2025-06-05,OK,Marketing,Chennai,Network,High,Network Support,Resolved,Server,7.4,5,EMP1532,0.308,Met
TKT12380,2024-07-16,2024-07-16,OK,Admin,Chennai,Hardware,Medium,Hardware Support,Resolved,Desktop,17.9,4,EMP2134,0.746,Met
TKT15749,2024-05-19,2024-05-19,OK,HR,Delhi,Network,Medium,Network Support,Resolved,Server,19.3,5,EMP2391,0.804,Met
TKT15493,2025-01-31,2025-02-03,OK,Operations,Chennai,Access,Low,Identity & Access Team,Resolved,Laptop,76.2,3,EMP1746,3.175,Missed
TKT13273,2024-11-14,2024-11-14,OK,Finance,Mumbai,Network,Medium,Network Support,Resolved,Desktop,18.9,,EMP1674,0.788,Met
TKT15057,2024-10-12,,OK,Finance,Mumbai,Network,Low,Network Support,In Progress,Server,0,,EMP1834,0,Met
TKT15154,2024-12-02,2024-12-04,OK,IT,Mumbai,Hardware,Medium,Hardware Support,Resolved,Server,53.5,3,EMP1164,2.229,Missed
TKT14341,2024-10-10,,OK,Finance,Pune,Access,Medium,Identity & Access Team,In Progress,Laptop,0,,EMP1652,0,Met
TKT16448,2024-08-30,2024-08-30,OK,Marketing,Pune,Access,High,Identity & Access Team,Resolved,Laptop,7.2,5,EMP1019,0.3,Met
TKT16515,2025-01-25,2025-01-26,OK,Operations,Bangalore,Access,Medium,Identity & Access Team,Resolved,Desktop,33.4,,EMP1447,1.392,Missed
TKT13160,2025-03-12,2025-03-12,OK,HR,Hyderabad,Printer,Medium,Hardware Support,Resolved,Printer,10.6,,EMP1809,0.442,Met
TKT11311,2025-03-08,2025-03-10,OK,IT,Pune,Access,Low,Identity & Access Team,Closed,mobile,63.1,4,EMP2202,2.629,Missed
TKT15950,2024-08-08,2024-08-08,OK,Sales,Hyderabad,Software,High,Software Support,Resolved,Desktop,10.3,4,EMP1457,0.429,Missed
TKT15105,2024-06-17,2024-06-17,OK,Operations,Bangalore,Network,High,Network Support,Resolved,Mobile,13.5,3,EMP1371,0.563,Missed
TKT10219,2025-01-24,2025-01-24,OK,Marketing,Chennai,Software,High,Software Support,Resolved,Desktop,8.5,3,EMP1175,0.354,Missed
TKT12531,2025-03-23,2025-03-23,OK,IT,Mumbai,Email,High,Email & Messaging Team,Resolved,Tablet,3.2,,EMP1992,0.133,Met
TKT12190,2024-07-27,2024-07-29,OK,Legal,Delhi,Software,Low,Software Support,Closed,Desktop,55.1,3,EMP1997,2.296,Missed
TKT16376,2025-05-25,2025-05-25,OK,Operations,Mumbai,Network,High,Network Support,Resolved,Desktop,14.4,1,EMP1367,0.6,Missed
TKT13295,2024-10-22,,OK,Sales,Bangalore,Hardware,High,Hardware Support,In Progress,Server,0,,EMP1958,0,Met
TKT13895,2024-09-29,2024-09-29,OK,Admin,Pune,Email,Medium,Email & Messaging Team,Resolved,Desktop,10.8,5,EMP1772,0.45,Met
TKT12854,2025-02-05,2025-02-05,OK,Marketing,Delhi,Email,Critical,Email & Messaging Team,Resolved,Desktop,4.8,5,EMP2150,0.2,Missed
TKT13292,2025-04-21,2025-04-21,OK,Marketing,Delhi,Hardware,High,Hardware Support,Resolved,Server,6.6,3,EMP1050,0.275,Met
TKT15947,2025-01-01,2025-01-01,OK,Operations,Delhi,Email,Medium,Email & Messaging Team,Resolved,Desktop,13.5,2,EMP1696,0.563,Met
TKT11830,2025-04-03,2025-04-08,OK,Sales,Mumbai,Network,Low,Network Support,Resolved,Laptop,127.9,4,EMP1418,5.329,Missed
TKT11262,2024-03-08,2024-03-08,OK,Sales,Hyderabad,Software,High,Software Support,Resolved,Desktop,8.4,5,EMP2165,0.35,Missed
TKT14050,2024-05-05,2024-05-05,OK,Marketing,Bangalore,Hardware,High,NA,Resolved,Laptop,16.7,5,EMP1035,0.696,Missed
TKT11835,2024-10-26,,OK,Admin,Mumbai,Hardware,Medium,Hardware Support,Open,Laptop,0,,EMP2196,0,Met
TKT14895,2025-04-25,2025-04-28,OK,Operations,Pune,Access,Low,Identity & Access Team,Resolved,Mobile,78,5,EMP1498,3.25,Missed
TKT15571,2025-05-27,2025-05-27,OK,Admin,Pune,Software,Medium,Software Support,Resolved,Laptop,21.6,5,EMP1146,0.9,Met
TKT13654,2025-03-28,2025-03-28,OK,Marketing,Hyderabad,Printer,Medium,Hardware Support,Resolved,Printer,14,3,EMP2253,0.583,Met
TKT12830,2025-04-16,2025-04-16,OK,Marketing,Chennai,Network,Medium,Network Support,Resolved,Server,2.5,5,EMP1476,0.104,Met
TKT10425,2024-07-07,2024-07-08,OK,Legal,Chennai,Printer,Medium,Hardware Support,Resolved,Printer,33.5,3,EMP1047,1.396,Missed
TKT14190,2025-03-26,2025-03-26,OK,Marketing,Pune,Software,High,Software Support,Closed,Desktop,11.9,5,EMP1532,0.496,Missed
TKT16632,2025-03-25,2025-03-26,OK,Sales,Pune,Hardware,Medium,NA,Resolved,Laptop,25.8,4,EMP1809,1.075,Missed
TKT15458,2025-03-29,,OK,IT,Bangalore,Access,Critical,Identity & Access Team,In Progress,Laptop,0,,EMP1793,0,Met
TKT14105,2024-05-01,2024-05-01,OK,Sales,Pune,Network,Medium,Network Support,Resolved,Mobile,16.7,4,EMP1270,0.696,Met
TKT10744,2025-05-28,2025-05-29,OK,Sales,Pune,Network,Medium,Network Support,Resolved,Laptop,25.9,2,EMP2050,1.079,Missed
TKT16342,2024-02-10,2024-02-12,OK,IT,Mumbai,Hardware,Low,Hardware Support,Resolved,Desktop,61.3,4,EMP1661,2.554,Missed
TKT15250,2024-04-30,2024-05-01,OK,Finance,Mumbai,Network,Medium,Network Support,Resolved,DESKTOP,29.9,5,EMP1314,1.246,Missed
TKT14659,2025-05-29,2025-05-31,OK,Finance,Delhi,Email,Medium,Email & Messaging Team,Resolved,Mobile,69.2,5,EMP2191,2.883,Missed
TKT11203,2024-06-14,2024-06-14,OK,Finance,Delhi,Software,Medium,Software Support,Resolved,Laptop,22.6,4,EMP1398,0.942,Met
TKT14500,2024-03-21,2024-03-22,OK,IT,Bangalore,Network, Medium,Network Support,Resolved,Desktop,47.4,3,EMP1260,1.975,Unknown Priority:  Medium
TKT12138,2024-07-05,2024-07-05,OK,Finance,Bangalore,Software,High,Software Support,Resolved,Laptop,2.8,5,EMP1922,0.117,Met
TKT14588,2024-05-15,2024-05-15,OK,Marketing,Bangalore,Access,Low,Identity & Access Team,Resolved,Desktop,21.2,5,EMP2153,0.883,Met
TKT16849,2024-06-08,2024-06-08,OK,IT,Bangalore,Network,High,Network Support,Resolved,Desktop,7.1,4,EMP2364,0.296,Met
TKT16785,2025-06-29,2025-06-29,OK,Legal,Chennai,Email,High,Email & Messaging Team,Resolved,Desktop,8.7,5,EMP1152,0.363,Missed
TKT10724,2024-03-04,2024-03-04,OK,Finance,Pune,Network,High,Network Support,Closed,Laptop,6.4,4,EMP1905,0.267,Met
TKT10946,2024-04-21,2024-04-21,OK,Admin,Pune,Network,High,Network Support,Resolved,MOBILE,5.6,3,EMP2395,0.233,Met
TKT16521,2024-03-02,,OK,Finance,Hyderabad,Software,Low,Software Support,In Progress,Desktop,0,,EMP1770,0,Met
TKT11420,2024-07-11,2024-07-11,OK,Marketing,Delhi,Software,High,Software Support,Resolved,Laptop,5,,EMP2363,0.208,Met
TKT14294,2024-06-08,2024-06-08,OK,Finance,Mumbai,Software,High,Software Support,Resolved,Desktop,3.7,3,EMP1133,0.154,Met
TKT11585,2024-10-31,2024-10-31,OK,Admin,Pune,Access,Critical,Identity & Access Team,Resolved,Mobile,7.2,5,EMP2324,0.3,Missed
TKT13188,2025-05-02,2025-05-02,OK,Operations,Hyderabad,Software,Medium,Software Support,Resolved,Desktop,18.3,,EMP1896,0.763,Met
TKT10068,2024-08-25,2024-08-25,OK,HR,Pune,Network,Critical,Network Support,Resolved,MOBILE,4.2,5,EMP1590,0.175,Missed
TKT10566,2024-04-02,2024-04-02,OK,Operations,Delhi,Hardware,High,Hardware Support,Resolved,Laptop,8.8,4,EMP1032,0.367,Missed
TKT14154,2024-07-16,2024-07-18,OK,HR,Mumbai,Hardware,Low,Hardware Support,Resolved,Server,65.6,2,EMP1023,2.733,Missed
TKT11630,2025-05-18,2025-05-18,OK,Legal,Pune,Network,High,Network Support,Resolved,mobile,4,,EMP2397,0.167,Met
TKT12086,2024-03-19,2024-03-19,OK,Admin,Mumbai,network,High,Software Support,Resolved,Mobile,13.3,4,EMP2245,0.554,Missed
TKT13689,2024-07-13,2024-07-13,OK,IT,Mumbai,Access,High,Identity & Access Team,Resolved,Desktop,3.7,3,EMP1721,0.154,Met
TKT12075,2024-01-18,2024-01-18,OK,Operations,Chennai,Email,Medium,Email & Messaging Team,Resolved,Desktop,7.7,4,EMP1418,0.321,Met
TKT12217,2025-04-29,2025-04-29,OK,Operations,Delhi,Software,Medium,Software Support,Resolved,Desktop,6.2,,EMP2280,0.258,Met
TKT15672,2025-06-13,,OK,Admin,Pune,Hardware,Low,Hardware Support,Open,DESKTOP,0,,EMP2231,0,Met
TKT15822,2024-03-21,2024-03-21,OK,Sales,Pune,Software,High,Email & Messaging Team,Resolved,Tablet,6.2,4,EMP1571,0.258,Met
TKT10495,2024-07-31,2024-07-31,OK,HR,Mumbai,Network,High,Network Support,Closed,Laptop,7.7,,EMP2260,0.321,Met
TKT14834,2024-10-22,2024-10-22,OK,HR,Mumbai,Hardware,Critical,Hardware Support,Resolved,Laptop,5.2,1,EMP1354,0.217,Missed
TKT10260,2024-01-28,2024-01-31,OK,Sales,Chennai,network,Medium,Network Support,Closed,Server,75.3,,EMP2348,3.138,Missed
TKT15449,2025-05-01,,OK,Marketing,Delhi,Network,Medium,Network Support,Open,Desktop,0,,EMP1472,0,Met
TKT13367,2025-06-28,2025-06-29,OK,IT,Hyderabad,Hardware,Medium,Hardware Support,Resolved,Laptop,27.2,4,EMP1612,1.133,Missed
TKT14970,2025-05-12,2025-05-13,OK,Sales,Hyderabad,Hardware,Medium,Hardware Support,Resolved,Server,33.2,5,EMP2149,1.383,Missed
TKT10993,2024-03-19,2024-03-20,OK,Operations,Bangalore,Network,Low,Network Support,Closed,Desktop,39.9,3,EMP1116,1.663,Met
TKT10442,2025-03-25,2025-03-25,OK,Sales,Pune,Software,High,Software Support,Closed,Tablet,1.5,4,EMP1395,0.063,Met
TKT12214,2024-06-27,2024-06-27,OK,Finance,Pune,Software,High,Software Support,Resolved,Laptop,6.1,4,EMP1744,0.254,Met
TKT13823,2024-12-31,2024-12-31,OK,Finance,Pune,Network,High,Network Support,Resolved,Laptop,14.6,5,EMP2208,0.608,Missed
TKT15664,2025-03-09,2025-03-09,OK,Operations,Mumbai,Network,Medium,Network Support,Resolved,Desktop,21,,EMP1841,0.875,Met
TKT11853,2024-02-18,2024-02-18,OK,IT,Mumbai,Network,Critical,Network Support,Resolved,Laptop,3.9,2,EMP1743,0.163,Met
TKT15505,2024-12-22,2024-12-22,OK,Sales,Hyderabad,Network,Medium,Network Support,Resolved,Mobile,1.5,3,EMP1651,0.063,Met
TKT14336,2024-12-03,2024-12-03,OK,Finance,Mumbai,Software,Medium,Software Support,Resolved,Laptop,22.6,5,EMP1513,0.942,Met
TKT10771,2025-05-08,2025-05-08,OK,Sales,Hyderabad,Access,High,Identity & Access Team,Resolved,MOBILE,18.8,4,EMP1138,0.783,Missed
TKT12111,2025-01-14,2025-01-15,OK,Legal,Chennai,Access,Medium,Identity & Access Team,Resolved,Laptop,37,4,EMP1305,1.542,Missed
TKT11812,2025-06-21,2025-06-21,OK,Finance,Chennai,Network,Low,Network Support,Resolved,Mobile,15.6,4,EMP1983,0.65,Met
TKT11025,2024-05-24,2024-05-26,OK,Sales,Chennai,Network,Low,Software Support,Resolved,Desktop,52.5,5,EMP1196,2.188,Missed
TKT16253,2024-01-03,2024-01-04,OK,Sales,Bangalore,Hardware,Medium,Hardware Support,Resolved,Server,39.7,5,EMP1945,1.654,Missed
TKT10013,2024-11-10,,OK,Admin,Hyderabad,Software,Medium,Software Support,In Progress,Desktop,0,,EMP1490,0,Met
TKT15226,2025-04-18,2025-04-18,OK,Marketing,Hyderabad,Access,High,Identity & Access Team,Closed,Desktop,4.2,3,EMP1467,0.175,Met
TKT13521,2025-02-13,2025-02-13,OK,Sales,Mumbai,Software,Critical,Software Support,Resolved,Laptop,4,4,EMP1962,0.167,Met
TKT12696,2024-08-22,2024-08-23,OK,Sales,Hyderabad,Hardware,Medium,Hardware Support,Resolved,Laptop,30,2,EMP1654,1.25,Missed
TKT12761,2024-12-03,2024-12-03,OK,HR,Hyderabad,Hardware, Medium,Hardware Support,Closed,Desktop,12.1,5,EMP1068,0.504,Unknown Priority:  Medium
TKT11999,2024-02-28,2024-02-28,OK,Operations,Hyderabad,network,High,Network Support,Resolved,Server,10.2,5,EMP1909,0.425,Missed
TKT16970,2024-09-23,2024-09-24,OK,Legal,Hyderabad,Printer, Medium,Hardware Support,Resolved,Printer,43.9,4,EMP1643,1.829,Unknown Priority:  Medium
TKT13477,2024-12-18,2024-12-18,OK,Operations,Pune,Network,Medium,Network Support,Closed,Desktop,9.5,4,EMP1152,0.396,Met
TKT10193,2024-05-16,2024-05-20,OK,Admin,Delhi,Hardware,Low,Hardware Support,Resolved,Desktop,112,,EMP2338,4.667,Missed
TKT14554,2024-06-15,2024-06-15,OK,Legal,Bangalore,Network,High,Network Support,Resolved,Mobile,6,3,EMP1056,0.25,Met
TKT11776,2025-04-27,2025-04-27,OK,Legal,Chennai,Software,Medium,Software Support,Resolved,Tablet,20.1,4,EMP1004,0.838,Met
TKT11885,2024-09-22,2024-09-22,OK,IT,Bangalore,Network,High,Network Support,Resolved,Laptop,10.9,2,EMP2385,0.454,Missed
TKT14523,2024-10-26,2024-10-28,OK,Sales,Delhi,network,Medium,Network Support,Resolved,Server,68.1,4,EMP1641,2.838,Missed
TKT13631,2024-12-27,,OK,Operations,Chennai,Hardware,Medium,Hardware Support,Open,Laptop,0,,EMP1100,0,Met
TKT12810,2025-03-21,2025-03-23,OK,Admin,Pune,Printer,Low,Identity & Access Team,Resolved,Printer,59.2,4,EMP1372,2.467,Missed
TKT13456,2024-02-21,,OK,Admin,Mumbai,Hardware,medium,Hardware Support,Open,Server,0,,EMP1724,0,Met
TKT11018,2024-05-15,,OK,Sales,Pune,Email,Low,Email & Messaging Team,Open,Desktop,0,,EMP2054,0,Met
TKT13305,2024-01-15,2024-01-15,OK,IT,Bangalore,Network,Low,Network Support,Resolved,Server,11.7,5,EMP1089,0.488,Met
TKT15412,2024-04-24,2024-04-24,OK,Sales,Mumbai,Hardware,High,Hardware Support,Resolved,Desktop,7.5,4,EMP2326,0.313,Met
TKT12050,2024-02-25,2024-02-25,OK,Admin,Mumbai,Software,Medium,Software Support,Closed,Tablet,6.6,5,EMP1300,0.275,Met
TKT16730,2024-01-22,2024-01-22,OK,Legal,Pune,Access, Critical,Identity & Access Team,Resolved,Laptop,1.1,5,EMP1528,0.046,Unknown Priority:  Critical
TKT11882,2024-09-18,2024-09-18,OK,Marketing,Mumbai,Hardware,High,Hardware Support,Resolved,Laptop,2.4,5,EMP1525,0.1,Met
TKT11935,2024-07-28,2024-07-28,OK,Legal,Pune,Access,High,Identity & Access Team,Closed,Desktop,2.9,3,EMP1633,0.121,Met
TKT13408,2024-11-23,2024-11-24,OK,IT,Bangalore,Email,Medium,Email & Messaging Team,Closed,Mobile,27.4,,EMP2294,1.142,Missed
TKT16181,2024-11-16,2024-11-17,OK,IT,Bangalore,Access,Low,Identity & Access Team,Closed,Desktop,31.1,3,EMP1958,1.296,Met
TKT11327,2024-06-10,,OK,Marketing,Chennai,Access,High,Identity & Access Team,In Progress,Mobile,0,,EMP1494,0,Met
TKT10208,2025-06-20,,OK,HR,Delhi,Software,Low,Software Support,Open,Tablet,0,,EMP1069,0,Met
TKT14680,2024-05-11,2024-05-11,OK,Sales,Bangalore,Email, Critical,Email & Messaging Team,Resolved,Tablet,3.7,5,EMP1882,0.154,Unknown Priority:  Critical
TKT14358,2024-12-05,2024-12-07,OK,Operations,Chennai,Network,Medium,Network Support,Resolved,Desktop,54.6,,EMP1300,2.275,Missed
TKT15237,2024-05-08,2024-05-08,OK,Sales,Delhi,Software,High,Software Support,Closed,Desktop,6.1,4,EMP2156,0.254,Met
TKT12818,2024-01-30,2024-01-31,OK,IT,Mumbai,NETWORK,Medium,Network Support,Resolved,Server,38.5,4,EMP1338,1.604,Missed
TKT12955,2024-03-01,2024-03-02,OK,Admin,Pune,Hardware,Low,Hardware Support,Resolved,Laptop,39.5,5,EMP1795,1.646,Met
TKT11572,2024-06-11,2024-06-12,OK,Sales,Pune,Email,medium,Software Support,Resolved,Mobile,35.8,3,EMP2293,1.492,Missed
TKT13865,2025-02-10,2025-02-10,OK,Sales,Pune,Access,High,Identity & Access Team,Resolved,Desktop,6.9,5,EMP1394,0.288,Met
TKT11278,2024-11-17,2024-11-18,OK,Sales,Delhi,Printer,MEDIUM,Hardware Support,Resolved,Printer,30.7,,EMP1220,1.279,Missed
TKT11051,2025-03-10,2025-03-10,OK,Operations,Pune,Access,High,Identity & Access Team,Resolved,Laptop,10.4,5,EMP2014,0.433,Missed
TKT10757,2024-06-28,2024-06-28,OK,Finance,Delhi,Email,High,Email & Messaging Team,Resolved,Mobile,14.2,5,EMP1850,0.592,Missed
TKT14625,2025-01-24,2025-01-24,OK,Operations,Delhi,Email,High,Email & Messaging Team,Resolved,Laptop,7.5,5,EMP1702,0.313,Met
TKT14330,2024-03-27,2024-03-27,OK,Legal,Hyderabad,Software,High,Software Support,Resolved,Tablet,2.9,3,EMP2308,0.121,Met
TKT12739,2025-06-30,2025-06-30,OK,IT,Bangalore,Printer,Critical,Hardware Support,Closed,Printer,2.3,5,EMP2039,0.096,Met
TKT15552,2024-04-05,,OK,Operations,Pune,Software,Medium,Software Support,In Progress,Tablet,0,,EMP1526,0,Met
TKT10436,2024-05-29,2024-05-29,OK,Operations,Bangalore,Hardware,Medium,Hardware Support,Closed,laptop,8.1,4,EMP1114,0.338,Met
TKT15245,2025-05-19,,OK,HR,Bangalore,Network,Medium,Network Support,In Progress,Desktop,0,,EMP2060,0,Met
TKT11470,2025-06-01,,OK,IT,Pune,Network,Low,Network Support,Open,Desktop,0,,EMP1302,0,Met
TKT16205,2025-05-02,2025-05-02,OK,Marketing,Delhi,Printer,High,Hardware Support,Resolved,Printer,3.7,,EMP1105,0.154,Met
TKT12567,2024-05-17,2024-05-18,OK,Sales,Chennai,Software,Low,Software Support,Resolved,Laptop,26.7,2,EMP1339,1.113,Met
TKT16004,2024-03-25,2024-03-27,OK,Admin,Chennai,network,Medium,Network Support,Resolved,Server,50.2,,EMP1733,2.092,Missed
TKT12290,2024-01-30,2024-02-02,OK,HR,Bangalore,Network,Low,NA,Resolved,Desktop,83.4,4,EMP1501,3.475,Missed
TKT11549,2024-11-06,2024-11-06,OK,Legal,Hyderabad,Access,MEDIUM,Identity & Access Team,Resolved,Mobile,17.7,3,EMP1483,0.738,Met
TKT12338,2025-02-21,2025-02-23,OK,Operations,Mumbai,Network,Low,Network Support,Resolved,Mobile,52.6,5,EMP1866,2.192,Missed
TKT10740,2025-01-18,2025-01-18,OK,Operations,Chennai,Software,High,Software Support,Closed,Tablet,6.5,3,EMP2021,0.271,Met
TKT10220,2024-11-20,2024-11-20,OK,IT,Pune,Hardware,Medium,Hardware Support,Closed,Laptop,18.1,1,EMP1738,0.754,Met
TKT14589,2025-03-25,2025-03-25,OK,IT,Hyderabad,Printer,High,Hardware Support,Closed,Printer,3.1,4,EMP1288,0.129,Met
TKT12578,2024-08-25,,OK,Finance,Delhi,Software,Medium,Software Support,In Progress,Laptop,0,,EMP1407,0,Met
TKT10099,2024-07-13,2024-07-13,OK,Legal,Pune,Access,Medium,Network Support,Resolved,Laptop,4,,EMP1250,0.167,Met
TKT14197,2024-01-05,2024-01-05,OK,Admin,Delhi,Email,Medium,Email & Messaging Team,Resolved,Mobile,9.8,4,EMP2209,0.408,Met
TKT16678,2025-05-27,2025-05-27,OK,Legal,Mumbai,Network,High,Network Support,Resolved,Laptop,3.3,,EMP1587,0.138,Met
TKT12065,2025-02-13,2025-02-14,OK,Marketing,Pune,Email,Medium,Hardware Support,Resolved,Mobile,27.8,3,EMP1841,1.158,Missed
TKT12469,2025-06-05,2025-06-05,OK,Operations,Chennai,Hardware,Low,Hardware Support,Resolved,Desktop,10,,EMP2257,0.417,Met
TKT11615,2024-01-08,2024-01-10,OK,Admin,Delhi,Network,Medium,Network Support,Resolved,Laptop,69.5,5,EMP1100,2.896,Missed
TKT11134,2024-06-09,,OK,HR,Delhi,Hardware,High,Hardware Support,In Progress,laptop,0,,EMP1666,0,Met
TKT12921,2025-01-16,2025-01-16,OK,Marketing,Hyderabad,Access,Medium,Identity & Access Team,Resolved,Laptop,6.4,2,EMP1046,0.267,Met
TKT15005,2024-09-20,2024-09-20,OK,Operations,Mumbai,Email,High,Email & Messaging Team,Resolved,Tablet,8,4,EMP2301,0.333,Met
TKT13569,2024-04-25,,OK,Marketing,Mumbai,network,High,Network Support,Open,Server,0,,EMP1098,0,Met
TKT10962,2024-07-23,2024-07-24,OK,Marketing,Pune,Hardware,Low,Hardware Support,Resolved,Laptop,47.9,4,EMP1512,1.996,Met
TKT13156,2025-06-30,2025-06-30,OK,Finance,Pune,Software,Low,Software Support,Resolved,Desktop,10.4,,EMP1349,0.433,Met
TKT15718,2024-09-03,,OK,Admin,Chennai,Software, Medium,Software Support,Open,Laptop,0,,EMP1935,0,Unknown Priority:  Medium
TKT10163,2024-06-12,,OK,IT,Pune,Hardware,Medium,Hardware Support,Open,Laptop,0,,EMP1670,0,Met
TKT16410,2024-08-27,2024-08-27,OK,Sales,Delhi,Access,Critical,Identity & Access Team,Closed,Laptop,2.6,5,EMP1849,0.108,Met
TKT10291,2025-05-17,2025-05-17,OK,Admin,Bangalore,Software, High,Identity & Access Team,Resolved,Tablet,1.5,3,EMP1077,0.063,Unknown Priority:  High
TKT16406,2025-06-06,2025-06-06,OK,Finance,Pune,Software,Medium,Software Support,Resolved,Tablet,2.1,4,EMP1757,0.088,Met
TKT10262,2024-06-25,2024-07-01,OK,Sales,Hyderabad,Printer,LOW,Hardware Support,Resolved,Printer,153.4,,EMP1964,6.392,Missed
TKT11693,2024-02-17,2024-02-17,OK,Legal,Pune,Access,Critical,Identity & Access Team,Closed,Desktop,5.2,4,EMP1729,0.217,Missed
TKT16692,2024-11-09,2024-11-09,OK,Sales,Mumbai,Email,Low,Email & Messaging Team,Resolved,Laptop,11.4,3,EMP1446,0.475,Met
TKT16094,2025-03-26,2025-03-26,OK,Operations,Hyderabad,Software,Low,Software Support,Resolved,DESKTOP,23.6,5,EMP1469,0.983,Met
TKT14810,2024-12-09,2024-12-09,OK,Finance,Delhi,Network,Medium,Network Support,Resolved,Desktop,16.2,,EMP2100,0.675,Met
TKT16602,2024-07-12,2024-07-12,OK,Sales,Mumbai,Access,Medium,Identity & Access Team,Resolved,Desktop,10,4,EMP2064,0.417,Met
TKT10646,2025-04-14,2025-04-14,OK,Operations,Pune,Printer,High,Hardware Support,Resolved,Printer,17.2,3,EMP1175,0.717,Missed
TKT11382,2025-04-17,2025-04-19,OK,Sales,Chennai,Network,Low,Network Support,Resolved,Server,61.3,1,EMP1304,2.554,Missed
TKT13509,2024-05-19,2024-05-22,OK,Marketing,Pune,Printer,Low,Hardware Support,Closed,Printer,80.7,4,EMP1570,3.363,Missed
TKT10062,2025-05-10,2025-05-10,OK,IT,Pune,Network,High,Network Support,Resolved,Desktop,12.6,5,EMP1566,0.525,Missed
TKT15670,2025-03-19,,OK,Sales,Bangalore,Software,High,Software Support,In Progress,Laptop,0,,EMP1656,0,Met
TKT15663,2025-06-16,2025-06-16,OK,HR,Pune,Email,High,Email & Messaging Team,Closed,Mobile,8.4,5,EMP1084,0.35,Missed
TKT10593,2024-02-24,2024-02-24,OK,Legal,Pune,Network,High,Network Support,Resolved,Desktop,7.9,4,EMP1558,0.329,Met
TKT15974,2024-03-02,2024-03-02,OK,Marketing,Mumbai,Software,Medium,Software Support,Closed,Tablet,10.9,1,EMP1234,0.454,Met
TKT14934,2024-12-13,2024-12-13,OK,Operations,Chennai,Software, Low,Software Support,Resolved,Desktop,22.9,1,EMP1886,0.954,Unknown Priority:  Low
TKT12573,2024-08-24,2024-08-24,OK,Marketing,Bangalore,Network,Medium,Network Support,Closed,Server,12.3,4,EMP2247,0.513,Met
TKT12687,2024-02-07,2024-02-07,OK,Operations,Mumbai,Software,Medium,Software Support,Closed,Laptop,11.8,2,EMP1909,0.492,Met
TKT16156,2024-04-23,,OK,Legal,Bangalore,Email,Medium,Email & Messaging Team,In Progress,Mobile,0,,EMP1151,0,Met
TKT15450,2024-10-26,2024-10-27,OK,Sales,Chennai,Network,Medium,Network Support,Resolved,Laptop,45.2,4,EMP1807,1.883,Missed
TKT10392,2024-09-21,2024-09-21,OK,Finance,Bangalore,Network,Medium,Network Support,Resolved,Desktop,15.4,4,EMP1368,0.642,Met
TKT13695,2025-06-02,2025-06-02,OK,Finance,Bangalore,Access,Medium,Identity & Access Team,Resolved,Mobile,3.9,,EMP2041,0.163,Met
TKT11919,2024-01-03,2024-01-03,OK,Finance,Bangalore,Software,Medium,Software Support,Resolved,Desktop,7.7,5,EMP1047,0.321,Met
TKT13454,2024-10-20,2024-10-20,OK,Marketing,Bangalore,Access,High,Identity & Access Team,Resolved,Desktop,1.5,4,EMP1396,0.063,Met
TKT10820,2024-12-26,2024-12-28,OK,Sales,Chennai,Software,Medium,Software Support,Resolved,Tablet,57.3,3,EMP2241,2.388,Missed
TKT10563,2024-10-12,2024-10-13,OK,Legal,Pune,Email,Medium,Email & Messaging Team,Closed,Tablet,39.5,5,EMP1029,1.646,Missed
TKT14199,2024-06-07,2024-06-08,OK,Sales,Chennai,Software,Medium,Software Support,Resolved,Tablet,43.8,4,EMP2157,1.825,Missed
TKT11775,2024-04-27,2024-05-02,OK,HR ,Pune,Network,Low,Network Support,Resolved,Laptop,136.8,4,EMP1417,5.7,Missed
TKT14712,2024-07-18,,OK,Unknown,Mumbai,Software,High,Software Support,In Progress,Laptop,0,,EMP1588,0,Met
TKT14248,2024-06-21,2024-06-23,OK,Marketing,Delhi,Email,Low,Email & Messaging Team,Resolved,Tablet,52.7,4,EMP1525,2.196,Missed
TKT11751,2024-02-28,2024-02-29,OK,Marketing,Mumbai,Network,Medium,Network Support,Resolved,Mobile,31.1,5,EMP2041,1.296,Missed
TKT15915,2024-11-18,2024-11-18,OK,Operations,Delhi,Access,High,Identity & Access Team,Resolved,Mobile,1,,EMP2038,0.042,Met
TKT16905,2024-03-22,2024-03-22,OK,HR,Mumbai,Hardware,Medium,Hardware Support,Resolved,DESKTOP,15.6,,EMP1653,0.65,Met
TKT14799,2024-06-15,2024-06-17,OK,Operations,Pune,Email,Medium,Email & Messaging Team,Resolved,Mobile,60.6,5,EMP1511,2.525,Missed
TKT15091,2024-02-02,2024-02-03,OK,HR,Chennai,Hardware,Medium,Hardware Support,Resolved,Desktop,24.8,5,EMP1025,1.033,Missed
TKT13927,2024-10-16,2024-10-16,OK,HR,Delhi,Hardware,Medium,Hardware Support,Resolved,Desktop,21,5,EMP1110,0.875,Met
TKT13900,2025-05-02,,OK,Operations,Bangalore,Hardware,Medium,Hardware Support,In Progress,Desktop,0,,EMP2301,0,Met
TKT10110,2024-01-27,2024-01-27,OK,Legal,Mumbai,Software,High,Software Support,Closed,Laptop,9.4,,EMP2247,0.392,Missed
TKT15525,2024-07-14,2024-07-15,OK,Operations,Pune,Software,Medium,Software Support,Closed,Tablet,43.3,,EMP1174,1.804,Missed
TKT13112,2024-09-20,2024-09-22,OK,Marketing,Hyderabad,Hardware,Medium,Hardware Support,Closed,Server,49.3,4,EMP1614,2.054,Missed
TKT11566,2024-06-02,,OK,Sales,Bangalore,Email,Low,Email & Messaging Team,Open,Mobile,0,,EMP2221,0,Met
TKT11712,2025-01-31,2025-02-01,OK,Operations,Bangalore,Network,medium,Network Support,Resolved,Server,28.1,4,EMP1802,1.171,Missed
TKT12164,2025-04-16,2025-04-16,OK,Marketing,Mumbai,Software, Low,Software Support,Resolved,Laptop,13.9,4,EMP1295,0.579,Unknown Priority:  Low
TKT15419,2024-07-12,2024-07-12,OK,Marketing,Pune,Email,Low,Email & Messaging Team,Resolved,Tablet,20.2,5,EMP2399,0.842,Met
TKT10507,2024-09-07,2024-09-07,OK,Marketing,Pune,Software,Medium,Software Support,Closed,tablet,5.2,4,EMP1350,0.217,Met
TKT10490,2024-06-14,,OK,Operations,Chennai,Hardware,Low,Hardware Support,Open,Desktop,0,,EMP2376,0,Met
TKT10146,2024-11-24,2024-11-24,OK,Sales,Chennai,Access,Critical,Identity & Access Team,Resolved,Laptop,4.8,5,EMP1210,0.2,Missed
TKT11814,2024-07-16,2024-07-16,OK,IT,Pune,Software,Medium,Software Support,Resolved,Laptop,5.9,5,EMP1374,0.246,Met
TKT13960,2024-02-25,2024-02-25,OK,Finance,Pune,Network,Medium,Network Support,Resolved,Desktop,7.5,5,EMP2253,0.313,Met
TKT11197,2024-09-09,,OK,Admin,Mumbai,Software,Critical,Software Support,In Progress,desktop,0,,EMP2102,0,Met
TKT10982,2025-02-21,2025-02-21,OK,Marketing,Delhi,Access,High,NA,Resolved,Laptop,1.7,2,EMP2163,0.071,Met
TKT14124,2024-05-05,,OK,HR,Chennai,Hardware,Low,Hardware Support,In Progress,Desktop,0,,EMP1641,0,Met
TKT10174,2024-09-27,2024-09-28,OK,Operations,Bangalore,Hardware,High,Hardware Support,Resolved,Desktop,24.7,5,EMP2249,1.029,Missed
TKT12890,2024-08-06,2024-08-06,OK,Marketing,Chennai,Hardware,Medium,Hardware Support,Resolved,Server,13.4,4,EMP1989,0.558,Met
TKT11824,2024-08-19,2024-08-19,OK,Admin,Pune,Printer,High,Hardware Support,Resolved,Printer,8.6,5,EMP2246,0.358,Missed
TKT12394,2024-06-14,2024-06-14,OK,Marketing,Mumbai,Access,High,Identity & Access Team,Resolved,Desktop,13.9,4,EMP2042,0.579,Missed
TKT12036,2024-04-22,2024-04-22,OK,Marketing,Pune,Network,Medium,Network Support,Resolved,Desktop,6.9,4,EMP1022,0.288,Met
TKT13140,2025-01-13,2025-01-13,OK,Legal,Pune,Network,Medium,Network Support,Resolved,DESKTOP,23.5,2,EMP1810,0.979,Met
TKT14980,2024-06-25,,OK,Admin,Pune,Access,Medium,Identity & Access Team,In Progress,Mobile,0,,EMP1939,0,Met
TKT15901,2025-02-25,,OK,HR,Hyderabad,Hardware,Medium,Hardware Support,In Progress,DESKTOP,0,,EMP1395,0,Met
TKT15428,2024-07-10,2024-07-11,OK,Sales,Bangalore,Network,Medium,Network Support,Resolved,Server,28,4,EMP1993,1.167,Missed
TKT16091,2024-01-02,,OK,Marketing,Delhi,Hardware,Medium,Hardware Support,In Progress,Desktop,0,,EMP1852,0,Met
TKT13411,2024-07-30,2024-07-30,OK,Sales,Pune,Network,Critical,Network Support,Resolved,Server,9.8,2,EMP1929,0.408,Missed
TKT10970,2024-07-07,2024-07-07,OK,Sales,Chennai,Hardware,Critical,Hardware Support,Resolved,Desktop,1.6,4,EMP1481,0.067,Met
TKT12229,2025-02-11,,OK,Legal,Mumbai,Hardware,High,Hardware Support,Open,Laptop,0,,EMP1402,0,Met
TKT16582,2025-01-17,,OK,Legal,Mumbai,Network,Medium,Network Support,In Progress,Mobile,0,,EMP1613,0,Met
TKT11702,2025-01-19,2025-01-20,OK,Operations,Delhi,Email,Medium,Email & Messaging Team,Resolved,Desktop,28,,EMP2246,1.167,Missed
TKT16577,2025-02-15,2025-02-15,OK,Sales,Mumbai,Email,Low,Email & Messaging Team,Resolved,Tablet,16.4,5,EMP2265,0.683,Met
TKT11509,2024-01-03,2024-01-03,OK,Legal,Bangalore,Email,Medium,Email & Messaging Team,Resolved,Laptop,15.4,2,EMP1770,0.642,Met
TKT16589,2024-05-02,2024-05-03,OK,Finance,Hyderabad,Network,Low,Network Support,Resolved,DESKTOP,0,3,EMP2158,0,Met
TKT15933,2025-01-06,2025-01-06,OK,Finance,Delhi,Email,Low,Email & Messaging Team,Resolved,Desktop,11.6,4,EMP1819,0.483,Met
TKT15073,2024-05-20,,OK,Sales,Pune,Hardware,Medium,Hardware Support,In Progress,Server,0,,EMP1637,0,Met
TKT12871,2024-02-08,2024-02-08,OK,Finance,Mumbai,Software,High,Software Support,Resolved,Desktop,2.8,4,EMP1249,0.117,Met
TKT14228,2024-11-14,2024-11-14,OK,IT,Delhi,Software,High,Software Support,Resolved,Laptop,2,5,EMP1761,0.083,Met
TKT12263,2025-04-25,2025-04-27,OK,Legal,Pune,Access,Medium,Identity & Access Team,Resolved,Mobile,57.3,4,EMP2138,2.388,Missed
TKT11784,2024-06-05,2024-06-06,OK,Operations,Delhi,Access,Medium,Identity & Access Team,Resolved,Laptop,36.4,1,EMP2277,1.517,Missed
TKT12831,2024-09-27,,OK,Admin,Mumbai,Software,High,Email & Messaging Team,In Progress,Tablet,0,,EMP2374,0,Met
TKT11870,2024-04-26,2024-04-26,OK,Admin,Pune,Network,High,Network Support,Closed,Server,4.3,4,EMP1167,0.179,Met
TKT12135,2024-10-15,2024-10-15,OK,Admin,Bangalore,Network,Medium,Network Support,Resolved,Server,8,5,EMP2223,0.333,Met
TKT12733,2024-01-19,2024-01-19,OK,Operations,Bangalore,Software,High,Software Support,Resolved,Laptop,14.6,5,EMP2339,0.608,Missed
TKT16925,2024-04-21,2024-04-26,OK,Operations,Mumbai,Hardware,Low,Hardware Support,Resolved,Desktop,132.6,4,EMP2121,5.525,Missed
TKT16051,2024-10-06,2024-10-06,OK,Marketing,Hyderabad,Hardware,Medium,Network Support,Resolved,Laptop,14.5,5,EMP2239,0.604,Met
TKT14448,2024-01-02,2024-01-05,OK,Operations,Mumbai,Access,LOW,Identity & Access Team,Resolved,LAPTOP,77.7,1,EMP1865,3.238,Missed
TKT13568,2025-06-04,,OK,Finance,Bangalore,Access,Medium,Identity & Access Team,In Progress,Mobile,0,,EMP1085,0,Met
TKT10457,2024-11-03,2024-11-04,OK,Operations,Pune,Email,Medium,Email & Messaging Team,Resolved,Laptop,46.2,4,EMP1076,1.925,Missed
TKT12426,2024-04-27,2024-04-28,OK,Legal,Bangalore,Software,Medium,Software Support,Resolved,Tablet,28.2,5,EMP1796,1.175,Missed
TKT14499,2024-04-12,2024-04-13,OK,Admin,Pune,Network,Medium,Network Support,Resolved,Mobile,26.9,4,EMP1879,1.121,Missed
TKT10686,2025-03-28,2025-04-01,OK,Finance,Mumbai,Software,low,NA,Resolved,Desktop,96.3,,EMP1707,4.013,Missed
TKT16481,2024-02-21,2024-02-21,OK,Legal,Mumbai,Network,Critical,Network Support,Resolved,Mobile,5.9,5,EMP1946,0.246,Missed
TKT16229,2024-07-03,2024-07-03,OK,Marketing,Pune,Hardware, Medium,Hardware Support,Resolved,Laptop,14.6,,EMP2160,0.608,Unknown Priority:  Medium
TKT12931,2025-03-28,2025-03-28,OK,Finance,Pune,Software,Medium,Software Support,Resolved,Tablet,23.4,,EMP1425,0.975,Met
TKT10705,2025-05-31,2025-05-31,OK,IT,Hyderabad,Email,Critical,Email & Messaging Team,Resolved,Desktop,7,,EMP1788,0.292,Missed
TKT15990,2024-02-15,2024-02-15,OK,Marketing,Bangalore,Software,High,Software Support,Resolved,Tablet,4.6,5,EMP1713,0.192,Met
TKT15526,2025-01-24,2025-01-24,OK,Legal,Delhi,Network,Medium,NA,Closed,Laptop,10.3,,EMP1231,0.429,Met
TKT12769,2024-01-18,,OK,Operations,Mumbai,Software,Medium,Hardware Support,In Progress,Desktop,0,,EMP1376,0,Met
TKT15804,2024-07-29,,OK,Marketing,Delhi,Email,High,Email & Messaging Team,In Progress,Desktop,0,,EMP1538,0,Met
TKT12583,2024-05-12,2024-05-12,OK,Operations,Pune,Hardware,MEDIUM,Hardware Support,Resolved,Server,6.9,,EMP1519,0.288,Met
TKT12717,2024-08-20,2024-08-20,OK,Operations,Pune,Hardware,Medium,Hardware Support,Resolved,Desktop,23.4,,EMP1932,0.975,Met
TKT12691,2024-07-03,2024-07-03,OK,HR ,Mumbai,Hardware,Critical,Hardware Support,Resolved,Laptop,2.1,5,EMP1787,0.088,Met
TKT12825,2025-01-12,2025-01-14,OK,Finance,Pune,Software,Low,Software Support,Resolved,Tablet,65.7,5,EMP1983,2.738,Missed
TKT14951,2024-01-25,2024-01-25,OK,Operations,Bangalore,Network,Critical,Network Support,Resolved,Server,0.8,3,EMP1112,0.033,Met
TKT13343,2024-11-02,2024-11-02,OK,Legal,Delhi,Software,High,Software Support,Resolved,Laptop,3.2,5,EMP1171,0.133,Met
TKT14526,2024-02-12,2024-02-12,OK,Operations,Mumbai,Access,High,Identity & Access Team,Closed,Desktop,3.6,5,EMP1412,0.15,Met
TKT15661,2024-01-31,2024-01-31,OK,Legal,Bangalore,Email,Critical,Email & Messaging Team,Resolved,Desktop,3.7,4,EMP1373,0.154,Met
TKT16799,2025-04-25,2025-04-25,OK,Admin,Bangalore,Hardware,High,Hardware Support,Resolved,Server,7.7,4,EMP1471,0.321,Met
TKT16261,2024-11-22,2024-11-22,OK,Sales,Chennai,Software,Medium,Software Support,Resolved,Desktop,21.6,5,EMP1327,0.9,Met
TKT12035,2024-03-30,2024-04-01,OK,Operations,Mumbai,Printer,Low,Hardware Support,Resolved,Printer,55.9,4,EMP2063,2.329,Missed
TKT10046,2024-08-28,2024-08-28,OK,Marketing,Delhi,Software,Medium,Software Support,Closed,Laptop,15.6,5,EMP1556,0.65,Met
TKT16570,2024-09-29,2024-10-02,OK,Finance,Delhi,Access,Medium,Identity & Access Team,Resolved,Mobile,80,3,EMP1952,3.333,Missed
TKT14636,2024-01-21,2024-01-21,OK,Finance,Pune,Network,Medium,Network Support,Resolved,laptop,1.4,5,EMP1133,0.058,Met
TKT16953,2025-03-02,2025-03-02,OK,IT,Pune,Access,High,Identity & Access Team,Resolved,Laptop,2.8,1,EMP2370,0.117,Met
TKT11142,2024-10-25,2024-10-25,OK,Marketing,Bangalore,Hardware,Medium,Hardware Support,Resolved,Server,21.1,5,EMP1044,0.879,Met
TKT13576,2025-05-28,2025-05-30,OK,Sales,Pune,Network,Low,Network Support,Resolved,Laptop,53.1,4,EMP2166,2.213,Missed
TKT10691,2025-01-04,2025-01-04,OK,Operations,Delhi,Software,High,Software Support,Resolved,Tablet,4.5,5,EMP1930,0.188,Met
TKT16186,2024-07-18,2024-07-18,OK,Sales,Bangalore,network,critical,Network Support,Closed,Laptop,0.3,4,EMP1369,0.013,Met
TKT15643,2024-08-29,2024-08-30,OK,IT,Chennai,Software,Medium,Software Support,Resolved,Tablet,38.8,3,EMP2311,1.617,Missed
TKT15107,2024-12-20,2024-12-20,OK,Marketing,Bangalore,Software,High,Software Support,Resolved,desktop,18.8,,EMP1583,0.783,Missed
TKT13257,2024-12-15,2024-12-18,OK,Finance,Mumbai,Email,Low,Hardware Support,Resolved,Desktop,81.1,5,EMP1937,3.379,Missed
TKT10524,2024-02-08,2024-02-08,OK,Sales,Delhi,Access,High,Identity & Access Team,Resolved,mobile,10.4,4,EMP2163,0.433,Missed
TKT12557,2025-04-24,2025-04-24,OK,HR,Mumbai,Network, High,Network Support,Resolved,Server,0.7,4,EMP1634,0.029,Unknown Priority:  High
TKT13858,2024-08-26,2024-08-28,OK,Sales,Bangalore,Access,Medium,Identity & Access Team,Resolved,Laptop,49.8,2,EMP1613,2.075,Missed
TKT10439,2024-08-11,,OK,Operations,Bangalore,Network,Medium,Network Support,In Progress,Server,0,,EMP1231,0,Met
TKT13743,2024-08-27,2024-08-27,OK,Sales,Mumbai,Network,Medium,Network Support,Resolved,Server,12.4,,EMP1201,0.517,Met
TKT12760,2025-04-06,2025-04-06,OK,HR,Bangalore,Hardware,Medium,NA,Resolved,Laptop,7.5,5,EMP1319,0.313,Met
TKT13388,2025-06-23,,OK,IT,Mumbai,Access,Medium,Identity & Access Team,In Progress,Desktop,0,,EMP1047,0,Met
TKT14550,2025-02-20,2025-02-21,OK,Marketing,Chennai,Hardware,Medium,Hardware Support,Resolved,Desktop,44.7,,EMP1748,1.863,Missed
TKT12712,2025-03-15,2025-03-15,OK,Sales,Mumbai,Hardware,Medium,Hardware Support,Closed,Laptop,18.8,2,EMP2110,0.783,Met
TKT10907,2025-04-11,2025-04-11,OK,Operations,Pune,Email,Medium,Email & Messaging Team,Resolved,Tablet,5.4,4,EMP1847,0.225,Met
TKT11600,2025-02-11,2025-02-11,OK,Operations,Bangalore,Hardware,Medium,Hardware Support,Resolved,Desktop,12.3,1,EMP1372,0.513,Met
TKT13649,2024-06-09,,OK,Admin,Mumbai,Email,Medium,Email & Messaging Team,Open,Tablet,0,,EMP2031,0,Met
TKT10683,2024-01-31,2024-01-31,OK,Operations,Mumbai,Hardware,Medium,Hardware Support,Resolved,Server,11.6,1,EMP1906,0.483,Met
TKT13899,2024-04-12,2024-04-12,OK,IT,Mumbai,Access,Low,Identity & Access Team,Resolved,Desktop,18.2,5,EMP1443,0.758,Met
TKT15200,2025-04-13,2025-04-13,OK,Marketing,Hyderabad,Email,Medium,Email & Messaging Team,Closed,Mobile,2.3,3,EMP2227,0.096,Met
TKT14825,2024-06-22,,OK,Legal,Bangalore,NETWORK,Low,Network Support,In Progress,Desktop,0,,EMP1400,0,Met
TKT12802,2024-07-22,2024-07-22,OK,IT,Chennai,Hardware,Medium,Hardware Support,Resolved,Server,9,5,EMP2332,0.375,Met
TKT13094,2024-01-07,,OK,Operations,Pune,Email,Medium,Email & Messaging Team,Open,Mobile,0,,EMP2285,0,Met
TKT10364,2024-10-12,2024-10-12,OK,HR ,Delhi,Network,High,Network Support,Resolved,Mobile,10.1,3,EMP2139,0.421,Missed
TKT15733,2024-04-12,2024-04-12,OK,Operations,Hyderabad,Hardware,Critical,Hardware Support,Resolved,Server,2.8,3,EMP1321,0.117,Met
TKT11043,2024-06-04,2024-06-04,OK,Finance,Bangalore,Access,Medium,Identity & Access Team,Closed,Mobile,9.9,5,EMP1195,0.413,Met
TKT16700,2024-04-29,2024-04-30,OK,Finance,Bangalore,Network,Low,Network Support,Resolved,Laptop,38,4,EMP1189,1.583,Met
TKT13219,2024-01-09,2024-01-09,OK,Sales,Chennai,Network,High,Network Support,Resolved,Laptop,11.9,5,EMP1791,0.496,Missed
TKT15857,2024-07-16,2024-07-16,OK,Marketing,Mumbai,Network,Medium,Network Support,Resolved,Server,15.4,,EMP1484,0.642,Met
TKT10481,2024-02-20,2024-02-20,OK,Finance,Hyderabad,Software,Medium,Software Support,Resolved,Tablet,2,4,EMP1388,0.083,Met
TKT12379,2024-06-01,2024-06-03,OK,Marketing,Mumbai,Email,Medium,Email & Messaging Team,Closed,Tablet,52,5,EMP2129,2.167,Missed
TKT12822,2024-10-27,2024-10-27,OK,HR,Delhi,Email,High,Email & Messaging Team,Resolved,Tablet,1.1,5,EMP1259,0.046,Met
TKT13798,2024-03-09,2024-03-09,OK,Sales,Hyderabad,network,Medium,Network Support,Resolved,Desktop,10.8,,EMP1180,0.45,Met
TKT15893,2024-01-21,2024-01-21,OK,IT,Chennai,network,high,Network Support,Resolved,Mobile,15.5,3,EMP1555,0.646,Missed
TKT16291,2025-01-26,2025-01-26,OK,Finance,Mumbai,Access,Critical,Identity & Access Team,Resolved,Desktop,5.3,4,EMP1211,0.221,Missed
TKT11541,2024-05-12,2024-05-13,OK,Sales,Delhi,Hardware,Low,Hardware Support,Closed,Laptop,44.6,5,EMP1750,1.858,Met
TKT16642,2024-02-12,2024-02-13,OK,Operations,Delhi,Access,Low,Identity & Access Team,Resolved,Laptop,32.8,4,EMP1063,1.367,Met
TKT11114,2025-06-30,2025-07-01,OK,Finance,Mumbai,Hardware,Medium,Hardware Support,Resolved,Server,32.3,5,EMP1048,1.346,Missed
TKT14272,2025-02-28,2025-03-02,OK,Operations,Delhi,network,Medium,Network Support,Resolved,Server,54.5,4,EMP1320,2.271,Missed
TKT13918,2024-07-21,,OK,Finance,Delhi,Software,medium,Software Support,In Progress,Tablet,0,,EMP1115,0,Met
TKT15168,2025-03-25,2025-03-26,OK,HR,Pune,Access,Low,Identity & Access Team,Resolved,Desktop,42.5,5,EMP1093,1.771,Met
TKT16605,2024-10-16,2024-10-18,OK,HR,Chennai,Software,Low,Software Support,Closed,Laptop,52.4,4,EMP1844,2.183,Missed
TKT13564,2024-05-10,2024-05-10,OK,IT,Hyderabad,Email,Medium,Email & Messaging Team,Closed,Desktop,14.7,5,EMP2382,0.613,Met
TKT10773,2024-02-08,2024-02-08,OK,IT,Pune,Network,Medium,Network Support,Resolved,Mobile,11.6,,EMP1487,0.483,Met
TKT10287,2024-08-12,2024-08-12,OK,Marketing,Bangalore,Email,Medium,Email & Messaging Team,Resolved,Desktop,21.9,,EMP1060,0.913,Met
TKT16686,2024-10-16,2024-10-16,OK,Admin,Chennai,Email,Medium,Email & Messaging Team,Resolved,Tablet,21.9,,EMP2062,0.913,Met
TKT11082,2024-07-24,2024-07-25,OK,IT,Delhi,Email,Medium,Email & Messaging Team,Resolved,Laptop,27.4,2,EMP1352,1.142,Missed
TKT12513,2024-07-31,2024-07-31,OK,Operations,Bangalore,Email,Medium,Email & Messaging Team,Resolved,Desktop,23.7,5,EMP1674,0.988,Met
TKT15695,2024-08-07,,OK,Sales,Pune,Hardware,Medium,Hardware Support,Open,Laptop,0,,EMP1324,0,Met
TKT14639,2024-04-13,2024-04-13,OK,Finance,Pune,Network,High,Network Support,Resolved,Laptop,7.5,5,EMP2083,0.313,Met
TKT10078,2025-06-04,2025-06-04,OK,Operations,Mumbai,Software,Medium,Software Support,Resolved,Laptop,19.6,,EMP1279,0.817,Met
TKT12292,2024-09-21,2024-09-23,OK,Marketing,Delhi,Email,Medium,Email & Messaging Team,Closed,Tablet,48,4,EMP1211,2,Missed
TKT10552,2024-06-26,2024-06-26,OK,Operations,Mumbai,Printer,Medium,Hardware Support,Closed,Printer,13,3,EMP1687,0.542,Met
TKT14174,2024-11-21,2024-11-21,OK,Legal,Bangalore,Software,High,Software Support,Resolved,Laptop,9.5,4,EMP1940,0.396,Missed
TKT10498,2024-06-08,2024-06-11,OK,IT,Mumbai,Access,Low,Identity & Access Team,Resolved,Mobile,81.1,5,EMP2284,3.379,Missed
TKT10596,2024-07-11,2024-07-13,OK,Sales,Bangalore,Hardware,Low,Hardware Support,Resolved,Laptop,65.1,5,EMP2144,2.713,Missed
TKT11701,2025-01-25,2025-01-26,OK,Marketing,Mumbai,Access,Medium,Identity & Access Team,Resolved,Mobile,32.2,5,EMP2138,1.342,Missed
TKT16107,2025-04-12,2025-04-12,OK,Legal,Bangalore,Access,Low,Identity & Access Team,Resolved,Laptop,5.6,4,EMP1926,0.233,Met
TKT10366,2025-02-17,2025-02-18,OK,Finance,Delhi,Software,Low,Software Support,Resolved,Tablet,41.5,5,EMP1188,1.729,Met
TKT16218,2024-08-21,,OK,IT,Delhi,Software,Medium,Software Support,Open,Tablet,0,,EMP1160,0,Met
TKT15681,2024-08-01,2024-08-01,OK,Finance,Delhi,Software,Low,Software Support,Resolved,Desktop,21.9,3,EMP2017,0.913,Met
TKT10004,2024-03-12,2024-03-12,OK,Sales,Pune,Email,Critical,Email & Messaging Team,Resolved,Mobile,2.8,5,EMP1093,0.117,Met
TKT10429,2025-06-30,2025-06-30,OK,Operations,Pune,Software,Medium,Software Support,Resolved,TABLET,13.1,,EMP1634,0.546,Met
TKT15568,2024-11-19,2024-11-19,OK,Marketing,Delhi,Software, Medium,Software Support,Closed,Laptop,23.4,,EMP1858,0.975,Unknown Priority:  Medium
TKT14713,2025-03-01,2025-03-01,OK,Finance,Chennai,Network,High,Network Support,Resolved,Mobile,9,,EMP2299,0.375,Missed
TKT14114,2025-01-16,2025-01-16,OK,IT,Bangalore,Software,Medium,Software Support,Resolved,Laptop,12.6,4,EMP2095,0.525,Met
TKT13594,2024-01-17,2024-01-22,OK,Sales,Delhi,Software,Low,Software Support,Closed,Laptop,120.2,4,EMP2366,5.008,Missed
TKT10521,2024-05-08,2024-05-09,OK,Operations,Bangalore,Network,Medium,Network Support,Resolved,Mobile,31.3,4,EMP1275,1.304,Missed
TKT16538,2025-03-26,2025-03-26,OK,Finance,Mumbai,Network,High,Network Support,Resolved,Mobile,8.6,5,EMP2016,0.358,Missed
TKT15289,2025-02-22,2025-02-22,OK,Admin,Mumbai,Hardware,High,Hardware Support,Closed,Server,4.8,4,EMP1787,0.2,Met
TKT12924,2025-01-01,2025-01-02,OK,Sales,Bangalore,Email,Low,Email & Messaging Team,Resolved,Tablet,24.2,5,EMP2260,1.008,Met
TKT14926,2025-01-09,2025-01-10,OK,Sales,Mumbai,Access,Medium,Identity & Access Team,Resolved,Desktop,27,5,EMP1935,1.125,Missed
TKT14927,2025-03-14,2025-03-14,OK,HR,Mumbai,Hardware,High,Hardware Support,Resolved,Server,4,4,EMP1646,0.167,Met
TKT13172,2024-12-01,2024-12-01,OK,Operations,Pune,Hardware,High,Hardware Support,Closed,Laptop,5.5,3,EMP2254,0.229,Met
TKT11533,2025-03-14,,OK,HR,Bangalore,Software,Medium,Software Support,In Progress,Laptop,0,,EMP1852,0,Met
TKT12719,2025-02-04,2025-02-05,OK,Operations,Mumbai,Software,Medium,Software Support,Resolved,Desktop,40.7,5,EMP1933,1.696,Missed
TKT13740,2024-03-04,,OK,Sales,Bangalore,Network,Medium,Network Support,Open,Desktop,0,,EMP2319,0,Met
TKT12632,2024-05-26,2024-05-26,OK,HR,Mumbai,Access,High,Identity & Access Team,Closed,Laptop,19.1,4,EMP2239,0.796,Missed
TKT16599,2025-05-31,2025-06-01,OK,Marketing,Hyderabad,Access,Medium,Identity & Access Team,Resolved,Desktop,31.1,1,EMP1113,1.296,Missed
TKT16197,2024-02-14,2024-02-14,OK,Admin,Mumbai,Access,Critical,Identity & Access Team,Resolved,Laptop,4.4,4,EMP1382,0.183,Missed
TKT12664,2024-08-19,2024-08-19,OK,Finance,Pune,Network,High,Network Support,Resolved,Server,13.2,5,EMP1036,0.55,Missed
TKT10183,2024-01-15,2024-01-15,OK,Sales,Pune,Network,High,Network Support,Closed,Server,19.1,4,EMP1690,0.796,Missed
TKT13794,2024-01-23,2024-01-23,OK,Finance,Delhi,Software,High,Software Support,Resolved,Laptop,4,,EMP1899,0.167,Met
TKT14284,2024-09-29,2024-09-30,OK,Operations,Chennai,Access,Low,Identity & Access Team,Resolved,Desktop,44,1,EMP1389,1.833,Met
TKT16012,2024-10-01,2024-10-01,OK,Sales,Bangalore,Software,Medium,Software Support,Closed,Desktop,17.6,4,EMP1075,0.733,Met
TKT15025,2024-06-22,,OK,Sales,Bangalore,Network,High,Network Support,In Progress,Mobile,0,,EMP1353,0,Met
TKT13382,2025-03-23,2025-03-23,OK,Admin,Mumbai,Software,Low,Software Support,Resolved,Desktop,16.7,,EMP1436,0.696,Met
TKT12884,2024-12-28,2024-12-28,OK,Sales,Mumbai,Network,High,Network Support,Closed,Mobile,2.9,4,EMP1891,0.121,Met
TKT12450,2025-04-05,2025-04-05,OK,IT,Bangalore,Hardware,Medium,Hardware Support,Resolved,Desktop,9.4,5,EMP1550,0.392,Met
TKT10154,2025-01-12,2025-01-12,OK,Sales,Pune,Network,High,Network Support,Resolved,Laptop,0.9,4,EMP1957,0.038,Met
TKT12364,2025-03-09,,OK,Operations,Bangalore,NETWORK,Low,Network Support,In Progress,Desktop,0,,EMP1284,0,Met
TKT10918,2024-09-08,2024-09-09,OK,Marketing,Delhi,Network,Medium,Network Support,Resolved,Desktop,47.7,5,EMP1774,1.988,Missed
TKT10933,2025-06-30,2025-06-30,OK,Operations,Bangalore,Network,Medium,Network Support,Resolved,Mobile,10.4,4,EMP2080,0.433,Met
TKT11356,2025-01-21,2025-01-21,OK,Sales,Delhi,Access,High,Identity & Access Team,Resolved,Laptop,2.1,4,EMP1278,0.088,Met
TKT15292,2024-12-22,2024-12-22,OK,Marketing,Hyderabad,network,Critical,Network Support,Resolved,Laptop,1.3,5,EMP1264,0.054,Met
TKT14323,2025-02-18,2025-02-20,OK,HR,Chennai,Software,Low,Software Support,Closed,Laptop,51.2,4,EMP1019,2.133,Missed
TKT15960,2024-07-07,2024-07-07,OK,IT,Bangalore,Hardware,High,Identity & Access Team,Resolved,Desktop,4.7,5,EMP1865,0.196,Met
TKT12317,2025-04-26,2025-04-26,OK,Finance,Bangalore,Software,Low,Software Support,Resolved,Desktop,20.4,4,EMP1789,0.85,Met
TKT10267,2024-10-02,2024-10-03,OK,Unknown,Bangalore,Access,Medium,Identity & Access Team,Closed,Laptop,25.8,1,EMP1241,1.075,Missed
TKT12151,2024-08-16,2024-08-17,OK,Sales,Mumbai,Network,Medium,Network Support,Resolved,Laptop,33.1,,EMP1062,1.379,Missed
TKT11087,2024-07-03,2024-07-03,OK,Finance,Mumbai,Software,Critical,Software Support,Resolved,Laptop,8,4,EMP1871,0.333,Missed
TKT11675,2024-12-04,2024-12-04,OK,Sales,Hyderabad,Email,Low,Email & Messaging Team,Resolved,Desktop,14.5,5,EMP1684,0.604,Met
TKT14541,2025-06-26,2025-06-26,OK,Marketing,Bangalore,Software,Critical,Software Support,Closed,Desktop,1.9,1,EMP1493,0.079,Met
TKT14478,2025-02-03,2025-02-03,OK,Admin,Delhi,Hardware,High,Hardware Support,Resolved,Server,3.8,3,EMP2000,0.158,Met
TKT10064,2025-04-25,2025-04-26,OK,Marketing,Delhi,Network,Low,Network Support,Resolved,Laptop,43.1,3,EMP1980,1.796,Met
TKT13637,2024-04-28,,OK,IT,Bangalore,Software,High,Software Support,Open,Desktop,0,,EMP2229,0,Met
TKT14371,2024-03-08,,OK,Legal,Chennai,Network,Critical,Network Support,In Progress,Desktop,0,,EMP2141,0,Met
TKT15207,2025-03-31,2025-03-31,OK,HR,Hyderabad,Hardware,Medium,Software Support,Resolved,Server,16.6,5,EMP1166,0.692,Met
TKT10570,2024-03-09,2024-03-09,OK,Sales,Pune,Hardware,Medium,Hardware Support,Resolved,Desktop,11.7,3,EMP2148,0.488,Met
TKT12228,2024-01-20,,OK,Legal,Pune,Network,Medium,Network Support,Open,Mobile,0,,EMP2138,0,Met
TKT14474,2024-05-08,2024-05-09,OK,Operations,Bangalore,Hardware,Medium,Hardware Support,Closed,Desktop,39.9,5,EMP2250,1.663,Missed
TKT13159,2024-05-17,2024-05-17,OK,IT,Bangalore,Access,Low,Identity & Access Team,Resolved,Laptop,21.4,,EMP2267,0.892,Met
TKT11918,2025-02-16,2025-02-16,OK,Operations,Pune,Network,Medium,Network Support,Closed,Server,12.9,2,EMP1928,0.538,Met
TKT12730,2024-11-08,2024-11-08,OK,Finance,Chennai,Access,Medium,Identity & Access Team,Closed,Desktop,18.5,5,EMP1018,0.771,Met
TKT12040,2024-12-03,2024-12-03,OK,Unknown,Delhi,Software,Medium,NA,Resolved,Laptop,5.7,5,EMP2384,0.238,Met
TKT16883,2025-06-14,2025-06-17,OK,Sales,Pune,Network,Low,Network Support,Resolved,desktop,92.4,,EMP2012,3.85,Missed
TKT12068,2025-01-28,2025-01-28,OK,Admin,Pune,Software,High,Email & Messaging Team,Resolved,Tablet,19.5,5,EMP1853,0.813,Missed
TKT11579,2024-07-20,2024-07-20,OK,Legal,Mumbai,Software,High,Software Support,Resolved,Desktop,8.6,4,EMP1050,0.358,Missed
TKT10026,2024-08-06,2024-08-06,OK,Sales,Hyderabad,Printer,Critical,Hardware Support,Resolved,Printer,1.3,5,EMP2036,0.054,Met
TKT13732,2024-07-27,,OK,Sales,Hyderabad,Email,Low,Email & Messaging Team,In Progress,Laptop,0,,EMP1908,0,Met
TKT10143,2024-07-23,2024-07-26,OK,HR,Pune,Access,Low,Identity & Access Team,Resolved,Laptop,82.3,4,EMP1085,3.429,Missed
TKT11767,2024-12-23,2024-12-23,OK,Legal,Bangalore,Email,Medium,Email & Messaging Team,Resolved,Mobile,5.2,4,EMP1576,0.217,Met
TKT11570,2025-05-08,2025-05-08,OK,IT,Hyderabad,NETWORK,Critical,Hardware Support,Resolved,Laptop,2.7,4,EMP1110,0.113,Met
TKT16113,2025-02-16,2025-02-16,OK,Marketing,Pune,Hardware,High,Hardware Support,Resolved,Laptop,4.7,4,EMP2085,0.196,Met
TKT13161,2025-04-04,2025-04-04,OK,IT,Hyderabad,Access,Low,Identity & Access Team,Resolved,Laptop,11.3,5,EMP2331,0.471,Met
TKT14962,2025-04-01,2025-04-01,OK,IT,Bangalore,Software,Medium,Software Support,Closed,Desktop,9.9,5,EMP2349,0.413,Met
TKT16898,2024-08-04,2024-08-04,OK,Admin,Delhi,network,High,Network Support,Resolved,Desktop,5,4,EMP2364,0.208,Met
TKT10340,2024-04-07,2024-04-09,OK,Operations,Chennai,Email,Medium,Email & Messaging Team,Closed,Tablet,59.2,3,EMP1093,2.467,Missed
TKT14116,2024-04-04,2024-04-06,OK,Legal,Hyderabad,Printer,Medium,Hardware Support,Closed,Printer,49.1,2,EMP1981,2.046,Missed
TKT15878,2024-03-08,2024-03-08,OK,Unknown,Bangalore,Email,High,Email & Messaging Team,Closed,Tablet,4.5,3,EMP2091,0.188,Met
TKT16897,2024-03-29,2024-03-27,ERROR,Sales,Bangalore,Network,Low,Network Support,Resolved,Laptop,10.3,5,EMP1087,0.429,Met
TKT16792,2025-04-30,2025-04-30,OK,Finance,Bangalore,Access,High,Identity & Access Team,Closed,Mobile,8.3,,EMP1606,0.346,Missed
TKT15679,2025-05-03,2025-05-05,OK,HR,Chennai,Email,Medium,Email & Messaging Team,Resolved,Mobile,51.1,5,EMP1529,2.129,Missed
TKT10164,2025-05-24,,OK,Admin,Delhi,Network,HIGH,Identity & Access Team,In Progress,Mobile,0,,EMP1047,0,Met
TKT13189,2024-03-27,2024-03-28,OK,Legal,Pune,Software,Medium,Software Support,Resolved,Laptop,30.1,,EMP2091,1.254,Missed
TKT15807,2024-10-09,2024-10-09,OK,Legal,Delhi,Hardware,Medium,Hardware Support,Resolved,Laptop,6.7,5,EMP1045,0.279,Met
TKT15228,2024-07-20,2024-07-20,OK,Finance,Pune,Network,HIGH,Network Support,Resolved,Mobile,1.5,4,EMP1082,0.063,Met
TKT10157,2025-06-15,2025-06-15,OK,Finance,Pune,Network,High,Network Support,Resolved,Desktop,3.6,3,EMP1581,0.15,Met
TKT14889,2024-11-30,2024-12-01,OK,Finance,Delhi,Hardware,Low,Software Support,Resolved,Laptop,26.3,5,EMP1307,1.096,Met
TKT12823,2024-05-27,2024-05-27,OK,Operations,Bangalore,Network,Low,Network Support,Resolved,Server,3.1,4,EMP2083,0.129,Met
TKT11063,2025-01-04,2025-01-04,OK,Admin,Hyderabad,Hardware,High,Hardware Support,Resolved,Laptop,6.3,4,EMP2077,0.263,Met
TKT15560,2025-01-16,2025-01-16,OK,Admin,Pune,Network,Medium,Network Support,Resolved,Server,5.2,3,EMP1312,0.217,Met
TKT14255,2024-11-26,2024-11-26,OK,Sales,Pune,Access,Critical,Identity & Access Team,Resolved,desktop,1.7,4,EMP2056,0.071,Met
TKT13810,2025-02-02,2025-02-02,OK,Legal,Delhi,Access,Medium,Identity & Access Team,Resolved,Desktop,1.7,3,EMP2290,0.071,Met
TKT16479,2024-03-28,,OK,Finance,Delhi,Access,High,Identity & Access Team,In Progress,Laptop,0,,EMP2017,0,Met
TKT10115,2024-10-23,2024-10-23,OK,Sales,Bangalore,Network,High,Network Support,Closed,Desktop,5.5,4,EMP1671,0.229,Met
TKT15420,2025-06-02,2025-06-02,OK,Finance,Bangalore,Access,Critical,Identity & Access Team,Closed,LAPTOP,4.3,1,EMP1462,0.179,Missed
TKT15050,2024-10-19,2024-10-20,OK,IT,Delhi,Software,Medium,Software Support,Resolved,Desktop,30.5,4,EMP2108,1.271,Missed
TKT13547,2024-01-25,2024-01-29,OK,Sales,Chennai,Hardware,LOW,Hardware Support,Closed,Server,96.9,4,EMP1602,4.038,Missed
TKT15939,2025-06-28,,OK,Legal,Chennai,Hardware,Medium,Hardware Support,Open,desktop,0,,EMP2335,0,Met
TKT12131,2025-03-06,2025-03-07,OK,Finance,Delhi,Software,Medium,Software Support,Resolved,Laptop,41.4,5,EMP1282,1.725,Missed
TKT13784,2025-02-28,2025-02-28,OK,Finance,Mumbai,Access,Medium,Identity & Access Team,Resolved,Mobile,21.6,,EMP2105,0.9,Met
TKT12791,2024-01-13,2024-01-13,OK,Sales,Delhi,Printer,High,Hardware Support,Resolved,Printer,0.4,5,EMP2381,0.017,Met
TKT11680,2025-03-24,2025-03-24,OK,IT,Hyderabad,Access,Low,Identity & Access Team,Resolved,Mobile,11.5,5,EMP1642,0.479,Met
TKT15697,2025-03-28,,OK,Operations,Delhi,Printer,Medium,Hardware Support,Open,Printer,0,,EMP1474,0,Met
TKT11288,2024-10-19,2024-10-19,OK,HR,Pune,Software,High,Software Support,Resolved,Desktop,0,4,EMP1924,0,Met
TKT13097,2024-02-14,2024-02-14,OK,Finance,Mumbai,Access,High,Identity & Access Team,Resolved,Desktop,6,4,EMP1359,0.25,Met
TKT13866,2024-05-31,2024-06-01,OK,Finance,Mumbai,Printer,Medium,Hardware Support,Closed,Printer,33.4,3,EMP1364,1.392,Missed
TKT16706,2025-04-30,2025-04-30,OK,IT,Bangalore,Email,Medium,Email & Messaging Team,Resolved,Laptop,1.7,1,EMP2243,0.071,Met
TKT12940,2024-12-03,2024-12-04,OK,HR,Hyderabad,Hardware,Low,Hardware Support,Resolved,Server,32,,EMP1362,1.333,Met
TKT10803,2025-03-09,2025-03-09,OK,IT,Mumbai,Access,High,Identity & Access Team,Closed,Laptop,3.8,5,EMP1654,0.158,Met
TKT16500,2024-03-04,2024-03-04,OK,Operations,Delhi,Software,High,Software Support,Resolved,laptop,7.1,2,EMP1730,0.296,Met
TKT16032,2025-03-09,,OK,Legal,Delhi,Network,Medium,Hardware Support,Open,Mobile,0,,EMP1282,0,Met
TKT10882,2024-06-09,2024-06-09,OK,Sales,Delhi,Network,Medium,Network Support,Resolved,Desktop,15.2,,EMP1556,0.633,Met
TKT13909,2024-11-17,2024-11-17,OK,HR,Hyderabad,Software,Medium,Software Support,Resolved,Tablet,22.4,4,EMP1532,0.933,Met
TKT14125,2024-04-05,2024-04-05,OK,Marketing,Mumbai,Access,medium,Identity & Access Team,Resolved,Desktop,15.4,4,EMP2334,0.642,Met
TKT14427,2024-12-30,2025-01-01,OK,Finance,Pune,Network,Low,Network Support,Resolved,Laptop,49.6,1,EMP2300,2.067,Missed
TKT16292,2025-01-25,2025-01-25,OK,Marketing,Hyderabad,Email,Medium,Email & Messaging Team,Closed,Desktop,10.5,4,EMP2102,0.438,Met
TKT13982,2025-03-21,2025-03-22,OK,Sales,Delhi,Software,Medium,Software Support,Resolved,Tablet,29.2,5,EMP1364,1.217,Missed
TKT14013,2024-06-12,2024-06-13,OK,Sales,Bangalore,Software,Medium,Software Support,Resolved,Laptop,28.7,5,EMP1791,1.196,Missed
TKT11848,2024-06-23,2024-06-23,OK,Sales,Bangalore,Access,High,Identity & Access Team,Resolved,Mobile,2.5,5,EMP1197,0.104,Met
TKT10849,2024-02-18,2024-02-19,OK,Finance,Pune,Software,Low,Software Support,Resolved,Laptop,31.2,2,EMP1372,1.3,Met
TKT13635,2025-05-06,2025-05-06,OK,HR,Mumbai,Software,High,Software Support,Resolved,LAPTOP,2.6,,EMP2182,0.108,Met
TKT16866,2025-05-01,2025-05-02,OK,Admin,Bangalore,Email,Low,Email & Messaging Team,Resolved,Desktop,31.4,5,EMP1276,1.308,Met
TKT14684,2024-06-29,2024-06-29,OK,Sales,Delhi,Hardware,High,Hardware Support,Closed,Desktop,4.6,4,EMP1254,0.192,Met
TKT12455,2025-03-19,2025-03-19,OK,Marketing,Bangalore,Hardware,High,Hardware Support,Resolved,Server,8.2,5,EMP2196,0.342,Missed
TKT16390,2024-09-16,2024-09-16,OK,Admin,Pune,Network,Medium,Network Support,Closed,desktop,16.2,2,EMP1735,0.675,Met
TKT14886,2024-07-09,2024-07-09,OK,Sales,Bangalore,Printer,Medium,Identity & Access Team,Resolved,Printer,22.6,4,EMP1791,0.942,Met
TKT16935,2025-06-24,2025-06-24,OK,Operations,Delhi,Network,High,Network Support,Resolved,Laptop,12.8,5,EMP1223,0.533,Missed
TKT12030,2024-01-04,2024-01-04,OK,Operations,Pune,Software,Medium,Software Support,Resolved,Tablet,0.3,4,EMP2219,0.013,Met
TKT13233,2024-09-28,2024-09-28,OK,Operations,Chennai,Software,Medium,NA,Resolved,Tablet,20.5,,EMP1444,0.854,Met
TKT13921,2024-11-09,2024-11-10,OK,Admin,Mumbai,Network,Low,Network Support,Resolved,Desktop,24.8,3,EMP2375,1.033,Met
TKT11013,2024-10-27,2024-10-27,OK,Sales,Pune,Hardware,Medium,Hardware Support,Resolved,Desktop,12.8,5,EMP1499,0.533,Met
TKT15518,2024-11-01,2024-11-02,OK,Unknown,Mumbai,Hardware,Medium,Hardware Support,Resolved,desktop,41,1,EMP1834,1.708,Missed
TKT14439,2025-06-16,2025-06-16,OK,Legal,Delhi,Hardware,Medium,Hardware Support,Closed,Server,20.3,4,EMP1214,0.846,Met
TKT12482,2024-11-19,,OK,Operations,Pune,Network,Medium,Network Support,In Progress,Server,0,,EMP1569,0,Met
TKT10879,2024-09-07,2024-09-09,OK,Operations,Pune,Email,Low,Email & Messaging Team,Resolved,Mobile,61.6,5,EMP1157,2.567,Missed
TKT15343,2024-02-16,,OK,HR,Pune,Network,Medium,Network Support,Open,Desktop,0,,EMP1068,0,Met
TKT10772,2024-05-07,2024-05-07,OK,Marketing,Mumbai,Software, High,Software Support,Resolved,Laptop,3.2,4,EMP1632,0.133,Unknown Priority:  High
TKT14676,2024-10-18,2024-10-21,OK,Operations,Delhi,Access,Low,Identity & Access Team,Resolved,Laptop,83.4,3,EMP2344,3.475,Missed
TKT10468,2025-01-24,2025-01-24,OK,Legal,Delhi,Email,CRITICAL,Email & Messaging Team,Resolved,Tablet,2.8,,EMP2041,0.117,Met
TKT11065,2025-04-10,,OK,Operations,Mumbai,Software,low,Software Support,In Progress,Tablet,0,,EMP2004,0,Met
TKT12936,2025-02-02,2025-02-02,OK,Finance,Delhi,Email,Medium,Email & Messaging Team,Resolved,Laptop,13.7,5,EMP1894,0.571,Met
TKT12853,2024-11-05,2024-11-06,OK,Admin,Pune,Software,Medium,Software Support,Resolved,Desktop,36.2,2,EMP1738,1.508,Missed
TKT16733,2025-05-28,2025-05-28,OK,HR,Pune,Hardware,Medium,Hardware Support,Resolved,Server,13.9,1,EMP1328,0.579,Met
TKT13802,2025-05-03,2025-05-04,OK,Marketing,Delhi,Hardware,Medium,Hardware Support,Resolved,Desktop,30.9,5,EMP1499,1.288,Missed
TKT12868,2024-07-30,2024-07-31,OK,Operations,Hyderabad,Email,Medium,Email & Messaging Team,Resolved,Desktop,36.4,3,EMP2121,1.517,Missed
TKT14515,2024-02-03,2024-02-05,OK,Legal,Delhi,Hardware,Low,Hardware Support,Closed,Desktop,56,5,EMP2187,2.333,Missed
TKT15498,2025-05-17,2025-05-17,OK,Sales,Hyderabad,Network,Medium,Network Support,Resolved,Server,3.4,3,EMP1675,0.142,Met
TKT14188,2025-02-14,2025-02-14,OK,IT,Hyderabad,Software,High,Software Support,Resolved,Laptop,9.3,5,EMP2056,0.388,Missed
TKT12280,2024-06-03,2024-06-03,OK,Finance,Mumbai,Network,Critical,Network Support,Resolved,Server,14.9,5,EMP1092,0.621,Missed
TKT14166,2024-03-23,2024-03-24,OK,Operations,Bangalore,Hardware,Medium,Hardware Support,Resolved,Server,44.5,5,EMP1213,1.854,Missed
TKT12656,2025-03-21,2025-03-21,OK,Marketing,Pune,Software,Critical,Software Support,Resolved,Desktop,1.8,5,EMP1776,0.075,Met
TKT13780,2024-10-03,2024-10-03,OK,Admin,Mumbai,Network,Medium,Network Support,Resolved,Mobile,22.7,,EMP1919,0.946,Met
TKT13931,2024-12-30,2024-12-30,OK,Marketing,Mumbai,Hardware,High,Hardware Support,Resolved,Server,22,4,EMP2036,0.917,Missed
TKT11438,2024-06-10,,OK,Sales,Delhi,NETWORK,Medium,Network Support,In Progress,Server,0,,EMP2217,0,Met
TKT13339,2024-07-10,2024-07-10,OK,Operations,Pune,Access,Medium,Identity & Access Team,Closed,Mobile,16.3,4,EMP1923,0.679,Met
TKT15563,2025-04-07,2025-04-07,OK,Operations,Delhi,Access,High,Identity & Access Team,Resolved,Desktop,8.9,,EMP2183,0.371,Missed
TKT13462,2024-12-24,,OK,IT,Bangalore,Software,Medium,Software Support,Open,Laptop,0,,EMP1601,0,Met
TKT15682,2024-06-21,,OK,Legal,Bangalore,Access,Medium,Identity & Access Team,In Progress,laptop,0,,EMP1513,0,Met
TKT14999,2024-02-26,2024-02-26,OK,Sales,Delhi,Printer,Critical,Hardware Support,Resolved,Printer,10.1,5,EMP1735,0.421,Missed
TKT10941,2025-06-24,2025-06-25,OK,HR,Delhi,Software,Medium,Software Support,Resolved,Desktop,28.9,,EMP2052,1.204,Missed
TKT12126,2024-03-12,2024-03-16,OK,IT,Mumbai,Hardware,Low,Hardware Support,Resolved,Desktop,117.7,3,EMP1413,4.904,Missed
TKT13377,2024-09-17,2024-09-17,OK,Finance,Hyderabad,Hardware,High,Software Support,Resolved,Desktop,5.6,5,EMP1107,0.233,Met
TKT14868,2024-12-11,2024-12-12,OK,Sales,Delhi,Network,Medium,Network Support,Resolved,Mobile,32.1,5,EMP2281,1.338,Missed
TKT15263,2024-10-14,2024-10-14,OK,HR,Pune,Printer,Medium,Hardware Support,Closed,Printer,4.3,5,EMP2147,0.179,Met
TKT12706,2024-05-09,2024-05-11,OK,Admin,Chennai,Printer,Low,Hardware Support,Resolved,printer,54.5,4,EMP1147,2.271,Missed
TKT16821,2024-01-25,2024-01-26,OK,HR,Pune,Email,Medium,Email & Messaging Team,Resolved,Laptop,37.1,5,EMP1583,1.546,Missed
TKT14504,2024-05-27,2024-05-27,OK,Sales,Mumbai,Printer,Critical,Hardware Support,Resolved,Printer,4.2,3,EMP2307,0.175,Missed
TKT15791,2024-04-23,2024-04-24,OK,Legal,Mumbai,Access,Medium,NA,Closed,Laptop,25.1,5,EMP1380,1.046,Missed
TKT14592,2025-06-07,2025-06-08,OK,Operations,Bangalore,Software,Medium,Software Support,Resolved,Laptop,44.1,5,EMP2046,1.838,Missed
TKT16476,2024-08-26,,OK,Finance,Mumbai,Access,Medium,Identity & Access Team,Open,Laptop,0,,EMP2388,0,Met
TKT16552,2025-06-13,2025-06-13,OK,Operations,Delhi,Access,High,Identity & Access Team,Resolved,Laptop,6.5,3,EMP2277,0.271,Met
TKT13630,2024-10-10,2024-10-10,OK,Sales,Bangalore,Network,Medium,Network Support,Resolved,Mobile,4.6,1,EMP2384,0.192,Met
TKT16394,2024-09-27,,OK,Sales,Pune,network,Medium,Network Support,Open,Server,0,,EMP2145,0,Met
TKT13058,2025-05-19,2025-05-20,OK,Operations,Bangalore,Access,High,Identity & Access Team,Resolved,Desktop,33.4,5,EMP1556,1.392,Missed
TKT10505,2024-11-15,2024-11-15,OK,Finance,Bangalore,Network,Medium,Network Support,Resolved,Server,10.7,,EMP2308,0.446,Met
TKT11309,2025-01-01,2025-01-01,OK,HR,Chennai,Access,Critical,Identity & Access Team,Resolved,Laptop,6,5,EMP2354,0.25,Missed
TKT11062,2024-12-20,2024-12-20,OK,Finance,Chennai,Access,High,Identity & Access Team,Closed,Desktop,12.3,4,EMP1868,0.513,Missed
TKT14704,2024-05-28,2024-05-29,OK,Sales,Mumbai,Network,Low,Network Support,Closed,Desktop,27,2,EMP1976,1.125,Met
TKT12520,2025-05-29,2025-06-02,OK,Sales,Delhi,Software,Low,Software Support,Resolved,Desktop,108.5,4,EMP1037,4.521,Missed
TKT14118,2025-06-12,2025-06-12,OK,Operations,Pune,Network,High,Network Support,Resolved,Mobile,3.9,4,EMP1862,0.163,Met
TKT13033,2025-04-29,2025-05-01,OK,Finance,Pune,Hardware,Low,Hardware Support,Resolved,Server,57.4,5,EMP2081,2.392,Missed
TKT16990,2025-04-12,2025-04-12,OK,IT,Pune,Network,high,Network Support,Resolved,Desktop,7.8,4,EMP1653,0.325,Met
TKT15730,2024-06-24,2024-06-24,OK,Marketing,Delhi,Hardware,Medium,Hardware Support,Resolved,Laptop,9.8,5,EMP2100,0.408,Met
TKT10019,2024-04-21,2024-04-22,OK,Sales,Delhi,Software,Low,Software Support,Closed,Desktop,33.4,4,EMP1509,1.392,Met
TKT13688,2024-01-03,2024-01-03,OK,Marketing,Hyderabad,Access,High,Identity & Access Team,Resolved,Desktop,2.1,5,EMP1995,0.088,Met
TKT10422,2024-06-27,2024-06-27,OK,Admin,Mumbai,Network,High,Network Support,Resolved,Desktop,2.4,5,EMP1582,0.1,Met
TKT12568,2025-03-29,2025-03-29,OK,Operations,Mumbai,Hardware,High,NA,Resolved,Laptop,10.5,5,EMP1346,0.438,Missed
TKT16400,2025-01-20,2025-01-20,OK,Legal,Pune,Software,High,Software Support,Resolved,Tablet,3.5,3,EMP1517,0.146,Met
TKT10614,2024-11-06,,OK,Sales,Chennai,Hardware,Critical,Hardware Support,In Progress,Server,0,,EMP1336,0,Met
TKT11822,2024-03-26,,OK,Legal,Delhi,Email,High,Email & Messaging Team,In Progress,Tablet,0,,EMP2035,0,Met
TKT10103,2024-02-14,2024-02-15,OK,Unknown,Pune,Software,Medium,Software Support,Resolved,Desktop,29.2,4,EMP2349,1.217,Missed
TKT13725,2025-03-27,2025-03-27,OK,Finance,Pune,Email, Critical,Email & Messaging Team,Resolved,Mobile,8.6,3,EMP1476,0.358,Unknown Priority:  Critical
TKT12416,2024-08-20,2024-08-20,OK,Operations,Mumbai,Network,Medium,Network Support,Resolved,Desktop,19.7,4,EMP1161,0.821,Met
TKT16128,2024-01-31,2024-01-31,OK,Sales,Delhi,Software,Medium,Software Support,Resolved,Laptop,14.4,5,EMP1811,0.6,Met
TKT15364,2024-08-29,2024-08-29,OK,Operations,Bangalore,Access,High,Identity & Access Team,Resolved,Mobile,10.1,3,EMP1707,0.421,Missed
TKT15380,2024-08-02,2024-08-02,OK,Legal,Mumbai,Hardware,High,Hardware Support,Resolved,Server,3.2,5,EMP1800,0.133,Met
TKT16232,2025-03-23,2025-03-23,OK,Finance,Chennai,Email,High,Email & Messaging Team,Resolved,Tablet,8.9,5,EMP1822,0.371,Missed
TKT14863,2025-06-08,2025-06-04,ERROR,IT,Chennai,Printer,Medium,Hardware Support,Closed,Printer,5.2,5,EMP1220,0.217,Met
TKT12850,2025-03-18,2025-03-19,OK,Admin,Hyderabad,Hardware,Medium,Hardware Support,Resolved,Laptop,27.2,,EMP1360,1.133,Missed
TKT11711,2024-06-11,,OK,Operations,Hyderabad,Network,high,Network Support,In Progress,Laptop,0,,EMP2192,0,Met
TKT13234,2024-08-09,2024-08-09,OK,HR,Delhi,Email,High,Email & Messaging Team,Resolved,Tablet,18.9,5,EMP2245,0.788,Missed
TKT12324,2025-04-28,2025-04-28,OK,Finance,Mumbai,Access,Medium,Identity & Access Team,Resolved,Laptop,15.9,,EMP1256,0.663,Met
TKT16660,2024-10-26,2024-10-26,OK,HR,Bangalore,Access,High,Identity & Access Team,Resolved,Laptop,3.9,2,EMP1417,0.163,Met
TKT14971,2025-04-19,2025-04-21,OK,Admin,Hyderabad,Network,Medium,Network Support,Resolved,Desktop,52.4,5,EMP1254,2.183,Missed
TKT11752,2025-05-02,2025-05-02,OK,HR,Chennai,Software,Medium,Software Support,Resolved,Tablet,8,3,EMP1092,0.333,Met
TKT15039,2025-01-22,2025-01-22,OK,Finance,Delhi,Hardware,High,NA,Closed,Server,11.8,,EMP2112,0.492,Missed
TKT16150,2025-02-27,2025-02-27,OK,Finance,Chennai,Software,Medium,Software Support,Resolved,Tablet,18.1,5,EMP1862,0.754,Met
TKT10709,2024-08-05,,OK,Finance,Hyderabad,Software,Medium,Software Support,Open,Desktop,0,,EMP2198,0,Met
TKT14944,2024-03-17,2024-03-17,OK,Marketing,Delhi,Software,High,Software Support,Resolved,Tablet,8.5,4,EMP1636,0.354,Missed
TKT16307,2024-04-05,2024-04-05,OK,Legal,Chennai,Access,Critical,Identity & Access Team,Resolved,Mobile,2.8,5,EMP1872,0.117,Met
TKT11758,2025-06-27,2025-06-28,OK,Operations,Pune,Software,Medium,Software Support,Resolved,Desktop,26.6,4,EMP2095,1.108,Missed
TKT16788,2024-09-25,,OK,Finance,Mumbai,Email,Medium,Email & Messaging Team,Open,Laptop,0,,EMP1728,0,Met
TKT16424,2024-07-12,,OK,HR ,Pune,Network,Low,Network Support,Open,Mobile,0,,EMP1504,0,Met
TKT11943,2024-03-23,2024-03-23,OK,IT,Chennai,Access,High,Identity & Access Team,Closed,Desktop,4.8,3,EMP2087,0.2,Met
TKT13947,2025-06-18,2025-06-19,OK,Finance,Pune,Software,Medium,Software Support,Resolved,Tablet,27.6,,EMP2372,1.15,Missed
TKT16753,2024-11-29,2024-11-29,OK,Legal,Chennai,Email,High,Email & Messaging Team,Resolved,Laptop,3.1,3,EMP2213,0.129,Met
TKT16812,2024-06-23,2024-06-24,OK,Admin,Bangalore,Hardware,Medium,Hardware Support,Resolved,Desktop,43,4,EMP1140,1.792,Missed
TKT16697,2025-04-13,,OK,Operations,Pune,Network,High,Network Support,Open,Mobile,0,,EMP2202,0,Met
TKT16510,2024-04-18,2024-04-18,OK,Marketing,Delhi,Hardware,Medium,Hardware Support,Resolved,Server,22.4,4,EMP2226,0.933,Met
TKT13693,2024-02-03,2024-02-03,OK,Admin,Delhi,Hardware,Medium,Hardware Support,Resolved,Laptop,18.4,4,EMP2359,0.767,Met
TKT12743,2024-04-16,2024-04-16,OK,Operations,Delhi,Software,Low,Software Support,Resolved,Desktop,8.9,,EMP1179,0.371,Met
TKT14965,2025-02-18,2025-02-20,OK,Operations,Chennai,Software,Low,Software Support,Closed,Laptop,70.7,4,EMP1428,2.946,Missed
TKT10795,2024-07-11,2024-07-11,OK,IT,Delhi,Email,Medium,Email & Messaging Team,Resolved,Tablet,21.7,,EMP1006,0.904,Met
TKT15618,2025-05-05,2025-05-05,OK,HR,Pune,Access,Medium,Identity & Access Team,Resolved,Mobile,16.1,4,EMP2337,0.671,Met
TKT14866,2024-09-30,2024-09-30,OK,Operations,Mumbai,Email,High,Email & Messaging Team,Resolved,Tablet,14.9,5,EMP1448,0.621,Missed
TKT12505,2024-07-14,2024-07-15,OK,Marketing,Bangalore,Email,Medium,Email & Messaging Team,Resolved,Desktop,30.5,2,EMP2139,1.271,Missed
TKT11781,2024-02-21,2024-02-21,OK,Admin,Mumbai,Access,High,Identity & Access Team,Closed,Desktop,5.1,,EMP1313,0.213,Met
TKT14897,2024-09-18,2024-09-18,OK,Finance,Delhi,Access,Medium,Identity & Access Team,Resolved,Desktop,7.4,4,EMP1532,0.308,Met
TKT14547,2024-11-07,2024-11-07,OK,Sales,Pune,Printer,Medium,Hardware Support,Resolved,Printer,4.8,3,EMP1608,0.2,Met
TKT16078,2024-01-24,2024-01-24,OK,Admin,Bangalore,Network,Medium,Network Support,Resolved,Mobile,5.1,4,EMP1906,0.213,Met
TKT14856,2024-04-25,2024-04-25,OK,Admin,Pune,Access,Critical,Identity & Access Team,Resolved,Laptop,4.4,4,EMP2012,0.183,Missed
TKT14633,2024-06-11,,OK,Operations,Hyderabad,Software,Medium,Software Support,In Progress,Tablet,0,,EMP1580,0,Met
TKT12456,2025-04-03,2025-04-03,OK,Marketing,Hyderabad,Network, Low,Network Support,Closed,Server,22.6,4,EMP1210,0.942,Unknown Priority:  Low
TKT15662,2024-07-25,2024-07-25,OK,Marketing,Delhi,Network,High,Network Support,Resolved,Server,8.5,4,EMP1876,0.354,Missed
TKT15978,2024-02-21,,OK,HR,Mumbai,Hardware,Medium,Hardware Support,In Progress,Laptop,0,,EMP1963,0,Met
TKT11385,2025-05-24,2025-05-25,OK,Sales,Mumbai,Network,Low,Network Support,Resolved,mobile,45.3,4,EMP1949,1.888,Met
TKT13614,2025-01-23,2025-01-24,OK,Legal,Bangalore,Access,Low,Identity & Access Team,Closed,Desktop,38.6,5,EMP2002,1.608,Met
TKT11929,2024-12-05,2024-12-07,OK,Finance,Pune,Access,low,Identity & Access Team,Resolved,Laptop,49.6,5,EMP1219,2.067,Missed
TKT14647,2025-01-25,2025-01-25,OK,Operations,Bangalore,Email,Medium,Email & Messaging Team,Resolved,Mobile,9.5,5,EMP1526,0.396,Met
TKT15294,2024-03-13,2024-03-15,OK,Legal,Hyderabad,Hardware,Medium,Hardware Support,Resolved,Desktop,51.3,4,EMP1009,2.138,Missed
TKT10600,2024-03-01,2024-03-01,OK,Finance,Delhi,Access,Critical,Identity & Access Team,Resolved,Mobile,7.1,3,EMP1960,0.296,Missed
TKT15096,2025-03-12,2025-03-12,OK,IT,Delhi,Access,Critical,Identity & Access Team,Resolved,Desktop,6.5,5,EMP2036,0.271,Missed
TKT14243,2025-02-01,,OK,Admin,Pune,Software,Critical,Software Support,In Progress,Tablet,0,,EMP1475,0,Met
TKT10025,2024-09-28,2024-09-29,OK,Sales,Bangalore,Software,Low,Software Support,Resolved,Tablet,39.6,4,EMP1810,1.65,Met
TKT16933,2024-06-23,2024-06-23,OK,Admin,Mumbai,Printer,High,Hardware Support,Resolved,Printer,5.9,5,EMP1318,0.246,Met
TKT15762,2025-01-25,2025-01-26,OK,Operations,Chennai,Network,Medium,Network Support,Resolved,Server,38.7,2,EMP1777,1.613,Missed
TKT10379,2024-03-12,2024-03-12,OK,HR,Bangalore,Printer,Medium,Hardware Support,Resolved,Printer,17,4,EMP1396,0.708,Met
TKT16610,2025-06-12,,OK,HR,Delhi,Access,High,Identity & Access Team,Open,Mobile,0,,EMP2081,0,Met
TKT14822,2025-01-18,2025-01-18,OK,HR ,Pune,Software,Critical,Software Support,Resolved,Desktop,2.3,5,EMP1986,0.096,Met
TKT13604,2024-01-15,2024-01-15,OK,IT,Bangalore,Access,Critical,Identity & Access Team,Resolved,Desktop,5.8,1,EMP2359,0.242,Missed
TKT11321,2025-05-04,2025-05-04,OK,Finance,Pune,Network,High,Network Support,Resolved,Server,9.6,,EMP1136,0.4,Missed
TKT13131,2024-10-10,2024-10-12,OK,Sales,Bangalore,Hardware,Low,NA,Resolved,Laptop,61.8,5,EMP1899,2.575,Missed
TKT11984,2024-09-29,2024-09-30,OK,Marketing,Chennai,Network,Low,Network Support,Resolved,Laptop,46.6,3,EMP1377,1.942,Met
TKT11007,2024-11-20,,OK,Legal,Delhi,Hardware,Medium,Hardware Support,In Progress,Server,0,,EMP1085,0,Met
TKT15519,2025-05-11,,OK,Operations,Mumbai,Software,low,Software Support,In Progress,Laptop,0,,EMP2389,0,Met
TKT13031,2024-12-01,,OK,Finance,Delhi,Software,Medium,Software Support,In Progress,tablet,0,,EMP1235,0,Met
TKT12357,2024-10-24,,OK,Admin,Mumbai,Access,Critical,Identity & Access Team,In Progress,laptop,0,,EMP1255,0,Met
TKT12813,2025-04-21,,OK,Sales,Chennai,Network,HIGH,Network Support,Open,Laptop,0,,EMP1057,0,Met
TKT14160,2025-04-12,2025-04-19,OK,Operations,Bangalore,Email,Low,Email & Messaging Team,Resolved,Laptop,178.1,5,EMP1124,7.421,Missed
TKT14565,2024-06-27,2024-06-27,OK,HR,Delhi,Printer,High,Hardware Support,Resolved,Printer,5,5,EMP1664,0.208,Met
TKT10895,2024-02-28,2024-02-28,OK,Admin,Mumbai,Access,Medium,Identity & Access Team,Resolved,Mobile,0.7,4,EMP1501,0.029,Met
TKT16502,2025-03-25,2025-03-25,OK,Sales,Mumbai,Network,High,Network Support,Resolved,Laptop,1.3,4,EMP2288,0.054,Met
TKT10322,2024-10-10,2024-10-10,OK,Marketing,Bangalore,Hardware,High,Hardware Support,Resolved,Desktop,22.8,5,EMP1534,0.95,Missed
TKT10466,2024-05-24,2024-05-24,OK,HR,Bangalore,Network,Medium,NA,Resolved,Mobile,12.9,4,EMP2368,0.538,Met
TKT10246,2025-03-14,,OK,Finance,Chennai,NETWORK,Low,Network Support,In Progress,Server,0,,EMP1339,0,Met
TKT12353,2024-06-11,2024-06-12,OK,Operations,Mumbai,Access,Medium,Identity & Access Team,Resolved,Desktop,44.8,4,EMP1376,1.867,Missed
TKT14055,2024-11-24,2024-11-24,OK,HR,Chennai,Access,MEDIUM,Network Support,Resolved,Desktop,15.9,2,EMP2399,0.663,Met
TKT16899,2024-12-09,2024-12-09,OK,IT,Pune,Software,Low,Software Support,Closed,Desktop,15.9,3,EMP1817,0.663,Met
TKT10980,2025-01-21,2025-01-21,OK,Sales,Mumbai,Software, Critical,Software Support,Resolved,Laptop,10.1,,EMP1272,0.421,Unknown Priority:  Critical
TKT12708,2025-03-22,2025-03-22,OK,Marketing,Delhi,Email,High,Email & Messaging Team,Resolved,Laptop,16.4,4,EMP2244,0.683,Missed
TKT11214,2024-03-25,2024-03-25,OK,IT,Pune,Access,High,Identity & Access Team,Resolved,Desktop,1.2,2,EMP2004,0.05,Met
TKT15027,2024-09-08,2024-09-08,OK,HR,Chennai,Software,Medium,Software Support,Resolved,Desktop,15.4,4,EMP1520,0.642,Met
TKT13793,2025-01-28,2025-01-28,OK,IT,Pune,Printer,High,Hardware Support,Closed,Printer,1.4,5,EMP1722,0.058,Met
TKT13022,2024-01-06,2024-01-06,OK,Marketing,Delhi,Network,Critical,Network Support,Resolved,Mobile,2.2,5,EMP2145,0.092,Met
TKT14196,2024-03-16,2024-03-16,OK,Sales,Mumbai,Printer,Medium,Hardware Support,Resolved,Printer,4.2,,EMP1277,0.175,Met
TKT11404,2025-04-19,,OK,IT,Hyderabad,Printer,Medium,Hardware Support,Open,Printer,0,,EMP1174,0,Met
TKT13611,2025-02-26,2025-02-26,OK,Admin,Hyderabad,Software,Medium,Software Support,Resolved,Desktop,18,5,EMP2237,0.75,Met
TKT14784,2024-07-14,2024-07-16,OK,Marketing,Pune,Network,Low,Network Support,Resolved,Laptop,56.6,4,EMP1050,2.358,Missed
TKT14447,2024-09-01,2024-09-01,OK,Sales,Delhi,Hardware,HIGH,Hardware Support,Resolved,Laptop,15.9,,EMP1329,0.663,Missed
TKT13086,2024-04-19,2024-04-19,OK,Admin,Mumbai,Printer,LOW,Hardware Support,Resolved,printer,15.5,,EMP1522,0.646,Met
TKT14618,2024-06-05,2024-06-06,OK,Finance,Chennai,Access,Medium,Identity & Access Team,Resolved,Mobile,27.8,3,EMP2179,1.158,Missed
TKT14022,2024-05-02,2024-05-02,OK,Operations,Bangalore,Hardware,Critical,Hardware Support,Resolved,Server,0,5,EMP1993,0,Met
TKT11372,2024-05-31,2024-05-31,OK,IT,Hyderabad,Printer,Critical,Hardware Support,Resolved,Printer,1.4,5,EMP2136,0.058,Met
TKT16842,2025-03-16,2025-03-16,OK,HR,Pune,Software,Critical,Software Support,Resolved,Laptop,5.7,,EMP1695,0.238,Missed
TKT16454,2025-06-17,2025-06-19,OK,HR,Mumbai,Network,Medium,Identity & Access Team,Resolved,MOBILE,60.8,4,EMP2218,2.533,Missed
TKT11910,2024-05-14,2024-05-14,OK,Finance,Hyderabad,Access,Medium,Identity & Access Team,Resolved,Laptop,21.3,5,EMP1216,0.888,Met
TKT15957,2024-07-18,,OK,Operations,Pune,Software,High,Software Support,In Progress,Laptop,0,,EMP1846,0,Met
TKT15683,2025-02-11,2025-02-11,OK,HR,Hyderabad,Network,High,Network Support,Resolved,Laptop,11.1,4,EMP1272,0.463,Missed
TKT15043,2024-09-11,2024-09-11,OK,Finance,Hyderabad,Hardware,Medium,Hardware Support,Resolved,Laptop,15,5,EMP1972,0.625,Met
TKT16350,2024-03-20,2024-03-22,OK,Operations,Chennai,Network,Low,Network Support,Resolved,Server,71.3,4,EMP1644,2.971,Missed
TKT16665,2025-05-16,,OK,Marketing,Pune,Software,High,Software Support,Open,Tablet,0,,EMP1782,0,Met
TKT14177,2025-01-24,2025-01-24,OK,Finance,Bangalore,Access,Critical,Identity & Access Team,Resolved,Laptop,1.7,3,EMP2366,0.071,Met
TKT10938,2024-05-31,2024-05-31,OK,Operations,Mumbai,Access,Low,Identity & Access Team,Resolved,Laptop,23.2,,EMP2196,0.967,Met
TKT15284,2024-04-29,2024-04-29,OK,Marketing,Chennai,Printer,Critical,Hardware Support,Closed,Printer,2.9,3,EMP1769,0.121,Met
TKT11251,2024-02-06,2024-02-06,OK,Admin,Pune,Software,High,Software Support,Resolved,Desktop,11.3,4,EMP2376,0.471,Missed
TKT10073,2024-11-24,2024-11-26,OK,IT,Hyderabad,Hardware,Low,Identity & Access Team,Resolved,Desktop,53.9,3,EMP2372,2.246,Missed
TKT13130,2024-06-18,2024-06-18,OK,Sales,Chennai,Software,High,Software Support,Resolved,Desktop,10.8,3,EMP1261,0.45,Missed
TKT16201,2025-01-30,2025-01-30,OK,IT,Chennai,Software,High,Software Support,Closed,Laptop,7.7,5,EMP1527,0.321,Met
TKT11059,2024-02-23,2024-02-23,OK,Admin,Pune,Email,High,Email & Messaging Team,Resolved,Laptop,19.1,4,EMP1280,0.796,Missed
TKT16564,2025-03-08,2025-03-08,OK,Admin,Chennai,Network,High,Network Support,Resolved,Laptop,0.3,3,EMP1885,0.013,Met
TKT13516,2025-06-24,2025-06-24,OK,Finance,Hyderabad,Email,Critical,Email & Messaging Team,Resolved,Mobile,2.2,,EMP2391,0.092,Met
TKT11091,2024-03-22,,OK,IT,Bangalore,Hardware,Medium,Email & Messaging Team,In Progress,Desktop,0,,EMP1307,0,Met
TKT13878,2024-09-30,,OK,Finance,Mumbai,Hardware,Low,Hardware Support,In Progress,Laptop,0,,EMP1179,0,Met
TKT11788,2024-08-09,2024-08-09,OK,HR,Mumbai,Software,Medium,Software Support,Resolved,Laptop,6.9,5,EMP1554,0.288,Met
TKT11412,2024-06-11,2024-06-12,OK,Marketing,Pune,Software,Medium,Software Support,Resolved,Tablet,39.5,,EMP2210,1.646,Missed
TKT15238,2024-03-06,,OK,Operations,Mumbai,NETWORK,High,Network Support,In Progress,Laptop,0,,EMP1174,0,Met
TKT11834,2025-04-18,2025-04-18,OK,IT,Mumbai,Printer,High,Hardware Support,Resolved,Printer,12.1,4,EMP1496,0.504,Missed
TKT16298,2024-06-04,2024-06-04,OK,IT,Mumbai,Access,Medium,Identity & Access Team,Resolved,Mobile,6.5,5,EMP2054,0.271,Met
TKT16579,2024-01-05,,OK,Operations,Chennai,NETWORK,Medium,Network Support,Open,Mobile,0,,EMP2280,0,Met
TKT13892,2025-06-20,2025-06-20,OK,Operations,Bangalore,Network,Medium,Network Support,Resolved,Mobile,21.4,1,EMP1811,0.892,Met
TKT10027,2025-06-25,2025-06-25,OK,Legal,Chennai,Hardware,High,Hardware Support,Resolved,Server,11.9,4,EMP1016,0.496,Missed
TKT13938,2025-01-14,2025-01-14,OK,Sales,Hyderabad,Network,Critical,Network Support,Resolved,Mobile,2.9,4,EMP2321,0.121,Met
TKT12915,2025-02-12,2025-02-12,OK,HR,Pune,Access,Low,Identity & Access Team,Resolved,Mobile,15.2,2,EMP2299,0.633,Met
TKT14064,2025-06-26,2025-06-26,OK,Sales,Bangalore,Printer,High,Hardware Support,Resolved,Printer,15.6,,EMP1096,0.65,Missed
TKT14426,2024-08-10,2024-08-10,OK,Sales,Mumbai,Software,Medium,Software Support,Resolved,Tablet,14.8,1,EMP2156,0.617,Met
TKT14508,2024-08-03,2024-08-05,OK,HR,Mumbai,Hardware,Medium,Hardware Support,Resolved,Laptop,56.6,5,EMP1304,2.358,Missed
TKT15058,2024-12-14,,OK,Legal,Mumbai,Hardware,HIGH,NA,In Progress,Laptop,0,,EMP1745,0,Met
TKT10912,2025-01-18,2025-01-21,OK,Admin,Hyderabad,Hardware,Low,Hardware Support,Resolved,Server,81.6,3,EMP1458,3.4,Missed
TKT12446,2024-03-07,2024-03-07,OK,HR,Pune,Hardware,High,Hardware Support,Resolved,Server,3,5,EMP2280,0.125,Met
TKT14654,2025-05-15,2025-05-15,OK,Sales,Delhi,Email,High,Email & Messaging Team,Resolved,Desktop,21.2,5,EMP2135,0.883,Missed
TKT13354,2025-03-02,2025-03-03,OK,Admin,Mumbai,Email,Medium,Email & Messaging Team,Resolved,Tablet,24.5,4,EMP1145,1.021,Missed
TKT15029,2024-08-02,2024-08-03,OK,Legal,Chennai,Email,Medium,Identity & Access Team,Resolved,Tablet,26.1,4,EMP1590,1.088,Missed
TKT15069,2024-10-27,2024-10-27,OK,Sales,Bangalore,Access,High,Identity & Access Team,Resolved,Mobile,5.1,3,EMP2175,0.213,Met
TKT11647,2024-01-04,,OK,Finance,Pune,Access,Low,Identity & Access Team,In Progress,Desktop,0,,EMP1757,0,Met
TKT16648,2024-09-26,,OK,Legal,Delhi,Network,High,Network Support,Open,Mobile,0,,EMP1610,0,Met
TKT11213,2025-06-18,2025-06-18,OK,Finance,Bangalore,Access,High,Identity & Access Team,Closed,Mobile,15.9,4,EMP1807,0.663,Missed
TKT15754,2024-06-01,2024-06-01,OK,Finance,Hyderabad,Printer,Critical,Hardware Support,Resolved,Printer,4.3,4,EMP1089,0.179,Missed
TKT15252,2024-09-21,2024-09-22,OK,Finance,Bangalore,Email,Medium,Email & Messaging Team,Resolved,Tablet,30.9,5,EMP2086,1.288,Missed
TKT12376,2024-01-05,2024-01-05,OK,Finance,Bangalore,Hardware,Medium,Hardware Support,Resolved,Server,12.4,,EMP1614,0.517,Met
TKT10871,2024-10-20,2024-10-20,OK,Sales,Mumbai,Network,Medium,Network Support,Resolved,Server,12,,EMP1713,0.5,Met
TKT16861,2024-11-19,2024-11-19,OK,Operations,Pune,Hardware,Low,Hardware Support,Resolved,Desktop,6.5,5,EMP1042,0.271,Met
TKT10108,2024-05-05,2024-05-05,OK,Sales,Delhi,Hardware,High,Hardware Support,Resolved,Server,3.6,5,EMP1841,0.15,Met
TKT11092,2025-04-10,2025-04-10,OK,Finance,Hyderabad,Access,High,Identity & Access Team,Closed,Mobile,6.5,3,EMP1890,0.271,Met
TKT12434,2024-11-09,2024-11-10,OK,Sales,Delhi,Hardware,Low,Hardware Support,Resolved,Server,25.3,,EMP1742,1.054,Met
TKT13055,2024-04-27,2024-04-30,OK,Sales,Delhi,Hardware,Low,Hardware Support,Resolved,Server,90,4,EMP1666,3.75,Missed
TKT15335,2024-05-12,2024-05-12,OK,Sales,Pune,Network,Medium,Network Support,Resolved,Mobile,9.7,2,EMP1196,0.404,Met
TKT15243,2025-01-31,,OK,Operations,Delhi,Printer,Critical,Hardware Support,In Progress,Printer,0,,EMP1920,0,Met
TKT15034,2024-03-20,2024-03-21,OK,Finance,Hyderabad,Network,Medium,Network Support,Resolved,Desktop,29.7,5,EMP2188,1.238,Missed
TKT16434,2024-01-10,2024-01-11,OK,Admin,Pune,Email,Low,Email & Messaging Team,Resolved,Mobile,40.6,3,EMP1510,1.692,Met
TKT14454,2025-04-22,2025-04-22,OK,Admin,Pune,Access,Critical,Identity & Access Team,Resolved,Laptop,5.5,5,EMP1519,0.229,Missed
TKT12930,2025-02-04,2025-02-05,OK,HR,Hyderabad,Software, Medium,Software Support,Resolved,Laptop,35.8,4,EMP1010,1.492,Unknown Priority:  Medium
TKT12806,2024-09-15,2024-09-15,OK,IT,Pune,Network,High,Network Support,Resolved,Laptop,9.5,5,EMP2397,0.396,Missed
TKT13643,2025-03-25,2025-03-25,OK,IT,Bangalore,Network,Medium,Network Support,Resolved,Mobile,12,3,EMP2311,0.5,Met
TKT13787,2025-02-07,2025-02-07,OK,IT,Bangalore,Printer,Critical,Hardware Support,Resolved,Printer,7.6,4,EMP2322,0.317,Missed
TKT13497,2025-01-06,2025-01-06,OK,Sales,Mumbai,Hardware,High,Hardware Support,Resolved,Laptop,4.4,3,EMP1651,0.183,Met
TKT11376,2024-01-09,2024-01-10,OK,HR,Pune,Hardware,Medium,Hardware Support,Resolved,Laptop,34.8,4,EMP1307,1.45,Missed
TKT12756,2024-04-10,2024-04-11,OK,Admin,Delhi,Software,Low,Software Support,Resolved,Desktop,45,4,EMP1954,1.875,Met
TKT16824,2024-03-26,2024-03-26,OK,HR,Delhi,Access,High,Identity & Access Team,Resolved,Mobile,5.3,2,EMP1167,0.221,Met
TKT16959,2024-02-01,2024-02-04,OK,Finance,Pune,Network,Low,Network Support,Resolved,Mobile,81.4,3,EMP1329,3.392,Missed
TKT10983,2025-04-30,2025-04-30,OK,HR,Delhi,Email,Medium,Email & Messaging Team,Resolved,Desktop,3.2,4,EMP2025,0.133,Met
TKT14528,2024-06-04,2024-06-05,OK,HR,Delhi,Access,Low,Identity & Access Team,Resolved,Desktop,29.2,4,EMP1204,1.217,Met
TKT15726,2024-01-25,2024-01-26,OK,Operations,Pune,Network,Medium,Network Support,Resolved,Server,33.7,2,EMP2206,1.404,Missed
TKT14516,2025-01-13,2025-01-13,OK,HR,Hyderabad,Software,Low,Software Support,Resolved,Laptop,8.9,5,EMP1325,0.371,Met
TKT11069,2024-07-22,2024-07-24,OK,Finance,Chennai,Software,Medium,Software Support,Resolved,Desktop,65.3,4,EMP2035,2.721,Missed
TKT13800,2024-11-02,,OK,Marketing,Delhi,Hardware,Medium,Hardware Support,In Progress,Desktop,0,,EMP2085,0,Met
TKT11759,2024-11-12,,OK,Sales,Mumbai,Software,High,Software Support,In Progress,Tablet,0,,EMP1415,0,Met
TKT15479,2024-01-15,2024-01-15,OK,Admin,Bangalore,Software,Medium,Software Support,Resolved,Laptop,15.4,3,EMP1050,0.642,Met
TKT16685,2025-06-26,2025-06-26,OK,Operations,Bangalore,Access,Medium,Identity & Access Team,Resolved,Mobile,10.8,5,EMP1715,0.45,Met
TKT12907,2025-01-15,2025-01-15,OK,Marketing,Hyderabad,Network,High,Network Support,Resolved,Server,10.2,1,EMP1907,0.425,Missed
TKT12018,2024-07-24,2024-07-24,OK,Finance,Mumbai,Network,Medium,Network Support,Resolved,Desktop,19.4,3,EMP2103,0.808,Met
TKT14902,2024-01-07,2024-01-07,OK,IT,Chennai,Network,High,Network Support,Resolved,Desktop,4.2,3,EMP1290,0.175,Met
TKT11371,2025-03-20,2025-03-20,OK,Operations,Bangalore,Hardware,Medium,Hardware Support,Closed,Laptop,20.6,5,EMP1989,0.858,Met
TKT16178,2024-04-15,2024-04-16,OK,Legal,Delhi,Access,Medium,Identity & Access Team,Resolved,Desktop,27,4,EMP1912,1.125,Missed
TKT14629,2024-10-26,2024-10-26,OK,Operations,Bangalore,Software,Medium,NA,Resolved,Laptop,14.3,4,EMP1331,0.596,Met
TKT16473,2024-03-31,2024-04-01,OK,IT,Chennai,Access,Medium,Identity & Access Team,Resolved,Mobile,24.3,,EMP2190,1.013,Missed
TKT11259,2024-08-21,2024-08-21,OK,Admin,Delhi,Access,Critical,Identity & Access Team,Closed,Desktop,3.1,5,EMP1332,0.129,Met
TKT14293,2024-04-28,2024-04-28,OK,Finance,Mumbai,Access,Medium,Identity & Access Team,Resolved,Mobile,3.3,4,EMP1542,0.138,Met
TKT14530,2024-01-28,2024-01-28,OK,Admin,Bangalore,Software,Medium,Software Support,Closed,Tablet,17,5,EMP2114,0.708,Met
TKT13480,2024-07-30,2024-07-30,OK,IT,Delhi,Access,Low,Identity & Access Team,Resolved,mobile,11.1,3,EMP2106,0.463,Met
TKT10675,2024-06-14,2024-06-15,OK,Operations,Mumbai,Hardware,Low,Hardware Support,Closed,Desktop,31.9,5,EMP2273,1.329,Met
TKT16508,2024-04-15,2024-04-15,OK,Legal,Mumbai,Software,Critical,Software Support,Resolved,Tablet,11.8,5,EMP1760,0.492,Missed
TKT11042,2024-05-14,2024-05-14,OK,Marketing,Delhi,Network,medium,Network Support,Resolved,Mobile,10.6,,EMP1552,0.442,Met
TKT11335,2024-05-29,2024-05-29,OK,Operations,Mumbai,Hardware,Medium,Hardware Support,Resolved,Desktop,5.6,3,EMP1521,0.233,Met
TKT16361,2024-10-04,2024-10-04,OK,Finance,Pune,Network,Medium,Network Support,Resolved,Server,13,,EMP2103,0.542,Met
TKT16388,2025-01-21,,OK,Sales,Chennai,Network,High,Network Support,In Progress,Laptop,0,,EMP2333,0,Met
TKT12678,2024-03-11,2024-03-12,OK,Operations,Chennai,Email,Medium,Email & Messaging Team,Resolved,Tablet,26.8,3,EMP1044,1.117,Missed
TKT13359,2024-01-17,2024-01-17,OK,Admin,Bangalore,Email,High,Email & Messaging Team,Closed,Mobile,11.1,3,EMP1334,0.463,Missed
TKT13303,2024-06-02,2024-06-03,OK,Finance,Pune,Access,Low,Identity & Access Team,Resolved,Mobile,28.5,,EMP1338,1.188,Met
TKT11640,2024-06-28,2024-06-28,OK,Finance,Mumbai,Network,High,Network Support,Closed,Mobile,5.2,3,EMP1548,0.217,Met
TKT16853,2024-08-08,2024-08-08,OK,Finance,Bangalore,Software,Low,Software Support,Resolved,Laptop,7.9,4,EMP1891,0.329,Met
TKT12889,2024-04-02,2024-04-02,OK,Operations,Pune,Hardware,Low,Email & Messaging Team,Resolved,Desktop,18.1,5,EMP1590,0.754,Met
TKT16640,2024-09-06,2024-09-07,OK,Admin,Bangalore,Hardware,Medium,Hardware Support,Resolved,Desktop,35.8,5,EMP1864,1.492,Missed
TKT14812,2024-07-15,2024-07-15,OK,Admin,Chennai,Network,Medium,Network Support,Resolved,Server,7.7,3,EMP1912,0.321,Met
TKT13002,2024-06-06,2024-06-06,OK,Legal,Bangalore,NETWORK,Medium,Network Support,Resolved,Mobile,8.2,1,EMP1535,0.342,Met
TKT12722,2025-04-28,2025-04-29,OK,IT,Delhi,NETWORK,Medium,Hardware Support,Resolved,Laptop,34.2,4,EMP2398,1.425,Missed
TKT10152,2025-03-31,2025-04-01,OK,IT,Hyderabad,Software,High,Software Support,Resolved,Desktop,27.2,5,EMP1179,1.133,Missed
TKT13607,2024-08-10,2024-08-10,OK,Admin,Pune,NETWORK,Medium,Network Support,Resolved,Laptop,3.3,5,EMP1524,0.138,Met
TKT14595,2024-06-04,2024-06-05,OK,Sales,Hyderabad,Access,Low,Identity & Access Team,Resolved,Desktop,38.3,3,EMP1334,1.596,Met
TKT12610,2025-04-22,2025-04-22,OK,Marketing,Delhi,Access,Critical,Identity & Access Team,Resolved,Desktop,0.4,1,EMP1654,0.017,Met
TKT16907,2025-02-13,2025-02-13,OK,Sales,Bangalore,Software,High,Software Support,Resolved,Laptop,11.8,3,EMP1544,0.492,Missed
TKT15155,2025-05-06,2025-05-06,OK,Marketing,Bangalore,Software,Medium,Software Support,Closed,Desktop,15.4,5,EMP1131,0.642,Met
TKT11950,2024-04-17,2024-04-18,OK,Sales,Pune,Email,Medium,Email & Messaging Team,Closed,Laptop,40.8,5,EMP2290,1.7,Missed
TKT16008,2024-04-10,,OK,HR,Bangalore,Printer,High,Hardware Support,In Progress,Printer,0,,EMP1210,0,Met
TKT13913,2024-05-29,2024-05-29,OK,Marketing,Mumbai,Software,Low,Software Support,Resolved,Tablet,20.4,4,EMP1985,0.85,Met
TKT13073,2025-04-05,2025-04-06,OK,HR,Delhi,Printer,Medium,Hardware Support,Resolved,Printer,32.1,5,EMP2064,1.338,Missed
TKT11000,2024-09-25,,OK,Operations,Pune,Access,Low,Identity & Access Team,In Progress,Desktop,0,,EMP2210,0,Met
TKT13998,2024-07-07,2024-07-07,OK,Marketing,Bangalore,Network,Critical,Network Support,Resolved,Server,4.8,,EMP2105,0.2,Missed
TKT14244,2024-08-01,,OK,Legal,Mumbai,Network,Medium,Network Support,Open,Mobile,0,,EMP1503,0,Met
TKT13571,2024-05-20,2024-05-20,OK,Admin,Delhi,Printer,High,Hardware Support,Resolved,Printer,14.7,5,EMP2303,0.613,Missed
TKT10094,2025-02-08,2025-02-12,OK,Legal,Delhi,Printer,Low,Hardware Support,Resolved,Printer,109.8,2,EMP1028,4.575,Missed
TKT13105,2024-11-19,2024-11-19,OK,IT,Chennai,Software,Critical,Software Support,Resolved,Tablet,6.4,3,EMP1201,0.267,Missed
TKT12815,2025-02-27,2025-02-28,OK,Admin,Mumbai,Network,Low,Hardware Support,Resolved,Mobile,30.1,3,EMP2301,1.254,Met
TKT13316,2024-09-23,,OK,Sales,Pune,Printer,Medium,Hardware Support,In Progress,Printer,0,,EMP1052,0,Met
TKT14149,2024-09-14,,OK,Legal,Hyderabad,NETWORK,Critical,Network Support,In Progress,Server,0,,EMP1983,0,Met
TKT14612,2024-05-09,2024-05-09,OK,Sales,Mumbai,Network,High,Network Support,Resolved,Laptop,6.9,3,EMP1455,0.288,Met
TKT14229,2024-03-08,2024-03-08,OK,Sales,Delhi,Software,Medium,Software Support,Resolved,Tablet,20.9,4,EMP2070,0.871,Met
TKT13220,2025-01-08,2025-01-08,OK,Admin,Mumbai,Software,High,Software Support,Resolved,Desktop,13.9,4,EMP1425,0.579,Missed
TKT11260,2025-06-27,2025-06-27,OK,IT,Mumbai,Software,High,Software Support,Closed,Desktop,8.1,5,EMP1014,0.338,Missed
TKT12546,2025-01-16,2025-01-17,OK,Legal,Mumbai,Hardware,Medium,Hardware Support,Resolved,Laptop,28.9,5,EMP1715,1.204,Missed
TKT14764,2025-02-27,2025-02-27,OK,Sales,Chennai,Hardware,Medium,Hardware Support,Closed,Desktop,7.1,3,EMP1907,0.296,Met
TKT12480,2024-01-17,,OK,Operations,Mumbai,Access,Low,Identity & Access Team,In Progress,Mobile,0,,EMP1763,0,Met
TKT14596,2024-04-10,2024-04-10,OK,IT,Delhi,Access,Medium,Identity & Access Team,Resolved,Mobile,10.6,3,EMP1381,0.442,Met
TKT11430,2025-03-27,2025-03-27,OK,HR,Chennai,Network,MEDIUM,Software Support,Resolved,Laptop,23.1,3,EMP1277,0.963,Met
TKT13114,2024-11-24,2024-11-24,OK,Admin,Mumbai,Hardware,Medium,Hardware Support,Resolved,Laptop,8,5,EMP1871,0.333,Met
TKT14700,2024-05-31,,OK,Sales,Pune,Hardware,Medium,Hardware Support,In Progress,Server,0,,EMP1873,0,Met
TKT12577,2024-04-25,2024-04-25,OK,Admin,Delhi,Access,High,Identity & Access Team,Resolved,Laptop,11.6,5,EMP1867,0.483,Missed
TKT10489,2024-02-07,2024-02-07,OK,IT,Delhi,Email,High,Email & Messaging Team,Resolved,Laptop,1.2,,EMP1297,0.05,Met
TKT14265,2024-02-10,2024-02-10,OK,Admin,Pune,Network,High,Network Support,Resolved,Laptop,2.9,3,EMP2223,0.121,Met
TKT15650,2024-06-23,2024-06-23,OK,IT,Delhi,Hardware,Medium,Hardware Support,Closed,Server,21,5,EMP1047,0.875,Met
TKT16608,2025-03-30,2025-03-31,OK,Sales,Mumbai,Software,Medium,Software Support,Resolved,Tablet,39.9,5,EMP1179,1.663,Missed
TKT15843,2024-10-25,2024-10-25,OK,Operations,Pune,Hardware,Medium,Hardware Support,Resolved,Server,15.1,4,EMP1796,0.629,Met
TKT16759,2025-03-03,2025-02-27,ERROR,Marketing,Pune,Printer,Medium,Hardware Support,Resolved,Printer,22,3,EMP2120,0.917,Met
TKT15838,2024-04-29,2024-05-01,OK,HR,Bangalore,Network,Low,Network Support,Closed,Server,50.1,1,EMP1271,2.088,Missed
TKT15544,2024-09-26,2024-09-29,OK,Operations,Chennai,Access,LOW,Identity & Access Team,Resolved,Laptop,93.9,2,EMP1227,3.913,Missed
TKT12509,2024-09-22,2024-09-22,OK,Finance,Chennai,Access,Low,Identity & Access Team,Resolved,Desktop,19.1,5,EMP1418,0.796,Met
TKT14572,2025-04-25,2025-04-26,OK,Operations,Mumbai,Printer,Medium,Hardware Support,Resolved,Printer,31.3,4,EMP1420,1.304,Missed
TKT16050,2024-01-24,2024-01-25,OK,Finance,Mumbai,Network,Medium,Network Support,Resolved,Desktop,33.3,5,EMP1603,1.388,Missed
TKT15375,2025-02-27,2025-02-28,OK,Sales,Chennai,Hardware,Medium,Hardware Support,Resolved,Desktop,46.1,,EMP1930,1.921,Missed
TKT12473,2024-02-29,2024-02-29,OK,IT,Pune,Access, Medium,Identity & Access Team,Resolved,Laptop,17.7,1,EMP1066,0.738,Unknown Priority:  Medium
TKT13227,2025-06-03,2025-06-03,OK,Admin,Mumbai,Access,Low,Identity & Access Team,Closed,Desktop,14.3,5,EMP1237,0.596,Met
TKT11117,2025-05-18,,OK,IT,Bangalore,Hardware,High,Hardware Support,In Progress,Desktop,0,,EMP1501,0,Met
TKT13748,2025-04-25,,OK,Sales,Mumbai,Access,Medium,NA,In Progress,Mobile,0,,EMP1509,0,Met
TKT14772,2024-11-13,2024-11-13,OK,Marketing,Chennai,Hardware,Critical,Hardware Support,Resolved,DESKTOP,4.2,5,EMP2030,0.175,Missed
TKT12674,2024-05-08,2024-05-08,OK,Finance,Mumbai,Email,Medium,Email & Messaging Team,Closed,Laptop,13.5,4,EMP1645,0.563,Met
TKT10433,2024-10-02,2024-10-03,OK,Sales,Chennai,Software,Medium,Software Support,Closed,Tablet,42.2,2,EMP1845,1.758,Missed
TKT13992,2024-06-12,2024-06-12,OK,Operations,Pune,Email,Medium,Email & Messaging Team,Resolved,Mobile,10.4,4,EMP2063,0.433,Met
TKT11001,2024-02-28,,OK,HR,Pune,Access,Medium,Identity & Access Team,In Progress,Mobile,0,,EMP1223,0,Met
TKT11903,2025-05-22,2025-05-22,OK,Finance,Bangalore,Software,Critical,Software Support,Resolved,Laptop,2.3,1,EMP1291,0.096,Met
TKT11416,2024-05-07,2024-05-07,OK,Legal,Mumbai,Network,Low,Network Support,Resolved,Server,19.3,4,EMP1860,0.804,Met
TKT15542,2025-02-06,2025-02-08,OK,Finance,Hyderabad,Software,Medium,Hardware Support,Closed,Desktop,53.9,,EMP2030,2.246,Missed
TKT11722,2024-10-02,2024-10-02,OK,Sales,Delhi,Hardware, Medium,Hardware Support,Resolved,Server,5.2,4,EMP2022,0.217,Unknown Priority:  Medium
TKT15153,2024-10-12,2024-10-12,OK,HR,Pune,Access,High,Identity & Access Team,Closed,Mobile,4.7,5,EMP1929,0.196,Met
TKT12274,2025-01-28,,OK,Marketing,Mumbai,Hardware,Medium,Hardware Support,In Progress,Server,0,,EMP1356,0,Met
TKT16701,2025-02-15,2025-02-16,OK,Operations,Chennai,network,Low,Network Support,Resolved,Desktop,40.6,3,EMP1185,1.692,Met
TKT13049,2024-02-26,2024-02-27,OK,Sales,Delhi,Access,Medium,Identity & Access Team,Resolved,Mobile,24.1,2,EMP1616,1.004,Missed
TKT16431,2024-09-17,2024-09-18,OK,HR,Delhi,Software,Medium,Software Support,Resolved,Tablet,34.1,2,EMP1918,1.421,Missed
TKT14249,2024-08-19,,OK,Operations,Mumbai,Email,High,Email & Messaging Team,Open,Laptop,0,,EMP2255,0,Met
TKT16025,2024-04-15,2024-04-15,OK,Finance,Mumbai,Access,Medium,Identity & Access Team,Resolved,Desktop,15.4,2,EMP1973,0.642,Met
TKT13763,2024-03-14,2024-03-14,OK,HR ,Bangalore,Software,High,Software Support,Resolved,Laptop,6.9,2,EMP1261,0.288,Met
TKT10729,2024-10-25,2024-10-25,OK,Operations,Mumbai,Email,Medium,Email & Messaging Team,Resolved,Mobile,14.1,,EMP1755,0.588,Met
TKT10619,2024-11-20,2024-11-22,OK,Marketing,Bangalore,Software,Medium,Software Support,Resolved,Desktop,55.7,4,EMP1773,2.321,Missed
TKT16768,2024-04-03,2024-04-03,OK,Sales,Pune,Network,high,Network Support,Resolved,Laptop,3.8,5,EMP2127,0.158,Met
TKT12587,2025-05-26,2025-05-26,OK,HR,Mumbai,Network, Medium,Network Support,Resolved,Mobile,23.3,,EMP1540,0.971,Unknown Priority:  Medium
TKT15286,2025-01-19,2025-01-17,ERROR,Sales,Delhi,Email,High,Email & Messaging Team,Resolved,Desktop,16.2,4,EMP1543,0.675,Missed
TKT15491,2024-04-02,2024-04-05,OK,Operations,Chennai,network,Low,Network Support,Resolved,Laptop,87.9,5,EMP1524,3.663,Missed
TKT14945,2024-07-08,,OK,IT,Bangalore,Access,High,NA,In Progress,Desktop,0,,EMP1441,0,Met
TKT14894,2024-06-02,2024-06-02,OK,Marketing,Hyderabad,network,High,Network Support,Resolved,Desktop,3.2,4,EMP1455,0.133,Met
TKT13239,2024-02-22,2024-02-22,OK,Marketing,Hyderabad,Email,High,Email & Messaging Team,Resolved,Mobile,6.9,4,EMP1327,0.288,Met
TKT15315,2024-12-30,2025-01-02,OK,Marketing,Hyderabad,Printer,medium,Hardware Support,Resolved,Printer,77.5,5,EMP2043,3.229,Missed
TKT10263,2025-02-11,,OK,Operations,Pune,Network,High,Network Support,Open,Laptop,0,,EMP2037,0,Met
TKT14998,2024-05-03,,OK,HR ,Mumbai,Network,High,Network Support,In Progress,Laptop,0,,EMP2041,0,Met
TKT16014,2024-10-24,2024-10-24,OK,Marketing,Pune,Software,critical,Software Support,Closed,Tablet,5.2,3,EMP1325,0.217,Missed
TKT16714,2024-03-01,2024-03-01,OK,IT,Delhi,Software,Medium,Software Support,Resolved,Tablet,2.5,,EMP1985,0.104,Met
TKT13988,2024-01-15,2024-01-15,OK,Legal,Hyderabad,Email,High,Email & Messaging Team,Resolved,Desktop,5.6,4,EMP2032,0.233,Met
TKT13335,2024-03-15,2024-03-15,OK,Legal,Bangalore,Hardware,High,Hardware Support,Resolved,Desktop,2.5,4,EMP1640,0.104,Met
TKT12649,2024-06-01,2024-06-03,OK,Finance,Pune,Hardware,Medium,Hardware Support,Closed,Laptop,57.6,4,EMP1994,2.4,Missed
TKT11563,2025-06-25,2025-06-25,OK,Finance,Pune,Network,Medium,Network Support,Resolved,Server,18.7,,EMP1896,0.779,Met
TKT13761,2024-01-03,,OK,Operations,Hyderabad,Network,Low,Network Support,Open,Desktop,0,,EMP2176,0,Met
TKT15151,2024-12-16,2024-12-16,OK,Marketing,Pune,Hardware,Medium,Hardware Support,Closed,Server,7,3,EMP1484,0.292,Met
TKT10645,2024-10-16,2024-10-16,OK,Operations,Mumbai,Software,High,Software Support,Resolved,Tablet,2.1,3,EMP2386,0.088,Met
TKT15053,2024-09-09,2024-09-09,OK,HR ,Pune,Software,High,Software Support,Resolved,Laptop,2.2,4,EMP1292,0.092,Met
TKT15648,2025-01-04,,OK,IT,Mumbai,Email,Low,Email & Messaging Team,Open,Tablet,0,,EMP1754,0,Met
TKT13522,2024-06-09,,OK,HR,Chennai,Software,High,Software Support,In Progress,Desktop,0,,EMP2248,0,Met
TKT13583,2024-07-29,2024-07-26,ERROR,HR,Bangalore,Network,High,Network Support,Resolved,Server,13,5,EMP2255,0.542,Missed
TKT14506,2024-12-19,2024-12-19,OK,Admin,Pune,Software,Medium,Software Support,Resolved,Desktop,5.4,4,EMP1901,0.225,Met
TKT13082,2024-03-06,2024-03-06,OK,Sales,Mumbai,Access,Medium,Identity & Access Team,Resolved,Desktop,19,4,EMP1417,0.792,Met
TKT16028,2025-05-03,2025-05-03,OK,HR,Pune,Software,Critical,Software Support,Resolved,Laptop,3.2,4,EMP1161,0.133,Met
TKT11493,2024-12-08,2024-12-08,OK,Finance,Hyderabad,Software,High,Software Support,Closed,Laptop,4.5,2,EMP1052,0.188,Met
TKT16566,2025-01-10,2025-01-10,OK,Marketing,Delhi,Printer,High,NA,Resolved,Printer,14.1,5,EMP2130,0.588,Missed
TKT10974,2024-06-11,2024-06-11,OK,Sales,Hyderabad,Hardware,High,Hardware Support,Resolved,Desktop,4,5,EMP1732,0.167,Met
TKT11641,2024-04-25,2024-04-26,OK,Marketing,Mumbai,Software,Medium,Software Support,Resolved,Laptop,27.2,4,EMP2323,1.133,Missed
TKT12091,2024-06-02,,OK,IT,Mumbai,Software,Low,Hardware Support,In Progress,Tablet,0,,EMP1364,0,Met
TKT10936,2024-03-31,2024-04-01,OK,HR,Chennai,Network,Low,Network Support,Resolved,Mobile,32.7,5,EMP1391,1.363,Met
TKT12992,2024-06-06,2024-06-07,OK,Sales,Mumbai,Printer,Low,Hardware Support,Resolved,Printer,37.5,3,EMP2022,1.563,Met
TKT13707,2024-10-23,2024-10-23,OK,Finance,Chennai,Hardware,Critical,Hardware Support,Resolved,Laptop,16.3,5,EMP1067,0.679,Missed
TKT14865,2024-06-14,2024-06-14,OK,Finance,Mumbai,Access,Medium,Identity & Access Team,Resolved,Desktop,5,5,EMP2231,0.208,Met
TKT12980,2024-12-06,2024-12-08,OK,HR,Mumbai,Printer,Medium,Hardware Support,Closed,Printer,58.5,4,EMP1740,2.438,Missed
TKT13990,2024-06-18,,OK,HR,Mumbai,Access,Medium,Identity & Access Team,Open,Desktop,0,,EMP2129,0,Met
TKT13251,2025-03-15,2025-03-15,OK,Finance,Delhi,Network,Medium,Network Support,Resolved,Mobile,7.2,,EMP1593,0.3,Met
TKT16143,2024-09-16,2024-09-17,OK,Marketing,Hyderabad,Software,Medium,Software Support,Resolved,Laptop,35.6,4,EMP2091,1.483,Missed
TKT10412,2024-07-01,2024-07-01,OK,Sales,Delhi,Network,High,Network Support,Resolved,Server,5.4,3,EMP1975,0.225,Met
TKT14069,2024-08-27,2024-08-27,OK,HR ,Bangalore,Software,Low,NA,Resolved,Laptop,4.7,5,EMP1972,0.196,Met
TKT11584,2024-10-03,2024-10-04,OK,Finance,Mumbai,Network,Medium,Network Support,Closed,Laptop,29.1,3,EMP2175,1.213,Missed
TKT12438,2024-03-03,2024-03-04,OK,Finance,Pune,network,Low,Network Support,Closed,Desktop,28.5,3,EMP1843,1.188,Met
TKT15751,2025-02-13,2025-02-15,OK,Legal,Pune,Access,Medium,Identity & Access Team,Closed,Laptop,50.9,4,EMP2190,2.121,Missed
TKT12196,2024-11-07,2024-11-07,OK,Sales,Bangalore,Network,Medium,Network Support,Resolved,Laptop,12.6,2,EMP1565,0.525,Met
TKT16974,2024-06-15,2024-06-15,OK,Legal,Pune,Access,Medium,Identity & Access Team,Resolved,Mobile,3,5,EMP1279,0.125,Met
TKT13755,2024-05-05,2024-05-05,OK,Finance,Hyderabad,Printer,Medium,Hardware Support,Resolved,Printer,4.7,,EMP1307,0.196,Met
TKT15827,2024-02-02,2024-02-04,OK,Sales,Hyderabad,Network,Low,Network Support,Resolved,Laptop,60.5,5,EMP1663,2.521,Missed
TKT10420,2024-11-03,2024-11-05,OK,Operations,Bangalore,Network,Medium,Network Support,Closed,server,53.3,4,EMP1513,2.221,Missed
TKT10321,2025-01-18,,OK,IT,Bangalore,Software,Medium,Software Support,Open,Tablet,0,,EMP2149,0,Met
TKT14662,2024-08-27,2024-08-27,OK,IT,Pune,Email,Critical,Email & Messaging Team,Closed,Laptop,1.9,5,EMP1787,0.079,Met
TKT10203,2024-07-28,,OK,Admin,Pune,Printer,low,Hardware Support,In Progress,Printer,0,,EMP1812,0,Met
TKT10527,2024-10-28,2024-10-29,OK,Operations,Bangalore,Software,Medium,Software Support,Resolved,Desktop,35.9,5,EMP1592,1.496,Missed
TKT15567,2025-03-18,2025-03-21,OK,Finance,Chennai,Network,Low,Network Support,Resolved,Desktop,89.6,,EMP1220,3.733,Missed
TKT16848,2025-03-01,2025-03-02,OK,Sales,Mumbai,Email,Medium,Email & Messaging Team,Resolved,Desktop,33.8,4,EMP2127,1.408,Missed
TKT16344,2024-12-08,2024-12-08,OK,Admin,Bangalore,Access,High,Identity & Access Team,Resolved,Mobile,18.4,5,EMP1433,0.767,Missed
TKT12165,2024-02-27,2024-02-27,OK,Sales,Bangalore,Software,Low,Software Support,Resolved,Laptop,7.2,5,EMP1073,0.3,Met
TKT13994,2024-05-19,2024-05-19,OK,Sales,Bangalore,Network,Critical,Network Support,Resolved,server,8.1,3,EMP1856,0.338,Missed
TKT12914,2024-07-14,2024-07-14,OK,HR,Pune,Printer,Critical,Hardware Support,Resolved,Printer,4.4,,EMP1477,0.183,Missed
TKT16172,2025-06-16,2025-06-16,OK,HR,Bangalore,Software,High,Software Support,Closed,Desktop,9,5,EMP1259,0.375,Missed
TKT10343,2024-05-13,2024-05-13,OK,Sales,Bangalore,Hardware,Medium,Hardware Support,Resolved,Server,9.4,,EMP1989,0.392,Met
TKT12464,2024-10-28,2024-10-28,OK,HR,Bangalore,Hardware,High,Email & Messaging Team,Resolved,Server,4,,EMP2316,0.167,Met
TKT12336,2024-04-01,2024-04-01,OK,Admin,Pune,Hardware,Medium,Hardware Support,Resolved,Desktop,15.2,3,EMP2229,0.633,Met
TKT11518,2024-07-19,2024-07-19,OK,Marketing,Hyderabad,Software,Medium,Software Support,Resolved,Laptop,19.9,,EMP2011,0.829,Met
TKT12348,2024-03-31,2024-03-31,OK,Operations,Mumbai,Software,Critical,Software Support,Resolved,Tablet,1.6,,EMP1074,0.067,Met
TKT15211,2024-08-05,2024-08-06,OK,Sales,Pune,Software,Medium,Software Support,Resolved,Tablet,36.9,5,EMP1896,1.538,Missed
TKT15081,2025-01-18,2025-01-19,OK,Marketing,Delhi,Hardware,Low,Hardware Support,Resolved,Laptop,44.6,4,EMP1243,1.858,Met
TKT14359,2024-09-29,2024-10-01,OK,Sales,Pune,Email,Medium,Email & Messaging Team,Resolved,Mobile,55.6,5,EMP1460,2.317,Missed
TKT11008,2024-02-15,2024-02-19,OK,Marketing,Mumbai,Printer,Low,NA,Resolved,Printer,109.4,2,EMP2229,4.558,Missed
TKT13070,2025-01-15,2025-01-15,OK,Legal,Hyderabad,Software,Medium,Software Support,Resolved,Laptop,4.1,2,EMP2130,0.171,Met
TKT12436,2024-07-30,2024-08-02,OK,Legal,Mumbai,Printer,Low,Hardware Support,Resolved,Printer,95.5,,EMP1441,3.979,Missed
TKT14049,2025-06-23,2025-06-23,OK,Sales,Chennai,Access,Medium,Identity & Access Team,Resolved,Laptop,5.1,5,EMP1592,0.213,Met
TKT13088,2025-06-24,2025-06-24,OK,Finance,Mumbai,Network,High,Network Support,Resolved,laptop,2.2,5,EMP1711,0.092,Met
TKT14711,2024-08-07,2024-08-07,OK,Finance,Bangalore,Network,Medium,Network Support,Resolved,Server,12.1,3,EMP2220,0.504,Met
TKT13875,2025-01-26,2025-01-26,OK,Sales,Hyderabad,Software,Critical,Software Support,Resolved,Desktop,5.1,4,EMP1327,0.213,Missed
TKT14996,2025-05-20,2025-05-21,OK,Finance,Mumbai,Printer,Low,Hardware Support,Resolved,Printer,46.2,4,EMP1085,1.925,Met
TKT13886,2025-05-05,2025-05-06,OK,Sales,Mumbai,Software,Low,Software Support,Resolved,Tablet,30.5,3,EMP1841,1.271,Met
TKT16826,2024-02-23,,OK,Sales,Bangalore,Software,Critical,Software Support,In Progress,Laptop,0,,EMP1675,0,Met
TKT16450,2024-10-30,,OK,HR,Chennai,Software,Low,Software Support,In Progress,Tablet,0,,EMP2026,0,Met
TKT12604,2024-11-29,2024-11-29,OK,HR ,Mumbai,Network,Medium,Network Support,Resolved,Laptop,17.8,4,EMP2147,0.742,Met
TKT12041,2025-05-30,2025-05-30,OK,Sales,Delhi,Software,High,Software Support,Resolved,Laptop,11.5,,EMP1986,0.479,Missed
TKT15346,2024-11-07,2024-11-08,OK,Sales,Mumbai,Access,Medium,Identity & Access Team,Closed,DESKTOP,40.6,4,EMP2262,1.692,Missed
TKT12004,2025-06-29,2025-06-29,OK,Sales,Bangalore,Access,Critical,Identity & Access Team,Resolved,Laptop,1,3,EMP1550,0.042,Met
TKT14552,2025-01-21,2025-01-21,OK,Unknown,Hyderabad,Hardware,Medium,Hardware Support,Resolved,Laptop,19,4,EMP2250,0.792,Met
TKT15896,2025-06-16,2025-06-17,OK,IT,Pune,Network,Low,Network Support,Resolved,Mobile,29.1,4,EMP2060,1.213,Met
TKT16769,2025-02-24,2025-02-25,OK,Admin,Pune,Hardware,Low,Hardware Support,Resolved,Desktop,43.3,5,EMP1400,1.804,Met
TKT12071,2024-05-04,2024-05-04,OK,Sales,Delhi,Hardware,High,Hardware Support,Resolved,Desktop,18,3,EMP1505,0.75,Missed
TKT14409,2024-05-18,,OK,Admin,Pune,Access,Critical,Identity & Access Team,In Progress,Desktop,0,,EMP2386,0,Met
TKT14416,2024-12-24,,OK,Sales,Pune,NETWORK,Low,Network Support,In Progress,Laptop,0,,EMP1943,0,Met
TKT12618,2025-04-22,,OK,Legal,Chennai,Access,High,Identity & Access Team,In Progress,Laptop,0,,EMP1684,0,Met
TKT12226,2025-05-27,2025-05-27,OK,Operations,Delhi,Access,Critical,Identity & Access Team,Resolved,Laptop,2.8,5,EMP1170,0.117,Met
TKT12524,2024-12-08,2024-12-08,OK,Sales,Mumbai,Network,Medium,Network Support,Resolved,Mobile,15.1,4,EMP1458,0.629,Met
TKT15130,2024-01-06,2024-01-07,OK,Operations,Bangalore,Network,Medium,Network Support,Closed,Desktop,25.5,5,EMP1168,1.063,Missed
TKT12899,2024-07-27,2024-07-27,OK,Marketing,Bangalore,Access,Medium,Identity & Access Team,Resolved,Mobile,9.2,,EMP2124,0.383,Met
TKT11057,2024-08-09,2024-08-09,OK,Operations,Hyderabad,Software,Medium,Software Support,Resolved,Tablet,10,4,EMP1573,0.417,Met
TKT16281,2024-07-27,2024-07-27,OK,Finance,Bangalore,Network,Medium,Network Support,Resolved,Server,22.3,3,EMP2313,0.929,Met
TKT15858,2024-05-18,2024-05-18,OK,Admin,Bangalore,Email,High,Email & Messaging Team,Closed,Desktop,18.9,5,EMP1766,0.788,Missed
TKT15502,2024-12-09,2024-12-10,OK,Sales,Bangalore,network,Medium,Network Support,Closed,Desktop,45.3,4,EMP1252,1.888,Missed
TKT14600,2025-06-24,,OK,IT,Hyderabad,Email,Medium,Hardware Support,Open,Desktop,0,,EMP2236,0,Met
TKT10308,2024-05-31,2024-05-31,OK,HR,Pune,Network,Critical,Network Support,Resolved,Mobile,0.6,5,EMP2218,0.025,Met
TKT15098,2024-11-27,2024-12-01,OK,Admin,Hyderabad,Email,Low,Email & Messaging Team,Resolved,Mobile,98.2,4,EMP1993,4.092,Missed
TKT10767,2024-11-30,2024-11-30,OK,Finance,Chennai,Access,Medium,Identity & Access Team,Resolved,Mobile,15.7,3,EMP1660,0.654,Met
TKT16850,2025-02-09,2025-02-09,OK,HR,Delhi,Printer,High,Hardware Support,Resolved,printer,11.4,,EMP2079,0.475,Missed
TKT15562,2024-12-28,2024-12-31,OK,HR,Bangalore,Access,Low,Identity & Access Team,Resolved,Desktop,73,,EMP1711,3.042,Missed
TKT16453,2025-05-16,2025-05-16,OK,Operations,Mumbai,Network,High,Network Support,Resolved,Desktop,7.3,5,EMP1892,0.304,Met
TKT16760,2025-04-24,2025-04-24,OK,IT,Chennai,Printer,High,Hardware Support,Resolved,Printer,6.7,5,EMP2053,0.279,Met
TKT13944,2024-04-11,,OK,IT,Bangalore,Hardware,Low,NA,Open,Server,0,,EMP1739,0,Met
TKT11964,2025-02-17,2025-02-17,OK,Admin,Mumbai,Access,Medium,Identity & Access Team,Resolved,Desktop,12.2,5,EMP1501,0.508,Met
TKT10576,2024-11-30,2024-11-30,OK,Finance,Chennai,Access,MEDIUM,Identity & Access Team,Resolved,Mobile,12.4,5,EMP1995,0.517,Met
TKT10585,2025-06-07,2025-06-07,OK,Sales,Delhi,Network,Medium,NA,Resolved,Server,14.6,,EMP1114,0.608,Met
TKT16593,2025-06-12,2025-06-12,OK,Operations,Delhi,Printer,Low,Hardware Support,Resolved,Printer,8,,EMP2374,0.333,Met
TKT15149,2024-01-23,2024-01-23,OK,Operations,Pune,Hardware,High,Hardware Support,Resolved,Server,1,4,EMP2007,0.042,Met
TKT16026,2024-03-05,2024-03-09,OK,Operations,Chennai,Software,Low,Software Support,Resolved,Desktop,97.3,4,EMP1967,4.054,Missed
TKT10915,2025-02-03,2025-02-03,OK,IT,Hyderabad,network,Medium,Network Support,Resolved,Mobile,13.4,4,EMP1355,0.558,Met
TKT10967,2024-03-03,2024-03-03,OK,IT,Hyderabad,Network,MEDIUM,Network Support,Resolved,Mobile,17.9,5,EMP1248,0.746,Met
TKT11281,2024-02-27,,OK,Marketing,Delhi,Software,High,Software Support,In Progress,Laptop,0,,EMP1270,0,Met
TKT15285,2024-02-15,,OK,Operations,Pune,Software,High,Software Support,In Progress,Desktop,0,,EMP1236,0,Met
TKT15461,2024-08-14,,OK,Marketing,Pune,Software,Medium,Software Support,In Progress,Desktop,0,,EMP2274,0,Met
TKT11985,2024-03-23,,OK,Legal,Pune,Software,Low,Software Support,In Progress,Laptop,0,,EMP1819,0,Met
TKT10793,2025-01-04,2025-01-04,OK,Sales,Mumbai,Hardware,Medium,Hardware Support,Closed,Desktop,8.3,4,EMP2362,0.346,Met
TKT15836,2024-01-26,2024-01-26,OK,Operations,Mumbai,Email,Medium,Email & Messaging Team,Resolved,Tablet,3.6,5,EMP1633,0.15,Met
TKT12612,2025-01-16,2025-01-17,OK,Operations,Mumbai,Software,Low,Software Support,Resolved,Laptop,33.4,,EMP2039,1.392,Met
TKT12545,2025-05-14,2025-05-14,OK,Admin,Bangalore,Software,Medium,Software Support,Resolved,Desktop,21.4,4,EMP1632,0.892,Met
TKT16695,2025-05-08,2025-05-11,OK,IT,Chennai,Printer,Low,Hardware Support,Resolved,Printer,74.4,2,EMP2325,3.1,Missed
TKT16013,2025-04-20,,OK,Operations,Pune,Software,low,Software Support,In Progress,Tablet,0,,EMP1577,0,Met
TKT14464,2024-12-31,2024-12-31,OK,HR,Delhi,Hardware,High,Hardware Support,Resolved,Desktop,7.7,4,EMP1176,0.321,Met
TKT12720,2025-01-08,2025-01-08,OK,Sales,Hyderabad,Hardware,Medium,Hardware Support,Resolved,Laptop,18.6,5,EMP2137,0.775,Met
TKT11747,2024-06-06,2024-06-07,OK,Admin,Bangalore,Software,Medium,Software Support,Resolved,Laptop,25.7,,EMP2361,1.071,Missed
TKT15869,2024-05-28,2024-05-30,OK,IT,Delhi,Printer,Medium,Hardware Support,Resolved,Printer,70.2,4,EMP2181,2.925,Missed
TKT15447,2025-01-09,2025-01-09,OK,Operations,Hyderabad,Email,Medium,Email & Messaging Team,Resolved,Mobile,12.6,2,EMP1215,0.525,Met
TKT13263,2024-10-17,,OK,Operations,Delhi,Network,Low,Network Support,In Progress,Server,0,,EMP1403,0,Met
TKT12500,2025-06-23,,OK,Operations,Mumbai,Software,Medium,Software Support,In Progress,Laptop,0,,EMP2303,0,Met
TKT14314,2024-05-09,2024-05-09,OK,Admin,Chennai,Printer,High,Hardware Support,Closed,Printer,14,2,EMP1535,0.583,Missed
TKT13844,2024-07-14,2024-07-14,OK,Legal,Hyderabad,Access,Critical,Identity & Access Team,Resolved,Desktop,2,5,EMP1561,0.083,Met
TKT10870,2024-06-03,,OK,Finance,Hyderabad,Software,Medium,Software Support,In Progress,Laptop,0,,EMP1364,0,Met
TKT11550,2024-11-11,2024-11-12,OK,Legal,Mumbai,Hardware,Low,Hardware Support,Resolved,Server,25.3,4,EMP1546,1.054,Met
TKT15079,2025-04-21,2025-04-22,OK,Admin,Delhi,Printer,Medium,Hardware Support,Resolved,PRINTER,47.4,4,EMP1579,1.975,Missed
TKT11968,2025-04-17,2025-04-17,OK,Marketing,Bangalore,Hardware,High,Hardware Support,Resolved,Server,1.8,4,EMP1329,0.075,Met
TKT12764,2024-11-28,2024-11-28,OK,Admin,Bangalore,Printer,High,Hardware Support,Closed,Printer,2.3,4,EMP1060,0.096,Met
TKT15455,2025-03-02,2025-03-02,OK,Legal,Chennai,Network,High,Network Support,Closed,Desktop,13.7,4,EMP1273,0.571,Missed
TKT14363,2024-03-28,2024-03-28,OK,Sales,Bangalore,Network,medium,Network Support,Closed,Mobile,9.4,,EMP1699,0.392,Met
TKT12156,2024-02-15,2024-02-15,OK,Finance,Delhi,Software,High,Software Support,Resolved,Desktop,18.7,,EMP1477,0.779,Missed
TKT14024,2024-07-25,2024-07-25,OK,Admin,Chennai,Email,High,Identity & Access Team,Resolved,Mobile,13.4,5,EMP1692,0.558,Missed
TKT11890,2025-06-19,2025-06-19,OK,Legal,Delhi,Access,Critical,Identity & Access Team,Resolved,Laptop,3.2,3,EMP1133,0.133,Met
TKT11538,2024-11-20,2024-11-21,OK,Legal,Pune,Hardware,Medium,Hardware Support,Closed,Laptop,24.3,4,EMP1141,1.013,Missed
TKT15806,2024-01-11,2024-01-12,OK,Operations,Mumbai,Software,medium,Software Support,Resolved,LAPTOP,28.6,4,EMP1876,1.192,Missed
TKT16856,2024-11-27,2024-11-27,OK,Finance,Bangalore,Hardware,Low,Email & Messaging Team,Resolved,Laptop,8.4,3,EMP2379,0.35,Met
TKT11432,2024-10-10,2024-10-11,OK,Marketing,Pune,Hardware,Medium,Hardware Support,Resolved,Laptop,27.3,5,EMP2108,1.138,Missed
TKT10672,2025-05-14,2025-05-14,OK,Marketing,Bangalore,Hardware,Medium,Hardware Support,Closed,Server,16.4,4,EMP1474,0.683,Met
TKT16309,2024-06-02,2024-06-03,OK,Finance,Hyderabad,Network,Medium,Network Support,Resolved,Desktop,46.5,5,EMP1018,1.938,Missed
TKT12099,2024-06-11,2024-06-12,OK,HR ,Pune,Software,Medium,Software Support,Closed,Desktop,25,3,EMP1300,1.042,Missed
TKT16716,2024-10-13,2024-10-13,OK,Marketing,Pune,Hardware,High,Hardware Support,Closed,Server,2.7,4,EMP1947,0.113,Met
TKT15708,2024-10-22,,OK,Marketing,Mumbai,Software,Low,Software Support,Open,Desktop,0,,EMP1170,0,Met
TKT13512,2024-01-20,2024-01-20,OK,HR,Bangalore,Hardware,Low,Hardware Support,Closed,Desktop,3.3,1,EMP1391,0.138,Met
TKT11086,2024-01-02,2024-01-02,OK,Admin,Pune,Email,High,Email & Messaging Team,Resolved,Mobile,7.6,4,EMP2250,0.317,Met
TKT12819,2024-02-12,2024-02-12,OK,Sales,Mumbai,Network,High,Network Support,Resolved,Mobile,8.6,4,EMP1647,0.358,Missed
TKT12382,2025-03-03,2025-03-03,OK,Admin,Mumbai,Email,High,Email & Messaging Team,Resolved,Tablet,9.1,4,EMP1277,0.379,Missed
TKT13405,2024-04-23,2024-04-23,OK,IT,Hyderabad,network,High,Network Support,Resolved,Server,5,,EMP1220,0.208,Met
TKT11898,2024-07-16,2024-07-17,OK,Legal,Delhi,Hardware,Medium,Hardware Support,Resolved,Server,36.9,4,EMP1625,1.538,Missed
TKT11564,2024-08-01,2024-08-01,OK,HR,Delhi,Access,Critical,Identity & Access Team,Resolved,Desktop,0.8,3,EMP2098,0.033,Met
TKT13557,2024-06-09,,OK,Finance,Pune,Access,Medium,Software Support,Open,Desktop,0,,EMP2275,0,Met
TKT10332,2024-11-01,2024-11-02,OK,Legal,Mumbai,Network,Medium,Network Support,Closed,Laptop,30.3,4,EMP1595,1.263,Missed
TKT14367,2025-05-20,2025-05-20,OK,Finance,Pune,Hardware,Medium,Hardware Support,Resolved,Laptop,9.6,5,EMP1829,0.4,Met
TKT13124,2025-01-17,2025-01-17,OK,Finance,Delhi,Hardware,Medium,Identity & Access Team,Resolved,Desktop,10.3,,EMP2257,0.429,Met
TKT16666,2025-01-30,2025-01-30,OK,Operations,Hyderabad,Software,High,Software Support,Resolved,Laptop,23,,EMP1994,0.958,Missed
TKT13964,2024-03-01,2024-03-01,OK,Finance,Mumbai,Software,Critical,Software Support,Resolved,Desktop,2.5,4,EMP1551,0.104,Met
TKT14260,2024-05-29,2024-05-29,OK,Admin,Pune,Network,Medium,Network Support,Resolved,Server,19.4,3,EMP1535,0.808,Met
TKT11755,2024-06-11,2024-06-11,OK,IT,Pune,Software,Critical,Software Support,Resolved,Desktop,8.6,4,EMP2365,0.358,Missed
TKT10960,2024-05-26,2024-05-27,OK,IT,Chennai,Access,Medium,Identity & Access Team,Closed,Laptop,46,5,EMP1402,1.917,Missed
TKT14937,2025-02-28,,OK,Sales,Mumbai,Access,High,Identity & Access Team,In Progress,Mobile,0,,EMP1162,0,Met
TKT16828,2024-02-26,2024-02-26,OK,Legal,Delhi,Email,High,NA,Resolved,Desktop,2.4,4,EMP1706,0.1,Met
TKT10526,2024-11-15,2024-11-17,OK,Finance,Bangalore,Access,Low,Identity & Access Team,Resolved,Mobile,62.1,4,EMP2255,2.588,Missed
TKT16657,2025-02-26,,OK,IT,Chennai,Network,Medium,Network Support,Open,Server,0,,EMP1720,0,Met
TKT11128,2024-03-15,2024-03-15,OK,HR,Bangalore,Software,Medium,Software Support,Resolved,Laptop,8.7,4,EMP1402,0.363,Met
TKT11648,2024-02-17,2024-02-18,OK,Operations,Mumbai,Hardware,Medium,Hardware Support,Resolved,Laptop,39.2,5,EMP1892,1.633,Missed
TKT13006,2025-01-09,2025-01-09,OK,Sales,Bangalore,Network,Medium,Network Support,Resolved,Mobile,18.1,5,EMP2163,0.754,Met
TKT12561,2025-06-19,,OK,Operations,Mumbai,Access,Low,Software Support,In Progress,LAPTOP,0,,EMP1799,0,Met
TKT13177,2024-11-10,2024-11-10,OK,Legal,Chennai,Email,Medium,Email & Messaging Team,Resolved,Desktop,2,5,EMP2381,0.083,Met
TKT12281,2024-03-27,2024-03-27,OK,Finance,Bangalore,Access,High,Identity & Access Team,Resolved,Desktop,1,2,EMP2236,0.042,Met
TKT11149,2024-11-30,2024-11-30,OK,Marketing,Mumbai,Network,High,Network Support,Resolved,Desktop,0.2,5,EMP2090,0.008,Met
TKT13281,2024-12-02,2024-12-03,OK,Admin,Chennai,network,Medium,Network Support,Resolved,LAPTOP,28.4,,EMP1714,1.183,Missed
TKT13945,2024-08-06,2024-08-06,OK,Marketing,Delhi,Network,High,Identity & Access Team,Resolved,Desktop,4,4,EMP2313,0.167,Met
TKT11225,2025-05-24,2025-05-24,OK,IT,Delhi,Hardware,Low,Hardware Support,Resolved,Laptop,7.2,5,EMP1411,0.3,Met
TKT10952,2024-12-25,2024-12-25,OK,Sales,Delhi,Access,High,Identity & Access Team,Resolved,Desktop,8.2,4,EMP2117,0.342,Missed
TKT13701,2024-04-17,2024-04-18,OK,HR,Delhi,Access,Medium,Identity & Access Team,Resolved,Laptop,24.9,4,EMP1815,1.038,Missed
TKT10034,2024-08-21,2024-08-21,OK,Sales,Pune,Hardware,High,Hardware Support,Resolved,Desktop,6.1,3,EMP1456,0.254,Met
TKT11196,2025-01-07,2025-01-08,OK,Sales,Chennai,Software,Medium,Software Support,Closed,Desktop,38.7,4,EMP1539,1.613,Missed
TKT16927,2024-09-10,2024-09-10,OK,Operations,Hyderabad,Software,Medium,Hardware Support,Resolved,Laptop,6,,EMP1403,0.25,Met
TKT16374,2025-06-05,,OK,Sales,Chennai,Network,High,Network Support,Open,Server,0,,EMP1267,0,Met
TKT10986,2024-04-23,2024-04-24,OK,Finance,Bangalore,Email,Low,Email & Messaging Team,Resolved,Tablet,25.2,5,EMP2193,1.05,Met
TKT15478,2024-02-17,2024-02-17,OK,Admin,Delhi,Hardware,Critical,Hardware Support,Resolved,Server,9.9,,EMP1058,0.413,Missed
TKT15594,2024-06-30,,OK,IT,Chennai,Network,Medium,Network Support,In Progress,Laptop,0,,EMP1262,0,Met
TKT15351,2025-02-10,,OK,Operations,Delhi,Email,Low,Email & Messaging Team,Open,Mobile,0,,EMP1723,0,Met
TKT11449,2025-06-12,2025-06-12,OK,Marketing,Pune,Hardware,High,Hardware Support,Resolved,Desktop,5.8,4,EMP1563,0.242,Met
TKT12812,2024-05-01,2024-05-01,OK,Sales,Chennai,Software, High,Software Support,Resolved,Tablet,2.6,,EMP1143,0.108,Unknown Priority:  High
TKT13612,2024-06-23,2024-06-26,OK,IT,Pune,Email,Low,Email & Messaging Team,Closed,Laptop,86.1,4,EMP1593,3.588,Missed
TKT13026,2024-10-08,2024-10-09,OK,Sales,Delhi,network,Medium,Network Support,Resolved,MOBILE,24.9,5,EMP1178,1.038,Missed
TKT11745,2025-02-16,,OK,Sales,Chennai,Software,Low,Software Support,In Progress,Tablet,0,,EMP1979,0,Met
TKT12690,2024-04-21,2024-04-21,OK,IT,Bangalore,Hardware,Medium,Hardware Support,Resolved,Laptop,16.3,1,EMP1983,0.679,Met
TKT12987,2024-05-04,2024-05-05,OK,Finance,Chennai,Access,Low,Identity & Access Team,Resolved,Desktop,24.7,2,EMP1031,1.029,Met
TKT15076,2024-10-18,2024-10-18,OK,Operations,Pune,Network,High,Network Support,Resolved,Desktop,16,,EMP2318,0.667,Missed
TKT10863,2025-05-17,2025-05-17,OK,Sales,Pune,Software,Medium,Software Support,Resolved,Laptop,10.4,1,EMP1369,0.433,Met
TKT13872,2024-01-16,2024-01-16,OK,Admin,Delhi,Printer,Medium,Hardware Support,Resolved,Printer,13.2,4,EMP1259,0.55,Met
TKT10041,2024-02-17,2024-02-18,OK,IT,Chennai,Access,Medium,Identity & Access Team,Resolved,Laptop,31.1,,EMP1501,1.296,Missed
TKT15593,2024-09-27,2024-09-27,OK,Admin,Bangalore,Email,Medium,Email & Messaging Team,Resolved,Desktop,9.3,5,EMP2198,0.388,Met
TKT14792,2024-08-14,2024-08-14,OK,Marketing,Chennai,Hardware,Low,Hardware Support,Closed,Server,13.9,4,EMP1685,0.579,Met
TKT13390,2024-12-04,2024-12-04,OK,Sales,Mumbai,NETWORK,High,Network Support,Closed,Mobile,5.6,5,EMP1077,0.233,Met
TKT12344,2024-11-13,2024-11-13,OK,Finance,Chennai,Access,Critical,Identity & Access Team,Closed,Laptop,1.2,,EMP2088,0.05,Met
TKT10949,2024-06-19,2024-06-20,OK,Operations,Bangalore,Hardware,Low,Hardware Support,Resolved,Desktop,24.5,4,EMP1383,1.021,Met
TKT10553,2024-04-12,2024-04-12,OK,Operations,Pune,Hardware,High,Hardware Support,Resolved,Server,16.9,5,EMP2294,0.704,Missed
TKT11802,2025-04-03,2025-04-03,OK,Sales,Delhi,Access,Medium,Identity & Access Team,Resolved,Desktop,17,5,EMP2017,0.708,Met
TKT10561,2024-05-10,2024-05-10,OK,Sales,Mumbai,Network,Medium,Network Support,Resolved,Server,0,2,EMP1065,0,Met
TKT14756,2024-11-19,2024-11-20,OK,HR,Delhi,Software,Medium,Software Support,Resolved,Laptop,0,5,EMP2076,0,Met
TKT15861,2024-09-06,2024-09-07,OK,IT,Pune,Email,Low,Email & Messaging Team,Resolved,Laptop,37.5,3,EMP2008,1.563,Met
TKT15913,2024-05-06,,OK,Sales,Pune,Access,Medium,Network Support,Open,Laptop,0,,EMP2042,0,Met
TKT11078,2025-04-23,2025-04-25,OK,HR,Bangalore,Hardware,Low,Hardware Support,Resolved,Desktop,54.6,1,EMP2119,2.275,Missed
TKT16054,2025-06-21,2025-06-21,OK,Sales,Bangalore,Network,Medium,Network Support,Resolved,Laptop,4.1,4,EMP1637,0.171,Met
TKT15973,2024-12-26,,OK,Marketing,Mumbai,Network,Medium,Network Support,Open,Desktop,0,,EMP1810,0,Met
TKT15202,2024-06-25,2024-06-26,OK,Operations,Chennai,Hardware,Medium,Hardware Support,Resolved,Server,35.6,1,EMP2216,1.483,Missed
TKT15737,2025-05-18,2025-05-18,OK,Sales,Bangalore,Hardware,High,Hardware Support,Closed,Desktop,19.7,5,EMP1354,0.821,Missed
TKT14513,2025-04-17,2025-04-17,OK,Sales,Delhi,Software,Medium,NA,Resolved,Laptop,14.2,4,EMP1308,0.592,Met
TKT12902,2024-02-07,2024-02-07,OK,Marketing,Delhi,Hardware,Medium,Hardware Support,Resolved,Server,16.8,5,EMP2021,0.7,Met
TKT10028,2024-08-03,2024-08-03,OK,Admin,Pune,Email,High,Email & Messaging Team,Resolved,Desktop,2.1,4,EMP1702,0.088,Met
TKT16597,2024-07-05,2024-07-05,OK,IT,Mumbai,Network,Critical,Network Support,Closed,Laptop,5.1,,EMP2098,0.213,Missed
TKT12666,2024-12-01,2024-12-01,OK,HR,Pune,Software,Medium,Software Support,Resolved,Laptop,13.4,1,EMP2294,0.558,Met
TKT10897,2024-07-23,2024-07-23,OK,Marketing,Hyderabad,Software,High,Software Support,Closed,Desktop,8.9,4,EMP1822,0.371,Missed
TKT16484,2024-11-10,2024-11-10,OK,Finance,Chennai,Email,Medium,Email & Messaging Team,Resolved,Desktop,16.9,3,EMP1521,0.704,Met
TKT13079,2024-01-12,2024-01-12,OK,Sales,Mumbai,Network,Medium,Network Support,Resolved,Desktop,9.6,,EMP2137,0.4,Met
TKT12209,2024-02-24,2024-02-24,OK,Unknown,Pune,Printer,High,Hardware Support,Resolved,Printer,2,3,EMP1378,0.083,Met
TKT13871,2024-01-06,2024-01-09,OK,Sales,Pune,Network,Low,Network Support,Resolved,Mobile,73.3,5,EMP1582,3.054,Missed
TKT12675,2024-02-16,2024-02-17,OK,Marketing,Bangalore,Email,Medium,Email & Messaging Team,Resolved,Desktop,26.1,3,EMP1451,1.088,Missed
TKT12681,2025-02-18,2025-02-19,OK,IT,Pune,Network,Medium,Network Support,Resolved,Laptop,42.3,5,EMP1615,1.763,Missed
TKT12653,2024-10-24,2024-10-26,OK,Sales,Pune,Software,Low,Software Support,Resolved,Tablet,48,3,EMP1916,2,Met
TKT13846,2024-09-26,2024-09-26,OK,Finance,Mumbai,Network,Medium,Network Support,Resolved,Laptop,0,4,EMP2357,0,Met
TKT10700,2024-02-24,,OK,Operations,Delhi,Software,High,Software Support,Open,Laptop,0,,EMP2167,0,Met
TKT14858,2024-10-02,2024-10-02,OK,Marketing,Mumbai,Printer,Medium,Hardware Support,Closed,Printer,14.9,4,EMP1435,0.621,Met
TKT15078,2024-09-14,2024-09-14,OK,HR,Hyderabad,Software,High,Software Support,Resolved,Laptop,2.1,5,EMP1213,0.088,Met
TKT12006,2025-04-17,2025-04-17,OK,Finance,Bangalore,Network,High,Network Support,Resolved,Mobile,2.3,4,EMP2306,0.096,Met
TKT12959,2025-01-31,2025-01-31,OK,Operations,Bangalore,Software,Medium,Software Support,Closed,Laptop,11.3,5,EMP2296,0.471,Met
TKT14958,2025-05-02,2025-05-03,OK,IT,Mumbai,Printer,Medium,Software Support,Resolved,Printer,29.2,,EMP2297,1.217,Missed
TKT12114,2024-04-02,2024-04-02,OK,Sales,Pune,Hardware,High,Hardware Support,Resolved,Desktop,16.4,2,EMP1866,0.683,Missed
TKT15488,2024-01-27,2024-01-30,OK,Finance,Hyderabad,Access,Low,Identity & Access Team,Resolved,Desktop,76.9,3,EMP1387,3.204,Missed
TKT11477,2025-05-03,2025-05-03,OK,Finance,Mumbai,Software,Medium,Hardware Support,Resolved,Desktop,7.6,,EMP2366,0.317,Met
TKT13248,2025-01-30,2025-01-30,OK,IT,Pune,Printer,High,Hardware Support,Resolved,Printer,1.8,5,EMP1534,0.075,Met
TKT16193,2024-06-07,,OK,IT,Delhi,Network,Low,Network Support,Open,Laptop,0,,EMP1011,0,Met
TKT16327,2024-08-31,2024-08-31,OK,IT,Pune,Access,Low,Identity & Access Team,Closed,Laptop,21.5,4,EMP1859,0.896,Met
TKT16421,2024-12-17,2024-12-19,OK,Operations,Hyderabad,Software,Medium,Software Support,Resolved,laptop,62,4,EMP1533,2.583,Missed
TKT15559,2025-05-24,2025-05-27,OK,IT,Delhi,Network,Medium,Network Support,Resolved,Laptop,81.2,,EMP1274,3.383,Missed
TKT10862,2025-02-08,2025-02-08,OK,Marketing,Pune,Software,High,Software Support,Closed,Tablet,5.8,5,EMP1318,0.242,Met
TKT15675,2025-01-23,2025-01-23,OK,Finance,Pune,Hardware,High,Hardware Support,Resolved,Server,4.9,5,EMP2344,0.204,Met
TKT11075,2024-10-22,2024-10-23,OK,Marketing,Pune,Software,Low,Software Support,Closed,Tablet,30.5,5,EMP1424,1.271,Met
TKT12112,2024-05-22,2024-05-22,OK,Finance,Delhi,Software,High,Software Support,Closed,Laptop,11.1,1,EMP1634,0.463,Missed
TKT12346,2025-03-03,2025-03-03,OK,HR,Hyderabad,Access,Medium,Identity & Access Team,Resolved,Laptop,14,5,EMP1806,0.583,Met
TKT15778,2024-06-29,2024-07-03,OK,Sales,Bangalore,Hardware,Low,Hardware Support,Resolved,Server,108.3,3,EMP2241,4.513,Missed
TKT13563,2024-04-01,2024-04-01,OK,Finance,Hyderabad,Software,High,Software Support,Resolved,Desktop,5,4,EMP1812,0.208,Met
TKT14360,2024-06-29,,OK,Marketing,Delhi,Email,High,Email & Messaging Team,In Progress,Mobile,0,,EMP1574,0,Met
TKT16357,2025-02-09,2025-02-09,OK,Sales,Bangalore,Software,Medium,Software Support,Resolved,Desktop,17.4,,EMP1981,0.725,Met
TKT16705,2025-05-15,2025-05-14,ERROR,IT,Mumbai,Printer,High,Software Support,Resolved,Printer,5.7,5,EMP1106,0.238,Met
TKT13297,2024-04-10,,OK,IT,Bangalore,Network,High,Network Support,In Progress,Laptop,0,,EMP1425,0,Met
TKT13215,2024-07-06,,OK,Marketing,Pune,Network,Low,Network Support,Open,Server,0,,EMP1392,0,Met
TKT16986,2025-03-17,2025-03-19,OK,Operations,Pune,Email,Medium,Email & Messaging Team,Resolved,Laptop,50.4,4,EMP1925,2.1,Missed
TKT16216,2024-06-19,2024-06-19,OK,Legal,Pune,Printer,Medium,Hardware Support,Resolved,Printer,19.6,5,EMP2260,0.817,Met
TKT13592,2024-04-19,2024-04-19,OK,Sales,Bangalore,Network,Medium,Network Support,Resolved,Server,15.4,4,EMP2348,0.642,Met
TKT12467,2025-01-14,2025-01-15,OK,Operations,Delhi,NETWORK,Medium,Network Support,Resolved,Desktop,35.8,2,EMP1900,1.492,Missed
TKT15451,2025-02-05,2025-02-08,OK,Marketing,Pune,Printer,Medium,Hardware Support,Resolved,Printer,89.3,2,EMP1444,3.721,Missed
TKT15477,2024-09-14,2024-09-16,OK,IT,Chennai,Access,Low,Identity & Access Team,Resolved,Desktop,63.2,4,EMP1965,2.633,Missed
TKT11348,2024-09-18,2024-09-18,OK,Marketing,Mumbai,Network,Medium,Network Support,Resolved,Mobile,21.4,4,EMP1713,0.892,Met
TKT11513,2025-03-19,2025-03-20,OK,Admin,Pune,Email,Low,Email & Messaging Team,Resolved,Desktop,25.1,3,EMP2225,1.046,Met
TKT14669,2025-01-14,2025-01-14,OK,Legal,Mumbai,Hardware,Medium,Hardware Support,Resolved,Laptop,7.7,5,EMP1131,0.321,Met
TKT13617,2024-09-18,2024-09-19,OK,Finance,Bangalore,Network,Low,Network Support,Resolved,Mobile,40.2,5,EMP1456,1.675,Met
TKT11028,2024-08-15,2024-08-15,OK,Sales,Pune,Network,High,Network Support,Closed,Server,0.3,4,EMP1152,0.013,Met
TKT13240,2024-01-19,2024-01-22,OK,Admin,Mumbai,Software,Low,Software Support,Resolved,Laptop,81.5,4,EMP1000,3.396,Missed
TKT15496,2024-06-06,2024-06-06,OK,Sales,Pune,Network,High,Network Support,Resolved,Mobile,6.8,,EMP1517,0.283,Met
TKT11658,2024-09-27,,OK,HR,Hyderabad,Hardware,Medium,Hardware Support,In Progress,Server,0,,EMP1750,0,Met
TKT11035,2024-12-21,2024-12-21,OK,Admin,Mumbai,Access,High,Identity & Access Team,Resolved,Desktop,1.4,5,EMP1815,0.058,Met
TKT14773,2025-01-25,2025-01-25,OK,IT,Bangalore,Hardware,High,Hardware Support,Resolved,Desktop,1.5,4,EMP1601,0.063,Met
TKT11700,2025-01-15,2025-01-16,OK,Operations,Delhi,Software,Medium,Software Support,Resolved,Tablet,30.8,2,EMP1680,1.283,Missed
TKT10039,2024-08-03,2024-08-03,OK,Admin,Delhi,Email,Medium,Email & Messaging Team,Resolved,Laptop,14.6,4,EMP1880,0.608,Met
TKT15465,2024-02-11,,OK,Operations,Hyderabad,Software,Medium,NA,In Progress,Laptop,0,,EMP2115,0,Met
TKT15042,2024-08-07,2024-08-11,OK,Marketing,Bangalore,Printer,Medium,Hardware Support,Resolved,Printer,103.4,4,EMP2362,4.308,Missed
TKT14353,2025-03-17,2025-03-17,OK,IT,Chennai,Access,Medium,Identity & Access Team,Closed,Desktop,7.3,3,EMP1700,0.304,Met
TKT15416,2024-03-09,2024-03-09,OK,Finance,Bangalore,Email,High,Email & Messaging Team,Resolved,Desktop,7.7,5,EMP1360,0.321,Met
TKT14035,2025-03-24,2025-03-24,OK,IT,Mumbai,Access,Medium,Identity & Access Team,Resolved,Mobile,12.2,2,EMP1605,0.508,Met
TKT12543,2024-09-15,,OK,IT,Bangalore,Network,Critical,Network Support,Open,Laptop,0,,EMP1946,0,Met
TKT12286,2025-03-04,2025-03-04,OK,Sales,Bangalore,Hardware,Critical,Hardware Support,Resolved,Desktop,1.7,5,EMP1137,0.071,Met
TKT14279,2024-04-15,,OK,Operations,Delhi,Hardware,Low,Hardware Support,In Progress,Desktop,0,,EMP1226,0,Met
TKT16180,2024-06-12,2024-06-13,OK,Operations,Bangalore,Email,Medium,Email & Messaging Team,Resolved,Laptop,36.9,4,EMP1968,1.538,Missed
TKT16056,2024-02-11,,OK,Operations,Bangalore,Network,medium,Network Support,Open,Mobile,0,,EMP2214,0,Met
TKT14056,2024-08-24,2024-08-24,OK,Admin,Pune,NETWORK,high,Network Support,Resolved,mobile,10.9,,EMP1307,0.454,Missed
TKT10076,2024-09-02,2024-09-02,OK,Sales,Pune,Network,High,Network Support,Resolved,Mobile,0.9,1,EMP1324,0.038,Met
TKT16851,2024-02-25,2024-02-25,OK,Sales,Bangalore,Printer,High,Hardware Support,Resolved,Printer,6,5,EMP1427,0.25,Met
TKT13107,2024-09-26,2024-09-26,OK,Operations,Pune,Software,Medium,Software Support,Closed,Desktop,9.7,4,EMP1477,0.404,Met
TKT10833,2025-06-11,2025-06-12,OK,Operations,Pune,Printer,Medium,Hardware Support,Resolved,Printer,26.4,,EMP2386,1.1,Missed
TKT15864,2024-03-05,2024-03-05,OK,Operations,Bangalore,Software,High,Software Support,Resolved,Laptop,10.8,4,EMP1385,0.45,Missed
TKT14699,2024-12-10,2024-12-11,OK,Sales,Bangalore,Hardware,Low,Hardware Support,Resolved,Laptop,36.5,5,EMP1047,1.521,Met
TKT10385,2025-06-10,2025-06-11,OK,Sales,Bangalore,Software,Low,Software Support,Resolved,Tablet,35.4,3,EMP1287,1.475,Met
TKT10443,2024-07-10,2024-07-10,OK,Operations,Mumbai,Network,Medium,Network Support,Resolved,Mobile,19.2,5,EMP2113,0.8,Met
TKT15474,2025-02-08,2025-02-08,OK,Admin,Delhi,Software,Critical,Software Support,Resolved,Laptop,0.8,4,EMP2226,0.033,Met
TKT16088,2025-04-17,2025-04-17,OK,Admin,Hyderabad,Access,Medium,Identity & Access Team,Resolved,Mobile,12.6,4,EMP2363,0.525,Met
TKT15087,2024-04-27,2024-04-27,OK,Sales,Chennai,network,Critical,Network Support,Resolved,Server,8.2,5,EMP1008,0.342,Missed
TKT13225,2024-06-07,,OK,Legal,Delhi,Printer,Medium,Hardware Support,Open,Printer,0,,EMP1941,0,Met
TKT15587,2024-03-25,2024-03-25,OK,Admin,Bangalore,Network,Medium,Network Support,Closed,Mobile,4.9,3,EMP1081,0.204,Met
TKT16317,2024-06-29,2024-06-29,OK,Marketing,Hyderabad,Network,Medium,Network Support,Resolved,Mobile,20.1,4,EMP1581,0.838,Met
TKT14253,2024-01-04,,OK,IT,Mumbai,Access,High,Identity & Access Team,In Progress,Laptop,0,,EMP1943,0,Met
TKT14051,2024-10-11,2024-10-11,OK,Legal,Bangalore,Network,Medium,Network Support,Resolved,Server,21.8,4,EMP1050,0.908,Met
TKT15160,2024-06-10,2024-06-10,OK,Admin,Bangalore,Email,High,Email & Messaging Team,Resolved,Desktop,5.7,,EMP2058,0.238,Met
TKT13879,2024-02-12,2024-02-12,OK,Sales,Mumbai,Network,High,Network Support,Resolved,Laptop,3.4,4,EMP1562,0.142,Met
TKT13338,2024-01-13,2024-01-13,OK,HR,Delhi,Software,High,Software Support,Resolved,Laptop,2.6,4,EMP1051,0.108,Met
TKT16370,2024-02-10,2024-02-12,OK,Operations,Delhi,Network,Low,Network Support,Resolved,Server,62.8,5,EMP2209,2.617,Missed
TKT10038,2024-10-29,2024-10-31,OK,Marketing,Delhi,Network,Low,Network Support,Resolved,Mobile,50.9,4,EMP2135,2.121,Missed
TKT13198,2025-04-11,2025-04-12,OK,Admin,Pune,Access,Medium,Software Support,Closed,Laptop,33.7,1,EMP1286,1.404,Missed
TKT15551,2025-02-03,2025-02-03,OK,Sales,Pune,Printer,Low,Hardware Support,Resolved,Printer,4.7,,EMP1824,0.196,Met
TKT16471,2025-04-27,,OK,HR,Mumbai,Hardware,High,Hardware Support,Open,Server,0,,EMP1328,0,Met
TKT14953,2024-04-26,2024-04-28,OK,Legal,Bangalore,Software,Low,Software Support,Resolved,Laptop,52.7,4,EMP1923,2.196,Missed
TKT16904,2024-06-07,2024-06-07,OK,Operations,Bangalore,Access,Critical,Identity & Access Team,Resolved,Laptop,1.2,3,EMP1126,0.05,Met
TKT11545,2025-01-06,2025-01-06,OK,Operations,Delhi,NETWORK,High,Network Support,Resolved,Mobile,18.1,4,EMP2151,0.754,Missed
TKT14165,2024-09-25,2024-09-25,OK,HR,Chennai,Email,Critical,Email & Messaging Team,Resolved,Tablet,0,5,EMP1914,0,Met
TKT14645,2024-04-24,2024-04-26,OK,Legal,Delhi,Email,Low,Email & Messaging Team,Closed,Desktop,65.3,5,EMP1010,2.721,Missed
TKT15387,2025-02-25,2025-02-25,OK,Marketing,Hyderabad,network,High,Network Support,Resolved,Desktop,7.9,4,EMP2187,0.329,Met
TKT15392,2025-05-31,2025-05-31,OK,Operations,Chennai,Software,High,Software Support,Resolved,Tablet,0.4,5,EMP2186,0.017,Met
TKT12714,2025-02-01,2025-02-02,OK,Finance,Mumbai,Access,Medium,Identity & Access Team,Resolved,Mobile,32.9,4,EMP1341,1.371,Missed
TKT13963,2024-12-26,2024-12-26,OK,Legal,Mumbai,Access,Critical,Identity & Access Team,Resolved,Mobile,2.6,5,EMP1115,0.108,Met
TKT16740,2025-02-02,2025-02-06,OK,IT,Delhi,Software,Low,Software Support,Resolved,Laptop,115.6,,EMP1450,4.817,Missed
TKT16177,2025-06-13,2025-06-13,OK,Operations,Bangalore,Hardware,High,Hardware Support,Resolved,Desktop,8.2,3,EMP1021,0.342,Missed
TKT16308,2024-04-03,2024-04-03,OK,Admin,Pune,Access,Medium,Identity & Access Team,Resolved,Mobile,17.7,4,EMP1398,0.738,Met
TKT16360,2024-08-13,,OK,IT,Bangalore,Printer,High,Hardware Support,In Progress,Printer,0,,EMP1626,0,Met
TKT15258,2024-01-13,,OK,Admin,Pune,Hardware,High,Hardware Support,In Progress,Desktop,0,,EMP1506,0,Met
TKT11672,2024-09-04,2024-09-04,OK,Legal,Pune,Email,Medium,Email & Messaging Team,Resolved,MOBILE,19.2,,EMP1690,0.8,Met
TKT16061,2025-05-30,2025-05-26,ERROR,Sales,Pune,Software,Medium,Software Support,Resolved,Laptop,30,3,EMP2366,1.25,Missed
TKT15333,2024-01-09,2024-01-11,OK,HR,Mumbai,Hardware,Low,Hardware Support,Resolved,Server,68.9,5,EMP1959,2.871,Missed
TKT10479,2024-02-12,2024-02-12,OK,Admin,Chennai,Software,High,Software Support,Resolved,Laptop,1.4,4,EMP2245,0.058,Met
TKT12609,2024-10-05,2024-10-05,OK,HR ,Delhi,Access,High,Identity & Access Team,Resolved,Desktop,19.6,4,EMP1136,0.817,Missed
TKT16779,2024-08-04,2024-08-05,OK,Sales,Pune,Printer,Medium,Hardware Support,Resolved,Printer,30.9,,EMP2381,1.288,Missed
TKT11198,2024-08-21,2024-08-23,OK,Marketing,Pune,Email,Low,Email & Messaging Team,Resolved,Mobile,49.6,4,EMP1713,2.067,Missed
TKT14083,2024-12-16,2024-12-16,OK,Operations,Bangalore,Email,Medium,Email & Messaging Team,Resolved,Mobile,13,5,EMP1986,0.542,Met
TKT14940,2024-12-01,2024-12-01,OK,Sales,Bangalore,Access,Medium,Identity & Access Team,Resolved,Mobile,9.3,5,EMP1335,0.388,Met
TKT15470,2025-02-28,2025-02-28,OK,Admin,Delhi,Access,Medium,Identity & Access Team,Resolved,Mobile,7.7,3,EMP1140,0.321,Met
TKT11391,2025-03-03,2025-03-03,OK,Sales,Mumbai,network,Medium,Software Support,Closed,Mobile,9.7,,EMP1949,0.404,Met
TKT11911,2025-02-18,2025-02-21,OK,IT,Hyderabad,Software,Low,Software Support,Resolved,Desktop,90.2,5,EMP1584,3.758,Missed
TKT11859,2024-12-01,2024-12-01,OK,Finance,Pune,Software,High,Software Support,Resolved,Tablet,5.2,5,EMP1463,0.217,Met
TKT10341,2024-12-16,2024-12-19,OK,Marketing,Mumbai,Email,Low,Email & Messaging Team,Resolved,laptop,74,4,EMP1374,3.083,Missed
TKT14632,2025-03-25,,OK,Operations,Mumbai,Access,High,Identity & Access Team,In Progress,Mobile,0,,EMP2069,0,Met
TKT16817,2025-03-14,2025-03-14,OK,Operations,Bangalore,Email,High,Email & Messaging Team,Resolved,Laptop,8.9,4,EMP1105,0.371,Missed
TKT11306,2025-02-21,2025-02-22,OK,Operations,Bangalore,Hardware,Medium,Hardware Support,Resolved,Server,38.3,4,EMP1217,1.596,Missed
TKT16160,2024-01-22,2024-01-23,OK,HR ,Bangalore,Network,Low,Network Support,Resolved,Desktop,30.5,4,EMP1747,1.271,Met
TKT13036,2025-01-07,2025-01-07,OK,Operations,Hyderabad,Email,Medium,Email & Messaging Team,Resolved,Tablet,9.3,4,EMP2225,0.388,Met
TKT11463,2024-05-06,2024-05-06,OK,Sales,Mumbai,Network,High,NA,Resolved,MOBILE,23,5,EMP2114,0.958,Missed
TKT13434,2024-06-03,2024-06-05,OK,Finance,Delhi,Access,Low,Identity & Access Team,Resolved,Mobile,62,,EMP1026,2.583,Missed
TKT15184,2024-02-04,2024-02-04,OK,Marketing,Chennai,Network,High,Network Support,Resolved,Mobile,3.7,4,EMP2287,0.154,Met
TKT10310,2024-04-13,2024-04-13,OK,Finance,Pune,Software,Medium,Software Support,Resolved,Laptop,2,,EMP1585,0.083,Met
TKT14820,2024-04-07,2024-04-07,OK,IT,Delhi,Hardware,High,Hardware Support,Resolved,Desktop,4.4,5,EMP1565,0.183,Met
TKT14280,2024-03-14,2024-03-15,OK,Operations,Pune,Access,Medium,Identity & Access Team,Resolved,Laptop,26.6,4,EMP1292,1.108,Missed
TKT11407,2025-06-27,,OK,Unknown,Mumbai,Software,High,Software Support,Open,Desktop,0,,EMP1745,0,Met
TKT12663,2024-10-15,2024-10-15,OK,Sales,Bangalore,Software,High,Software Support,Resolved,Laptop,11.7,5,EMP1509,0.488,Missed
TKT10082,2025-03-26,,OK,Operations,Delhi,Network,Low,Network Support,In Progress,Server,0,,EMP1204,0,Met
TKT12790,2024-02-19,2024-02-20,OK,Operations,Pune,Network,Medium,NA,Resolved,Desktop,31.8,3,EMP1304,1.325,Missed
TKT14697,2025-05-28,,OK,Marketing,Mumbai,Hardware,Low,Hardware Support,In Progress,Desktop,0,,EMP1430,0,Met
TKT11857,2024-02-08,2024-02-09,OK,Operations,Delhi,Network,Medium,Network Support,Resolved,Desktop,28.5,4,EMP2050,1.188,Missed
TKT14946,2024-11-22,2024-11-22,OK,Sales,Pune,Email,High,Email & Messaging Team,Resolved,Laptop,3.6,5,EMP1607,0.15,Met
TKT11875,2024-11-18,2024-12-01,OK,Finance,Hyderabad,Software,Low,Network Support,Resolved,Laptop,326.6,5,EMP1715,13.608,Missed
TKT11120,2024-08-04,2024-08-05,OK,Operations,Pune,Software,LOW,Software Support,Resolved,Laptop,37.3,4,EMP2194,1.554,Met
TKT15926,2025-03-23,,OK,Sales,Pune,Hardware,Medium,Hardware Support,Open,Desktop,0,,EMP1237,0,Met
TKT12396,2025-06-10,2025-06-10,OK,IT,Pune,Software,MEDIUM,Software Support,Resolved,Laptop,9.7,1,EMP2397,0.404,Met
TKT15064,2025-01-22,2025-01-22,OK,Finance,Mumbai,Printer,Medium,Hardware Support,Resolved,Printer,21.4,4,EMP1427,0.892,Met
TKT14853,2025-06-30,2025-06-30,OK,Legal,Mumbai,Hardware,Low,Hardware Support,Resolved,Laptop,8.8,5,EMP1887,0.367,Met
TKT16489,2024-07-30,2024-07-30,OK,IT,Bangalore,Hardware,Medium,Hardware Support,Resolved,Server,15.8,3,EMP1613,0.658,Met
TKT14651,2024-09-14,2024-09-14,OK,Sales,Mumbai,Email,High,Hardware Support,Resolved,Mobile,8.6,4,EMP2332,0.358,Missed
TKT11657,2025-02-16,2025-02-19,OK,Sales,Pune,Network,Medium,Network Support,Resolved,Desktop,72.9,3,EMP1282,3.038,Missed
TKT11892,2025-03-05,2025-03-06,OK,HR,Pune,Network,LOW,Network Support,Resolved,Desktop,47,2,EMP1047,1.958,Met
TKT11286,2024-03-23,2024-03-23,OK,Sales,Pune,Network,Critical,Network Support,Resolved,Mobile,6.1,,EMP2191,0.254,Missed
TKT16359,2025-01-13,2025-01-13,OK,Finance,Mumbai,Email,Medium,Email & Messaging Team,Resolved,Mobile,13.1,3,EMP1067,0.546,Met
TKT16916,2024-10-01,2024-09-29,ERROR,Sales,Mumbai,Hardware,Medium,Hardware Support,Resolved,Desktop,8.5,5,EMP1510,0.354,Met
TKT13385,2024-08-30,2024-08-30,OK,IT,Delhi,Network,Critical,Network Support,Resolved,Desktop,1.9,,EMP1698,0.079,Met
TKT14392,2024-11-02,2024-11-02,OK,Legal,Chennai,Hardware,Medium,Hardware Support,Resolved,Desktop,8.2,5,EMP1745,0.342,Met
TKT13515,2024-08-25,2024-08-25,OK,HR,Bangalore,Network,Medium,Network Support,Resolved,Server,5.3,2,EMP2163,0.221,Met
TKT12904,2024-10-02,2024-10-02,OK,Legal,Hyderabad,Network,Medium,Network Support,Closed,Mobile,3,4,EMP1696,0.125,Met
TKT12494,2024-04-14,2024-04-15,OK,Marketing,Delhi,Hardware,Medium,Hardware Support,Closed,Server,32.8,4,EMP1355,1.367,Missed
TKT14578,2024-10-27,2024-10-27,OK,HR,Pune,Software,High,Software Support,Resolved,Desktop,4.3,3,EMP2349,0.179,Met
TKT10899,2024-08-06,,OK,Finance,Bangalore,Software,Low,Software Support,Open,desktop,0,,EMP1110,0,Met
TKT15971,2025-03-31,2025-03-31,OK,Unknown,Bangalore,Network,Critical,Network Support,Closed,Server,1.4,5,EMP2310,0.058,Met
TKT16015,2025-03-19,2025-03-19,OK,Operations,Delhi,Printer,High,Hardware Support,Resolved,Printer,5.1,5,EMP1924,0.213,Met
TKT12089,2024-09-11,2024-09-12,OK,Operations,Pune,Email,Medium,Email & Messaging Team,Resolved,Tablet,38.3,5,EMP2233,1.596,Missed
TKT10350,2025-04-08,2025-04-09,OK,HR,Bangalore,Software,Medium,Software Support,Resolved,Tablet,30.1,5,EMP1233,1.254,Missed
TKT11291,2025-02-01,2025-02-01,OK,Legal,Pune,network,Critical,Network Support,Resolved,Server,5.9,4,EMP1670,0.246,Missed
TKT15413,2024-08-26,2024-08-26,OK,Legal,Chennai,Access,Medium,Identity & Access Team,Resolved,Desktop,23.2,,EMP1401,0.967,Met
TKT16228,2025-03-14,2025-03-15,OK,Marketing,Bangalore,Hardware,Low,Hardware Support,Resolved,Server,36.6,4,EMP1192,1.525,Met
TKT12511,2024-02-23,2024-02-24,OK,Sales,Hyderabad,Printer,Medium,Hardware Support,Resolved,Printer,29.8,5,EMP1853,1.242,Missed
TKT12325,2025-05-01,,OK,Legal,Delhi,Access,High,NA,Open,laptop,0,,EMP1960,0,Met
TKT13845,2024-12-06,2024-12-06,OK,Sales,Bangalore,Hardware,Critical,Hardware Support,Closed,Server,4.8,4,EMP1770,0.2,Missed
TKT13468,2024-07-28,2024-07-28,OK,Unknown,Delhi,Network,Medium,Network Support,Resolved,Mobile,19.7,5,EMP2297,0.821,Met
TKT16108,2025-06-03,2025-06-03,OK,Unknown,Delhi,NETWORK,Medium,Network Support,Closed,Desktop,13.1,5,EMP1140,0.546,Met
TKT16999,2024-06-06,2024-06-06,OK,Legal,Bangalore,Access,High,Hardware Support,Resolved,Laptop,2.7,4,EMP1656,0.113,Met
TKT10441,2024-03-02,2024-03-02,OK,Operations,Pune,Access,High,Identity & Access Team,Resolved,Mobile,5.4,3,EMP1122,0.225,Met
TKT16371,2024-12-19,2024-12-19,OK,Admin,Pune,Email,Medium,Email & Messaging Team,Resolved,Tablet,18.4,3,EMP1147,0.767,Met
TKT15391,2024-10-22,2024-10-24,OK,Admin,Delhi,Software,MEDIUM,Software Support,Resolved,Laptop,49.1,,EMP2354,2.046,Missed
TKT10733,2024-03-16,2024-03-19,OK,Operations,Chennai,Email,Medium,Email & Messaging Team,Resolved,Laptop,72.5,2,EMP1732,3.021,Missed
TKT14765,2025-03-16,2025-03-19,OK,Marketing,Pune,Printer,LOW,Hardware Support,Resolved,Printer,81.1,,EMP2026,3.379,Missed
TKT16210,2024-10-20,2024-10-21,OK,Operations,Chennai,Hardware,Low,Hardware Support,Resolved,Server,33,4,EMP1787,1.375,Met
TKT10196,2024-02-19,2024-02-19,OK,Operations,Chennai,Network,HIGH,Network Support,Resolved,Laptop,5.9,4,EMP1501,0.246,Met
TKT10120,2024-06-26,2024-06-30,OK,IT,Delhi,Email,Low,Email & Messaging Team,Resolved,Desktop,104.1,5,EMP2233,4.338,Missed
TKT13478,2024-07-26,,OK,Operations,Bangalore,Network,Medium,Network Support,Open,Laptop,0,,EMP2032,0,Met
TKT14717,2025-03-15,2025-03-15,OK,Operations,Mumbai,Software,Medium,Software Support,Resolved,Desktop,9,5,EMP1448,0.375,Met
TKT16493,2025-01-17,2025-01-22,OK,Marketing,Mumbai,Network,Low,Network Support,Resolved,Laptop,129.4,5,EMP1878,5.392,Missed
TKT11130,2024-06-29,2024-06-29,OK,Operations,Bangalore,Software,CRITICAL,Software Support,Resolved,Tablet,4.4,4,EMP1673,0.183,Missed
TKT12444,2024-07-04,2024-07-04,OK,Operations,Chennai,Network,Medium,Network Support,Resolved,Server,4,3,EMP2183,0.167,Met
TKT15949,2024-11-19,2024-11-19,OK,Marketing,Hyderabad,Network,High,Network Support,Resolved,Desktop,5.5,3,EMP1171,0.229,Met
TKT10634,2024-02-25,2024-02-25,OK,Admin,Mumbai,Access,Low,Identity & Access Team,Resolved,Mobile,16,4,EMP2375,0.667,Met
TKT12651,2024-02-16,,OK,Sales,Delhi,Access,High,Identity & Access Team,In Progress,Desktop,0,,EMP1717,0,Met
TKT10649,2024-06-22,2024-06-24,OK,IT,Mumbai,Hardware,Low,Hardware Support,Resolved,Server,63.4,4,EMP2031,2.642,Missed
TKT14127,2025-01-22,2025-01-23,OK,Marketing,Hyderabad,Network,Medium,Network Support,Resolved,SERVER,29.3,5,EMP1171,1.221,Missed
TKT13077,2024-11-14,2024-11-16,OK,Finance,Delhi,Software,Low,Software Support,Resolved,Tablet,62.8,5,EMP1794,2.617,Missed
TKT16104,2025-01-21,2025-01-23,OK,Sales,Hyderabad,Network,Medium,Network Support,Closed,Desktop,51.4,5,EMP1044,2.142,Missed
TKT13047,2025-04-19,2025-04-20,OK,Sales,Delhi,network,Medium,Network Support,Closed,Laptop,26.6,,EMP1426,1.108,Missed
TKT15084,2024-10-19,2024-10-19,OK,HR,Pune,Network,Low,Network Support,Resolved,Laptop,9.4,,EMP2122,0.392,Met
TKT10841,2025-03-20,2025-03-20,OK,Sales,Chennai,Software,High,Identity & Access Team,Resolved,Laptop,1.7,5,EMP1011,0.071,Met
TKT10999,2025-01-23,2025-01-24,OK,IT,Bangalore,Software,Low,Software Support,Resolved,Laptop,36.3,4,EMP1377,1.513,Met
TKT15260,2024-01-05,2024-01-06,OK,Operations,Bangalore,Software,Low,Software Support,Resolved,Laptop,25.5,4,EMP1820,1.063,Met
TKT13493,2025-04-23,2025-04-23,OK,HR,Mumbai,Software,Medium,NA,Resolved,Tablet,19.7,3,EMP2360,0.821,Met
TKT14271,2025-01-13,2025-01-13,OK,IT,Pune,Hardware,High,Hardware Support,Resolved,LAPTOP,2,1,EMP1794,0.083,Met
TKT10147,2024-12-27,2024-12-28,OK,IT,Bangalore,Hardware,Medium,Hardware Support,Closed,Laptop,38.7,,EMP2259,1.613,Missed
TKT15824,2024-11-22,2024-11-22,OK,Finance,Bangalore,Software,High,Software Support,Closed,Laptop,9.3,5,EMP1395,0.388,Missed
TKT11044,2025-04-14,2025-04-14,OK,HR,Bangalore,Hardware,High,Hardware Support,Resolved,Laptop,2.7,5,EMP1415,0.113,Met
TKT13163,2024-05-20,2024-05-21,OK,Operations,Delhi,Access,Medium,Identity & Access Team,Closed,Desktop,24,4,EMP1705,1,Met
TKT10758,2024-02-14,2024-02-14,OK,Operations,Bangalore,Email,High,Email & Messaging Team,Resolved,Tablet,14.9,,EMP1490,0.621,Missed
TKT10804,2025-04-16,2025-04-16,OK,Admin,Pune,Access,Medium,Identity & Access Team,Resolved,Laptop,6.3,5,EMP1647,0.263,Met
TKT11188,2024-06-25,2024-06-25,OK,HR,Delhi,Software,HIGH,Software Support,Closed,Desktop,3.6,,EMP2023,0.15,Met
TKT10048,2024-12-26,2024-12-26,OK,Sales,Delhi,Printer,Critical,Hardware Support,Resolved,Printer,2.9,5,EMP1611,0.121,Met
TKT13218,2024-09-16,2024-09-16,OK,Legal,Hyderabad,Hardware,High,NA,Resolved,Desktop,1.2,3,EMP1584,0.05,Met
TKT12184,2025-03-25,2025-03-27,OK,Marketing,Bangalore,Software,Low,Software Support,Resolved,Tablet,57.8,4,EMP1478,2.408,Missed
TKT15334,2024-10-10,,OK,Operations,Bangalore,Software,High,Software Support,Open,Tablet,0,,EMP1674,0,Met
TKT11247,2024-04-23,,OK,Admin,Chennai,network,High,Network Support,In Progress,Mobile,0,,EMP2369,0,Met
TKT12282,2025-01-20,2025-01-20,OK,Finance,Delhi,Access,Medium,Identity & Access Team,Closed,Laptop,19.5,4,EMP2386,0.813,Met
TKT13770,2024-08-24,2024-08-24,OK,Operations,Chennai,Software,High,Software Support,Resolved,Tablet,5.5,3,EMP2113,0.229,Met
TKT14431,2024-04-30,2024-05-01,OK,Finance,Bangalore,Software,Medium,Software Support,Closed,Laptop,44,5,EMP1757,1.833,Missed
TKT11011,2024-12-18,2024-12-18,OK,Admin,Pune,Software,Low,Software Support,Resolved,Tablet,8.1,4,EMP1440,0.338,Met
TKT12778,2025-03-12,2025-03-14,OK,Operations,Mumbai,Hardware,Low,Hardware Support,Closed,Server,53.9,5,EMP1543,2.246,Missed
TKT10428,2024-10-05,2024-10-07,OK,Sales,Pune,Network,Medium,Network Support,Resolved,Mobile,56.2,5,EMP2123,2.342,Missed
TKT10545,2024-06-29,2024-06-29,OK,Marketing,Mumbai,Email,high,Email & Messaging Team,Resolved,Mobile,17.3,4,EMP2135,0.721,Missed
TKT15175,2024-06-11,2024-06-11,OK,Legal,Bangalore,Email,Critical,Hardware Support,Resolved,Tablet,7.3,,EMP1304,0.304,Missed
TKT13256,2024-12-16,,OK,Legal,Delhi,Printer,High,Hardware Support,Open,Printer,0,,EMP2016,0,Met
TKT10701,2024-01-20,2024-01-20,OK,Sales,Delhi,Software,Critical,Software Support,Resolved,Tablet,2.2,3,EMP1563,0.092,Met
TKT12154,2025-05-18,2025-05-19,OK,Sales,Mumbai,Email,Medium,Email & Messaging Team,Closed,Tablet,45.7,,EMP1612,1.904,Missed
TKT14122,2024-11-25,,OK,Finance,Pune,Access,High,Identity & Access Team,In Progress,Laptop,0,,EMP1053,0,Met
TKT10357,2024-12-19,2024-12-19,OK,IT,Delhi,Software,High,Software Support,Resolved,Tablet,3,5,EMP2377,0.125,Met
TKT11298,2024-10-14,2024-10-14,OK,Finance,Bangalore,Software,High,Software Support,Resolved,Laptop,5.9,3,EMP1576,0.246,Met
TKT15423,2025-01-19,2025-01-19,OK,Marketing,Bangalore,Printer,High,Hardware Support,Resolved,Printer,2.4,5,EMP1204,0.1,Met
TKT12515,2024-09-02,2024-09-02,OK,Finance,Bangalore,Software,Critical,Software Support,Resolved,Desktop,2.5,2,EMP2205,0.104,Met
TKT14110,2024-10-15,2024-10-16,OK,Sales,Mumbai,Software,Medium,Software Support,Resolved,Desktop,47.7,3,EMP1596,1.988,Missed
TKT14635,2024-03-16,2024-03-17,OK,Finance,Pune,network,Medium,Network Support,Resolved,Mobile,42.5,4,EMP2145,1.771,Missed
TKT15328,2024-03-09,2024-03-11,OK,Finance,Hyderabad,Access,Medium,Identity & Access Team,Resolved,Desktop,66.6,4,EMP1145,2.775,Missed
TKT15409,2024-08-07,2024-08-07,OK,HR,Hyderabad,Network,Medium,Network Support,Resolved,Laptop,11.7,3,EMP1650,0.488,Met
TKT14221,2025-06-28,,OK,Legal,Bangalore,Software,Medium,Software Support,Open,Laptop,0,,EMP1435,0,Met
TKT12368,2025-06-10,2025-06-17,OK,IT,Delhi,Email,Low,Email & Messaging Team,Resolved,Tablet,177,5,EMP1406,7.375,Missed
TKT12215,2024-12-07,2024-12-07,OK,Admin,Chennai,Network,Medium,Network Support,Resolved,Mobile,9.9,3,EMP1258,0.413,Met
TKT16711,2024-12-25,2024-12-27,OK,IT,Delhi,Printer,Low,Hardware Support,Closed,Printer,66.2,3,EMP1703,2.758,Missed
TKT15298,2024-01-19,2024-01-20,OK,Marketing,Hyderabad,Software,Low,Software Support,Resolved,Laptop,37.4,,EMP1711,1.558,Met
TKT11841,2025-01-01,2025-01-01,OK,Operations,Pune,Email,Medium,Email & Messaging Team,Resolved,Desktop,16,4,EMP1793,0.667,Met
TKT13881,2025-01-13,,OK,Marketing,Bangalore,Software,Low,Software Support,In Progress,Tablet,0,,EMP1364,0,Met
TKT12471,2024-01-29,2024-01-29,OK,Sales,Mumbai,Software,Low,Software Support,Closed,Desktop,14.6,4,EMP1491,0.608,Met
TKT12202,2024-10-09,,OK,Sales,Bangalore,Hardware,Medium,Software Support,In Progress,Desktop,0,,EMP1774,0,Met
TKT11913,2024-03-31,2024-03-31,OK,Admin,Bangalore,Hardware,Medium,Hardware Support,Resolved,Server,8.6,1,EMP2156,0.358,Met
TKT16336,2025-04-04,2025-04-04,OK,Legal,Chennai,Network,MEDIUM,Network Support,Closed,Desktop,14.4,3,EMP1085,0.6,Met
TKT12495,2024-03-26,2024-03-26,OK,Sales,Pune,Network,High,Network Support,Resolved,Laptop,10.2,,EMP1680,0.425,Missed
TKT13071,2024-07-13,2024-07-13,OK,Finance,Chennai,NETWORK,High,Network Support,Resolved,Laptop,17.1,5,EMP2388,0.713,Missed
TKT10710,2024-05-05,2024-05-07,OK,Legal,Mumbai,network,Medium,Network Support,Resolved,Laptop,52.7,5,EMP1286,2.196,Missed
TKT16881,2024-11-22,2024-11-22,OK,Operations,Pune,Access,Medium,Identity & Access Team,Resolved,laptop,20.4,1,EMP2085,0.85,Met
TKT16490,2025-01-29,2025-01-30,OK,IT,Hyderabad,Software,Medium,Software Support,Resolved,Laptop,26.5,4,EMP1835,1.104,Missed
TKT11594,2024-08-26,2024-08-27,OK,Finance,Delhi,Software,Low,Software Support,Closed,Tablet,26.4,,EMP2169,1.1,Met
TKT16401,2025-06-29,2025-06-29,OK,IT,Mumbai,Hardware,High,Hardware Support,Resolved,Server,6,1,EMP2219,0.25,Met
TKT10792,2025-06-16,2025-06-16,OK,Finance,Bangalore,Printer,High,Hardware Support,Resolved,Printer,1.4,,EMP1544,0.058,Met
TKT14205,2024-05-09,2024-05-09,OK,Sales,Pune,Network,High,Software Support,Resolved,Laptop,5.2,4,EMP1930,0.217,Met
TKT15287,2024-08-15,,OK,IT,Bangalore,Access,Low,Identity & Access Team,Open,Laptop,0,,EMP1236,0,Met
TKT16243,2024-03-09,,OK,IT,Mumbai,Access,Medium,Identity & Access Team,In Progress,Desktop,0,,EMP1126,0,Met
TKT13653,2025-03-30,2025-03-30,OK,Admin,Chennai,Access,Medium,Identity & Access Team,Resolved,Desktop,16.2,3,EMP1287,0.675,Met
TKT11957,2024-10-27,2024-10-29,OK,Marketing,Chennai,Software,Low,Software Support,Resolved,Laptop,55.6,3,EMP1397,2.317,Missed
TKT15215,2024-02-27,2024-02-28,OK,Marketing,Pune,Hardware,Medium,Email & Messaging Team,Closed,Desktop,24.7,5,EMP1668,1.029,Missed
TKT10834,2024-12-19,2024-12-23,OK,Operations,Mumbai,Software,Low,Software Support,Resolved,Tablet,117.4,,EMP1500,4.892,Missed
TKT15588,2025-05-02,2025-05-03,OK,Finance,Mumbai,Access,Medium,Identity & Access Team,Resolved,Laptop,31.6,5,EMP2389,1.317,Missed
TKT14307,2025-03-18,2025-03-18,OK,Operations,Pune,Hardware,Medium,Hardware Support,Resolved,Laptop,15.8,5,EMP1789,0.658,Met
TKT12220,2024-04-17,2024-04-17,OK,Admin,Mumbai,Hardware,Medium,Hardware Support,Resolved,Desktop,6.8,5,EMP1545,0.283,Met
TKT15257,2024-04-30,2024-05-01,OK,Operations,Delhi,Hardware,High,Hardware Support,Resolved,Server,25.8,5,EMP2355,1.075,Missed
TKT15710,2024-11-24,2024-11-24,OK,Legal,Hyderabad,Software,High,Software Support,Resolved,Laptop,20.3,4,EMP1239,0.846,Missed
TKT10135,2025-01-30,2025-01-30,OK,HR,Bangalore,Hardware,Critical,Hardware Support,Resolved,Server,1.5,1,EMP1167,0.063,Met
TKT13223,2025-03-26,2025-03-28,OK,Marketing,Hyderabad,Email,LOW,Email & Messaging Team,Resolved,Mobile,67.1,5,EMP2154,2.796,Missed
TKT16387,2024-06-03,2024-06-03,OK,Admin,Bangalore,Hardware,Medium,Hardware Support,Resolved,Laptop,20.7,5,EMP1138,0.863,Met
TKT10440,2024-01-10,2024-01-10,OK,HR,Bangalore,Network,Medium,Network Support,Closed,Mobile,5.9,5,EMP1086,0.246,Met
TKT14130,2024-03-04,2024-03-04,OK,Marketing,Bangalore,Access,LOW,Identity & Access Team,Resolved,Mobile,20.7,4,EMP1451,0.863,Met
TKT10035,2024-12-05,2024-12-05,OK,IT,Chennai,Printer,High,Hardware Support,Resolved,Printer,5.2,5,EMP1056,0.217,Met
TKT14661,2024-10-23,2024-10-23,OK,IT,Delhi,Software,High,Software Support,Closed,Tablet,5.9,4,EMP1877,0.246,Met
TKT16950,2024-03-03,,OK,IT,Mumbai,Software,High,Software Support,In Progress,Tablet,0,,EMP2269,0,Met
TKT10503,2024-05-26,2024-05-26,OK,Sales,Bangalore,network,Low,Network Support,Closed,Server,12,5,EMP1201,0.5,Met
TKT11568,2024-12-19,2024-12-19,OK,Legal,Pune,Access,Medium,Identity & Access Team,Closed,Laptop,21.1,4,EMP1262,0.879,Met
TKT14191,2024-09-12,2024-09-12,OK,Admin,Bangalore,Hardware,Medium,Hardware Support,Resolved,Laptop,13,4,EMP1243,0.542,Met
TKT16560,2024-11-04,2024-11-04,OK,HR,Pune,Access,High,Identity & Access Team,Closed,Desktop,17.4,4,EMP2194,0.725,Missed
TKT15422,2025-01-03,2025-01-03,OK,Sales,Mumbai,Email,Medium,Email & Messaging Team,Resolved,Desktop,11.8,3,EMP1453,0.492,Met
TKT12591,2024-08-03,2024-08-03,OK,Sales,Bangalore,Software,Medium,Software Support,Resolved,Desktop,18.4,3,EMP1606,0.767,Met
TKT13288,2024-07-06,2024-07-06,OK,IT,Mumbai,Access,High,Identity & Access Team,Resolved,Mobile,5.6,4,EMP1308,0.233,Met
TKT10339,2025-04-12,2025-04-12,OK,HR,Pune,Software,Medium,Software Support,Resolved,Desktop,7.5,2,EMP1606,0.313,Met
TKT16260,2024-04-21,2024-04-21,OK,Sales,Mumbai,Hardware,High,Hardware Support,Closed,Laptop,4,4,EMP2052,0.167,Met
TKT13254,2024-07-24,2024-07-24,OK,Admin,Bangalore,Network,Medium,Network Support,Resolved,mobile,21.1,5,EMP1796,0.879,Met
TKT12230,2024-06-17,2024-06-17,OK,Marketing,Mumbai,Access,Medium,Identity & Access Team,Closed,desktop,7.7,3,EMP1795,0.321,Met
TKT12508,2024-02-12,,OK,Legal,Chennai,Hardware,Low,Hardware Support,Open,Server,0,,EMP2186,0,Met
TKT10548,2024-08-04,2024-08-04,OK,Sales,Hyderabad,Network,Critical,Network Support,Resolved,laptop,4.1,4,EMP2339,0.171,Missed
TKT10483,2024-11-27,2024-11-28,OK,Operations,Pune,Access,Low,Identity & Access Team,Resolved,Laptop,25.4,4,EMP1923,1.058,Met
TKT13896,2025-04-12,2025-04-12,OK,Sales,Delhi,Software,Medium,Software Support,Resolved,Desktop,12.2,3,EMP2238,0.508,Met
TKT11609,2024-02-12,2024-02-15,OK,Admin,Pune,Software,Medium,Software Support,Closed,Tablet,83.5,5,EMP2119,3.479,Missed
TKT16096,2024-10-27,,OK,Sales,Delhi,Hardware,High,Hardware Support,Open,Desktop,0,,EMP1554,0,Met
TKT15797,2024-12-05,2024-12-05,OK,IT,Hyderabad,Hardware,Low,Hardware Support,Resolved,Server,21.3,3,EMP2118,0.888,Met
TKT14434,2024-01-27,2024-01-27,OK,Sales,Bangalore,Network,Critical,Network Support,Resolved,Mobile,1,4,EMP2063,0.042,Met
TKT15350,2024-09-22,2024-09-25,OK,Operations,Mumbai,Network, Medium,Network Support,Closed,Laptop,92.7,2,EMP2365,3.863,Unknown Priority:  Medium
TKT12207,2025-02-19,2025-02-22,OK,Finance,Chennai,Software,Medium,Software Support,Resolved,Laptop,79.9,4,EMP2292,3.329,Missed
TKT16623,2024-03-28,2024-03-28,OK,Operations,Hyderabad,Printer, High,Hardware Support,Resolved,Printer,0.9,4,EMP1608,0.038,Unknown Priority:  High
TKT16456,2024-03-18,2024-03-18,OK,Sales,Pune,Hardware,High,Hardware Support,Resolved,Desktop,8.6,,EMP1856,0.358,Missed
TKT10395,2024-04-08,2024-04-08,OK,Sales,Pune,NETWORK,Medium,Network Support,Closed,Mobile,20.3,4,EMP1363,0.846,Met
TKT15313,2024-02-21,2024-02-21,OK,Operations,Delhi,Software,Medium,Software Support,Resolved,Laptop,8,4,EMP1593,0.333,Met
TKT13475,2024-11-03,2024-11-03,OK,Operations,Pune,Access,High,Identity & Access Team,Resolved,laptop,8.6,5,EMP1608,0.358,Missed
TKT13108,2024-07-07,2024-07-07,OK,Marketing,Pune,Access,Critical,Network Support,Resolved,Desktop,3.1,5,EMP1698,0.129,Met
TKT10582,2024-05-30,,OK,Admin,Bangalore,Software,Medium,Software Support,Open,desktop,0,,EMP2157,0,Met
TKT16252,2025-04-13,2025-04-15,OK,Legal,Delhi,Network,Medium,Network Support,Closed,Desktop,55.1,4,EMP2318,2.296,Missed
TKT10113,2024-10-05,2024-10-05,OK,Admin,Bangalore,Email,High,Email & Messaging Team,Resolved,Laptop,13,4,EMP1907,0.542,Missed
TKT10315,2025-06-20,2025-06-20,OK,Legal,Bangalore,Network,High,Network Support,Closed,Desktop,6.3,3,EMP2164,0.263,Met
TKT10707,2025-05-27,2025-05-27,OK,Unknown,Delhi,Access,High,NA,Resolved,Desktop,10.6,3,EMP1416,0.442,Missed
TKT16682,2024-06-27,2024-06-27,OK,Marketing,Mumbai,Printer,High,Hardware Support,Resolved,Printer,3.4,5,EMP1295,0.142,Met
TKT11932,2024-04-01,2024-04-01,OK,Finance,Chennai,Email,High,Email & Messaging Team,Resolved,Tablet,18,5,EMP1256,0.75,Missed
TKT16276,2025-03-01,2025-03-01,OK,Sales,Hyderabad,Network,Medium,Network Support,Resolved,Desktop,4.8,1,EMP1921,0.2,Met
TKT16441,2025-01-19,2025-01-19,OK,HR,Bangalore,Hardware,Medium,Hardware Support,Closed,laptop,13.7,4,EMP1269,0.571,Met
TKT12715,2024-09-29,2024-09-29,OK,Admin,Pune,Printer,Medium,Hardware Support,Closed,Printer,22.7,,EMP1799,0.946,Met
TKT13962,2024-01-01,2024-01-01,OK,Sales,Chennai,Access,High,Identity & Access Team,Resolved,Desktop,5.9,2,EMP2005,0.246,Met
TKT13378,2024-04-25,2024-04-25,OK,HR,Hyderabad,Access,Medium,Email & Messaging Team,Resolved,Laptop,15.5,4,EMP1353,0.646,Met
TKT14505,2024-10-29,2024-10-29,OK,Finance,Hyderabad,Hardware,Critical,Hardware Support,Resolved,Laptop,1.2,5,EMP1479,0.05,Met
TKT15397,2024-02-14,2024-02-15,OK,Marketing,Mumbai,Email,Medium,Email & Messaging Team,Closed,Tablet,24.3,3,EMP1318,1.013,Missed
TKT12053,2024-04-27,2024-04-27,OK,Marketing,Hyderabad,Software,High,Software Support,Closed,DESKTOP,21.3,4,EMP1974,0.888,Missed
TKT13584,2024-02-03,2024-02-03,OK,Admin,Hyderabad,Software,Medium,Software Support,Closed,Tablet,6.1,,EMP1329,0.254,Met
TKT12453,2024-05-19,2024-05-19,OK,Sales,Chennai,Software,Critical,Software Support,Resolved,Tablet,3,4,EMP2127,0.125,Met
TKT10400,2025-03-09,2025-03-09,OK,HR ,Chennai,Software,High,Software Support,Resolved,Tablet,0.5,3,EMP2156,0.021,Met
TKT16653,2025-05-05,2025-05-05,OK,Finance,Mumbai,Access, Medium,Identity & Access Team,Resolved,Laptop,17.7,5,EMP2139,0.738,Unknown Priority:  Medium
TKT11937,2025-01-31,2025-02-02,OK,Sales,Hyderabad,Hardware,Low,Hardware Support,Closed,Desktop,51.3,,EMP1719,2.138,Missed
TKT11719,2024-03-27,2024-03-27,OK,Marketing,Delhi,Network,Medium,Network Support,Closed,Desktop,11.5,5,EMP2347,0.479,Met
TKT13545,2024-05-31,2024-05-31,OK,Finance,Mumbai,Hardware,High,Hardware Support,Resolved,Desktop,1.2,1,EMP1983,0.05,Met
TKT16086,2025-04-27,2025-04-27,OK,IT,Mumbai,Network,Medium,Network Support,Resolved,Desktop,21.3,3,EMP2388,0.888,Met
TKT13451,2024-08-07,,OK,Admin,Pune,Access,Critical,Identity & Access Team,In Progress,Laptop,0,,EMP2127,0,Met
TKT10112,2024-06-10,2024-06-11,OK,HR,Delhi,Network,medium,Network Support,Resolved,Mobile,34.8,4,EMP1757,1.45,Missed
TKT12253,2025-01-05,2025-01-05,OK,Legal,Pune,Access,High,Identity & Access Team,Resolved,Desktop,15.2,3,EMP1829,0.633,Missed
TKT13789,2024-09-17,2024-09-17,OK,Legal,Mumbai,Access,Critical,Identity & Access Team,Resolved,Laptop,0.7,,EMP1556,0.029,Met
TKT14020,2024-10-16,2024-10-17,OK,Legal,Mumbai,Software,Low,NA,Resolved,Desktop,34.6,5,EMP1746,1.442,Met
TKT15065,2024-02-05,2024-02-05,OK,IT,Delhi,Hardware,Medium,Hardware Support,Resolved,Desktop,16,4,EMP1612,0.667,Met
TKT16715,2024-04-20,2024-04-20,OK,IT,Chennai,Software,Medium,Software Support,Resolved,Laptop,14.6,5,EMP1238,0.608,Met
TKT12780,2025-04-14,2025-04-15,OK,IT,Bangalore,Email,Medium,Email & Messaging Team,Resolved,Mobile,30.6,,EMP1108,1.275,Missed
TKT16006,2024-02-29,2024-02-29,OK,HR,Pune,Access,Low,Identity & Access Team,Resolved,Mobile,17.5,3,EMP2046,0.729,Met
TKT14606,2024-05-16,2024-05-17,OK,Marketing,Pune,Access,Medium,Identity & Access Team,Resolved,Desktop,44.6,1,EMP1600,1.858,Missed
TKT12837,2024-10-13,2024-10-14,OK,Marketing,Hyderabad,Network,Medium,Network Support,Resolved,Desktop,25,4,EMP1404,1.042,Missed
TKT13199,2024-04-18,2024-04-18,OK,IT,Delhi,Software,Medium,Software Support,Resolved,Laptop,21.2,4,EMP1908,0.883,Met
TKT14129,2025-02-21,2025-02-24,OK,Sales,Pune,Software,Low,Software Support,Resolved,laptop,74.9,3,EMP1754,3.121,Missed
TKT16968,2024-01-31,2024-01-31,OK,Finance,Mumbai,Email,Medium,Email & Messaging Team,Resolved,Laptop,23.8,4,EMP1917,0.992,Met
TKT14388,2024-12-18,2024-12-18,OK,Sales,Hyderabad,Software,High,Software Support,Resolved,Laptop,5.4,4,EMP1544,0.225,Met
TKT14136,2024-12-23,2024-12-23,OK,IT,Delhi,Network,Critical,Network Support,Resolved,Mobile,6.6,4,EMP2212,0.275,Missed
TKT16098,2024-04-20,2024-04-20,OK,HR,Bangalore,Software, High,Software Support,Resolved,Laptop,6.9,4,EMP1652,0.288,Unknown Priority:  High
TKT12623,2025-06-14,2025-06-14,OK,Sales,Bangalore,Hardware,Medium,Hardware Support,Resolved,Desktop,4.6,5,EMP2385,0.192,Met
TKT14433,2025-06-05,2025-06-06,OK,Finance,Mumbai,Network,Medium,Network Support,Resolved,Server,41.5,3,EMP2101,1.729,Missed
TKT11271,2024-12-14,2024-12-16,OK,Operations,Hyderabad,Email,medium,Email & Messaging Team,Closed,Tablet,49.7,5,EMP2182,2.071,Missed
TKT15758,2024-06-08,2024-06-08,OK,HR,Pune,Network,High,Email & Messaging Team,Resolved,Laptop,2.2,4,EMP1144,0.092,Met
TKT11439,2024-09-23,2024-09-23,OK,Sales,Bangalore,Printer,Medium,Hardware Support,Resolved,Printer,15.5,5,EMP2241,0.646,Met
TKT10217,2024-03-21,2024-03-21,OK,Marketing,Chennai,Access,Medium,Identity & Access Team,Resolved,Mobile,20.3,4,EMP2025,0.846,Met
TKT10001,2024-03-30,2024-03-30,OK,Marketing,Pune,Hardware,High,Hardware Support,Closed,Server,9.6,1,EMP2209,0.4,Missed
TKT14860,2025-05-22,2025-05-22,OK,Sales,Mumbai,Access,Medium,Identity & Access Team,Resolved,Desktop,7.5,5,EMP1135,0.313,Met
TKT13087,2025-06-06,2025-06-03,ERROR,IT,Chennai,Access,High,Identity & Access Team,Resolved,Laptop,12.2,4,EMP1883,0.508,Missed
TKT10501,2024-10-05,2024-10-06,OK,Marketing,Pune,Network,Medium,Network Support,Closed,Server,39.4,5,EMP1847,1.642,Missed
TKT10337,2025-06-19,2025-06-19,OK,Operations,Pune,Network,High,Network Support,Closed,Desktop,1.7,4,EMP1413,0.071,Met
TKT13681,2025-03-27,2025-03-27,OK,Admin,Mumbai,Network,High,Network Support,Resolved,Mobile,7.8,4,EMP1824,0.325,Met
TKT10437,2024-09-11,2024-09-11,OK,Marketing,Pune,Email,High,Email & Messaging Team,Resolved,Laptop,1.3,4,EMP1788,0.054,Met
TKT13307,2024-01-29,,OK,IT,Mumbai,Hardware,Medium,Hardware Support,Open,Desktop,0,,EMP1494,0,Met
TKT15879,2024-01-13,2024-01-15,OK,Sales,Mumbai,Hardware,Low,Hardware Support,Closed,Laptop,64.1,4,EMP2301,2.671,Missed
TKT10531,2025-02-26,2025-02-26,OK,HR,Bangalore,NETWORK,Low,Email & Messaging Team,Closed,Desktop,15,4,EMP1784,0.625,Met
TKT16148,2024-03-20,2024-03-20,OK,Operations,Mumbai,Access,Critical,Identity & Access Team,Resolved,Mobile,2.1,5,EMP1477,0.088,Met
TKT13018,2024-08-05,2024-08-06,OK,HR,Mumbai,Hardware,Low,Hardware Support,Resolved,Server,43.6,,EMP1398,1.817,Met
TKT11305,2024-12-08,2024-12-08,OK,Finance,Bangalore,Network,High,Network Support,Closed,Desktop,10.7,5,EMP2001,0.446,Missed
TKT14407,2024-02-29,2024-03-01,OK,Finance,Mumbai,Printer,Medium,Hardware Support,Resolved,Printer,32.2,2,EMP2253,1.342,Missed
TKT10265,2025-03-23,2025-03-23,OK,Admin,Hyderabad,Network,High,Network Support,Resolved,Laptop,0.6,2,EMP1488,0.025,Met
TKT10778,2025-01-03,2025-01-03,OK,IT,Bangalore,Printer,High,Hardware Support,Resolved,Printer,5.1,4,EMP1815,0.213,Met
TKT16030,2024-02-26,2024-02-27,OK,Operations,Pune,Software,Low,Software Support,Resolved,tablet,24.4,,EMP1396,1.017,Met
TKT12699,2024-05-15,2024-05-16,OK,Marketing,Mumbai,Network,low,Network Support,Resolved,Desktop,26.9,5,EMP1973,1.121,Met
TKT11354,2024-06-24,2024-06-26,OK,Operations,Delhi,network,Low,Network Support,Resolved,Laptop,61.7,1,EMP1557,2.571,Missed
TKT15075,2024-05-11,2024-05-11,OK,Sales,Delhi,Hardware,High,Hardware Support,Resolved,Server,9.4,4,EMP1594,0.392,Missed
TKT10581,2024-06-08,,OK,Sales,Pune,Network,Low,Network Support,In Progress,Mobile,0,,EMP1008,0,Met
TKT11684,2024-01-13,,OK,Admin,Delhi,Email,Critical,Network Support,Open,Desktop,0,,EMP1416,0,Met
TKT15198,2025-06-09,2025-06-06,ERROR,IT,Chennai,Software,Medium,Software Support,Resolved,Tablet,11.2,5,EMP1659,0.467,Met
TKT10359,2024-02-27,2024-02-28,OK,IT,Chennai,Email,Medium,Email & Messaging Team,Resolved,Desktop,34.1,5,EMP1409,1.421,Missed
TKT13853,2024-01-11,2024-01-11,OK,Finance,Pune,Email,Critical,NA,Resolved,Laptop,2.5,2,EMP1090,0.104,Met
TKT15119,2025-02-02,2025-02-02,OK,Sales,Pune,Network,Low,Network Support,Resolved,Server,19.2,5,EMP1959,0.8,Met
TKT13667,2024-11-23,2024-11-23,OK,Legal,Delhi,Access,Medium,Identity & Access Team,Resolved,Laptop,8.2,3,EMP1666,0.342,Met
TKT12533,2024-12-23,2024-12-23,OK,Legal,Mumbai,Software,High,Software Support,Resolved,Tablet,4,4,EMP1837,0.167,Met
TKT10797,2024-10-27,2024-10-29,OK,Operations,Mumbai,Printer,low,Hardware Support,Closed,Printer,55.3,3,EMP2243,2.304,Missed
TKT15809,2024-09-23,2024-09-25,OK,IT,Pune,Email,Medium,Email & Messaging Team,Resolved,Laptop,49,4,EMP1161,2.042,Missed
TKT16092,2025-06-01,2025-06-01,OK,Sales,Pune,Access,High,Identity & Access Team,Closed,Desktop,4.9,4,EMP2066,0.204,Met
TKT10540,2024-07-24,,OK,IT,Pune,Printer,High,Hardware Support,Open,PRINTER,0,,EMP2249,0,Met
TKT13661,2024-04-24,2024-04-25,OK,Legal,Bangalore,Hardware,Medium,Hardware Support,Closed,Server,40.4,,EMP1591,1.683,Missed
TKT15556,2025-03-20,2025-03-20,OK,HR,Hyderabad,Software,Medium,Software Support,Closed,Desktop,17.9,4,EMP1132,0.746,Met
TKT16349,2024-02-07,2024-02-07,OK,Marketing,Delhi,Software,Critical,Software Support,Resolved,Desktop,2.4,5,EMP1561,0.1,Met
TKT13250,2025-01-03,2025-01-04,OK,Marketing,Delhi,Access,Medium,Identity & Access Team,Closed,Mobile,37.2,3,EMP2091,1.55,Missed
TKT11618,2024-11-11,2024-11-12,OK,IT,Bangalore,Hardware,Medium,Hardware Support,Resolved,Laptop,36.5,,EMP1653,1.521,Missed
TKT14282,2024-11-28,2024-11-29,OK,Sales,Bangalore,network,Medium,Network Support,Closed,Server,33,,EMP1406,1.375,Missed
TKT16776,2024-07-18,2024-07-18,OK,Finance,Mumbai,Network,High,Network Support,Resolved,Laptop,21.4,5,EMP1780,0.892,Missed
TKT12070,2025-02-13,,OK,Admin,Bangalore,Printer,Medium,Hardware Support,In Progress,Printer,0,,EMP2138,0,Met
TKT10659,2024-08-01,2024-08-01,OK,Marketing,Bangalore,Network,High,Network Support,Resolved,Mobile,0.9,4,EMP1333,0.038,Met
TKT13831,2025-01-27,2025-01-28,OK,Legal,Hyderabad,Software,Medium,Software Support,Closed,Desktop,43.4,3,EMP2262,1.808,Missed
TKT16439,2024-03-08,2024-03-08,OK,HR,Bangalore,Hardware,High,Hardware Support,Resolved,Laptop,13.3,4,EMP1102,0.554,Missed
TKT11699,2025-06-18,2025-06-18,OK,HR,Delhi,Software,Medium,Software Support,Closed,Tablet,7,,EMP2173,0.292,Met
TKT16003,2024-08-06,2024-08-07,OK,Operations,Mumbai,Network,Medium,Network Support,Resolved,Mobile,36.8,1,EMP1873,1.533,Missed
TKT12972,2024-01-01,2024-01-01,OK,HR,Pune,Network,High,Network Support,Closed,Mobile,11,5,EMP2067,0.458,Missed
TKT11066,2024-06-05,2024-06-05,OK,HR,Delhi,Access,Medium,Identity & Access Team,Resolved,Desktop,10.5,,EMP1362,0.438,Met
TKT15615,2025-06-16,2025-06-17,OK,Operations,Delhi,Network,Low,Network Support,Resolved,Mobile,44.2,,EMP2165,1.842,Met
TKT12096,2024-02-13,,OK,Admin,Delhi,Email,Medium,Email & Messaging Team,Open,Tablet,0,,EMP2221,0,Met
TKT14063,2024-07-18,2024-07-19,OK,Sales,Delhi,Network,Low,Network Support,Resolved,Server,28,4,EMP1092,1.167,Met
TKT11552,2025-03-25,2025-03-27,OK,Marketing,Hyderabad,Software,Medium,Software Support,Resolved,Desktop,51.9,3,EMP1005,2.163,Missed
TKT12979,2025-01-27,2025-01-27,OK,Legal,Hyderabad,Software,Medium,Software Support,Closed,Laptop,11.6,,EMP1308,0.483,Met
TKT14655,2025-01-30,2025-01-30,OK,Marketing,Pune,Email,High,Email & Messaging Team,Resolved,Laptop,4.1,4,EMP1854,0.171,Met
TKT15569,2025-01-27,2025-01-28,OK,Legal,Mumbai,Hardware,Medium,Hardware Support,Resolved,LAPTOP,27.7,4,EMP1373,1.154,Missed
TKT12284,2025-01-20,2025-01-20,OK,Finance,Mumbai,Printer,Medium,Hardware Support,Resolved,Printer,22,3,EMP1593,0.917,Met
TKT16813,2024-04-07,2024-04-07,OK,Finance,Mumbai,Access,High,Identity & Access Team,Resolved,Laptop,0,,EMP1231,0,Met
TKT13663,2025-05-28,2025-05-28,OK,Marketing,Chennai,Software,Medium,Software Support,Resolved,Tablet,17.2,,EMP1418,0.717,Met
TKT13535,2024-08-20,2024-08-20,OK,Operations,Mumbai,Printer,Medium,Hardware Support,Resolved,Printer,23.4,3,EMP1126,0.975,Met
TKT11300,2024-03-31,2024-03-31,OK,Legal,Bangalore,Printer,Medium,Hardware Support,Resolved,Printer,10.5,5,EMP2224,0.438,Met
TKT10875,2024-08-23,2024-08-24,OK,Operations,Delhi,Hardware,Medium,Hardware Support,Resolved,Server,29.4,5,EMP1787,1.225,Missed
TKT16864,2025-02-15,2025-02-15,OK,Marketing,Bangalore,Email,Medium,Email & Messaging Team,Resolved,Desktop,11.1,5,EMP1496,0.463,Met
TKT10966,2025-06-14,2025-06-15,OK,Marketing,Mumbai,Access,Medium,Identity & Access Team,Resolved,Laptop,26.5,2,EMP1942,1.104,Missed
TKT12745,2025-06-18,2025-06-18,OK,Legal,Delhi,Printer,High,Hardware Support,Resolved,Printer,2.8,2,EMP2218,0.117,Met
TKT10131,2024-08-31,2024-08-31,OK,Legal,Delhi,Email,High,Email & Messaging Team,Resolved,Tablet,3.2,5,EMP1909,0.133,Met
TKT13884,2024-03-27,2024-03-27,OK,Marketing,Chennai,Hardware,High,Hardware Support,Resolved,Server,8.5,5,EMP2347,0.354,Missed
TKT13572,2024-06-01,2024-06-01,OK,Legal,Hyderabad,Printer,Low,Hardware Support,Resolved,Printer,21.5,5,EMP1710,0.896,Met
TKT14210,2024-03-29,2024-03-29,OK,IT,Hyderabad,Software,High,Software Support,Resolved,Laptop,15.8,4,EMP1556,0.658,Missed
TKT16417,2024-11-20,2024-11-20,OK,Finance,Pune,Email,Critical,Email & Messaging Team,Closed,Tablet,2,,EMP1708,0.083,Met
TKT12783,2024-01-11,2024-01-11,OK,Sales,Delhi,Printer,Critical,Hardware Support,Resolved,Printer,7.5,5,EMP1412,0.313,Missed
TKT12689,2024-08-20,2024-08-20,OK,IT,Mumbai,Printer,Low,Hardware Support,Resolved,Printer,0.7,5,EMP1475,0.029,Met
TKT14048,2024-02-13,2024-02-09,ERROR,Legal,Chennai,Software,Medium,Software Support,Closed,Laptop,13.3,5,EMP1693,0.554,Met
TKT10519,2024-02-24,2024-02-26,OK,Marketing,Bangalore,Software,Low,Software Support,Resolved,Laptop,66.2,5,EMP1001,2.758,Missed
TKT14238,2024-04-06,2024-04-07,OK,Admin,Delhi,Software,Low,Software Support,Resolved,Tablet,39.9,4,EMP2311,1.663,Met
TKT13424,2024-12-08,2024-12-08,OK,Finance,Bangalore,Software,High,Software Support,Resolved,Laptop,7.3,,EMP1850,0.304,Met
TKT11786,2025-03-13,2025-03-14,OK,Finance,Delhi,Access,Medium,Identity & Access Team,Resolved,Laptop,30,4,EMP1290,1.25,Missed
TKT13623,2024-04-08,2024-04-08,OK,Marketing,Delhi,Network,High,Network Support,Resolved,Mobile,3.9,4,EMP1666,0.163,Met
TKT12425,2024-06-19,2024-06-19,OK,HR,Chennai,Access,Medium,Identity & Access Team,Resolved,Laptop,3.2,3,EMP1096,0.133,Met
TKT13309,2024-11-17,2024-11-17,OK,Finance,Mumbai,Software,High,Software Support,Resolved,Desktop,4.6,4,EMP1139,0.192,Met
TKT13000,2025-02-15,2025-02-17,OK,Operations,Mumbai,Software,Low,Software Support,Closed,Tablet,58,4,EMP1821,2.417,Missed
TKT15874,2025-01-21,2025-01-22,OK,IT,Delhi,Network,Medium,Network Support,Resolved,Mobile,35,5,EMP1835,1.458,Missed
TKT13753,2025-03-12,2025-03-13,OK,Sales,Pune,Printer,Medium,Hardware Support,Resolved,Printer,25.4,4,EMP2301,1.058,Missed
TKT15056,2024-11-15,2024-11-15,OK,HR,Mumbai,Printer,Medium,Hardware Support,Resolved,Printer,2.5,5,EMP1788,0.104,Met
TKT14930,2025-06-09,2025-06-09,OK,IT,Mumbai,Hardware,High,Hardware Support,Resolved,Laptop,13.5,1,EMP2322,0.563,Missed
TKT16303,2024-04-06,2024-04-08,OK,Finance,Delhi,Software,Medium,NA,Resolved,Tablet,51.3,5,EMP1413,2.138,Missed
TKT10914,2024-06-23,2024-06-25,OK,Finance,Pune,Software,Low,Software Support,Resolved,Tablet,64.9,,EMP2171,2.704,Missed
TKT15953,2025-05-20,2025-05-21,OK,Marketing,Delhi,Software,Medium,Software Support,Resolved,Desktop,32.4,4,EMP1770,1.35,Missed
TKT13675,2024-10-05,2024-10-05,OK,HR,Mumbai,Access,Medium,Identity & Access Team,Resolved,MOBILE,13,5,EMP2324,0.542,Met
TKT16661,2024-06-18,2024-06-18,OK,IT,Chennai,Access,Low,Identity & Access Team,Closed,desktop,11.6,1,EMP2272,0.483,Met
TKT13259,2024-02-17,2024-02-19,OK,Operations,Pune,Email,Low,Email & Messaging Team,Resolved,Desktop,53.7,5,EMP1420,2.238,Missed
TKT15369,2025-02-11,,OK,HR ,Chennai,Software,Medium,Software Support,In Progress,Tablet,0,,EMP2275,0,Met
TKT11157,2024-11-27,2024-11-27,OK,Finance,Delhi,Software,Medium,Network Support,Resolved,Tablet,21.2,3,EMP1092,0.883,Met
TKT13749,2025-01-06,2025-01-06,OK,Sales,Bangalore,Network,Medium,Network Support,Resolved,Server,23.4,5,EMP1494,0.975,Met
TKT13659,2025-02-22,,OK,Sales,Delhi,Access,Low,Identity & Access Team,In Progress,Laptop,0,,EMP2241,0,Met
TKT12242,2024-04-28,2024-04-28,OK,Sales,Pune,Access,High,Identity & Access Team,Closed,Laptop,5.1,,EMP1416,0.213,Met
TKT10777,2024-07-21,2024-07-22,OK,Marketing,Chennai,NETWORK,Medium,Network Support,Resolved,Mobile,39.4,4,EMP1501,1.642,Missed
TKT10377,2025-06-08,2025-06-08,OK,Sales,Bangalore,NETWORK,High,Network Support,Resolved,Server,17.2,3,EMP1291,0.717,Missed
TKT12947,2024-04-04,2024-04-06,OK,Admin,Chennai,network,Low,Network Support,Resolved,Mobile,57.2,4,EMP1767,2.383,Missed
TKT13369,2024-06-26,,OK,HR ,Mumbai,Hardware,High,Hardware Support,Open,Server,0,,EMP1518,0,Met
TKT16034,2024-06-15,2024-06-15,OK,Operations,Chennai,Email,Medium,Email & Messaging Team,Resolved,Desktop,2,2,EMP1478,0.083,Met
TKT14395,2024-01-18,2024-01-18,OK,Operations,Hyderabad,Software,Low,Software Support,Closed,Tablet,20.9,,EMP1615,0.871,Met
TKT11419,2024-05-06,2024-05-06,OK,Finance,Delhi,Software,High,Software Support,Closed,Laptop,5.7,4,EMP1755,0.238,Met
TKT12827,2024-05-09,2024-05-09,OK,Sales,Delhi,Hardware,Critical,Hardware Support,Resolved,Desktop,4.8,5,EMP1348,0.2,Missed
TKT15134,2024-10-21,2024-10-21,OK,Legal,Mumbai,Access,Medium,Identity & Access Team,Resolved,Laptop,19.5,4,EMP2152,0.813,Met
TKT15167,2024-06-04,2024-06-04,OK,IT,Bangalore,Network,Medium,Network Support,Resolved,Desktop,13.3,,EMP2338,0.554,Met
TKT10751,2024-07-28,,OK,Marketing,Pune,Network,Low,Email & Messaging Team,Open,Mobile,0,,EMP1800,0,Met
TKT10419,2025-03-18,2025-03-18,OK,HR,Pune,Software,High,Software Support,Closed,Desktop,1.1,5,EMP1780,0.046,Met
TKT16991,2024-07-05,2024-07-05,OK,HR ,Delhi,Access,Medium,Identity & Access Team,Resolved,Desktop,15.1,5,EMP1901,0.629,Met
TKT10276,2024-03-27,2024-03-28,OK,Finance,Hyderabad,Email,Medium,Email & Messaging Team,Resolved,Mobile,44.4,3,EMP2189,1.85,Missed
TKT11783,2024-10-14,2024-10-16,OK,HR,Bangalore,Access,Medium,Identity & Access Team,Closed,Laptop,55,3,EMP1864,2.292,Missed
TKT12645,2025-02-23,,OK,Sales,Pune,Printer,Medium,Hardware Support,Open,Printer,0,,EMP1503,0,Met
TKT13445,2024-01-25,2024-01-25,OK,Sales,Chennai,Software,Medium,Software Support,Resolved,Tablet,5.1,4,EMP1268,0.213,Met
TKT16100,2025-03-22,2025-03-23,OK,Operations,Bangalore,Software,Low,Software Support,Closed,Laptop,38.8,4,EMP2219,1.617,Met
TKT10464,2025-01-17,2025-01-17,OK,Marketing,Hyderabad,Software,High,Software Support,Resolved,Laptop,11.1,5,EMP1319,0.463,Missed
TKT12377,2025-04-20,2025-04-20,OK,Finance,Pune,Software,High,Software Support,Resolved,Laptop,8.5,5,EMP2221,0.354,Missed
TKT11425,2024-01-21,2024-01-21,OK,Operations,Bangalore,Access,High,Identity & Access Team,Closed,Desktop,5.4,5,EMP1128,0.225,Met
TKT14410,2024-03-02,2024-03-02,OK,Sales,Pune,Network,Low,Network Support,Resolved,Server,11.1,3,EMP1003,0.463,Met
TKT11952,2025-03-24,2025-03-24,OK,Marketing,Chennai,Hardware,Medium,Hardware Support,Resolved,Laptop,0.4,4,EMP1697,0.017,Met
TKT12201,2025-02-12,2025-02-12,OK,Admin,Chennai,Access,High,Identity & Access Team,Resolved,Mobile,9.1,4,EMP1985,0.379,Missed
TKT12755,2025-05-03,2025-05-03,OK,Sales,Mumbai,Software,High,Software Support,Resolved,Tablet,13.3,5,EMP2077,0.554,Missed
TKT16330,2024-09-16,2024-09-16,OK,Sales,Bangalore,Hardware,Medium,Hardware Support,Resolved,Laptop,7.3,4,EMP1318,0.304,Met
TKT16109,2024-10-23,2024-10-24,OK,HR,Pune,Software,medium,Software Support,Resolved,Tablet,24.5,2,EMP1477,1.021,Missed
TKT16162,2024-01-22,2024-01-23,OK,Sales,Chennai,Network,Medium,Network Support,Closed,Laptop,30.2,,EMP2359,1.258,Missed
TKT10363,2024-10-28,,OK,Operations,Delhi,Access,Medium,Identity & Access Team,Open,Mobile,0,,EMP1919,0,Met
TKT12628,2024-07-05,2024-07-06,OK,Operations,Pune,Hardware,Low,Hardware Support,Resolved,Desktop,31.6,2,EMP1811,1.317,Met
TKT14450,2024-01-28,2024-01-28,OK,IT,Mumbai,Network,High,Network Support,Resolved,Laptop,1,5,EMP1068,0.042,Met
TKT14369,2025-05-29,,OK,Marketing,Mumbai,Software,Medium,Software Support,Open,Desktop,0,,EMP1112,0,Met
TKT15344,2025-05-05,2025-05-05,OK,Operations,Pune,Network,Medium,Network Support,Resolved,Laptop,16.8,4,EMP2311,0.7,Met
TKT11492,2025-02-02,2025-02-02,OK,Legal,Chennai,Network,Medium,Network Support,Resolved,Mobile,11.2,,EMP1128,0.467,Met
TKT15338,2025-03-31,2025-04-02,OK,Operations,Mumbai,Email,Medium,Email & Messaging Team,Resolved,Mobile,57.7,,EMP1708,2.404,Missed
TKT13001,2024-12-14,2024-12-14,OK,Legal,Bangalore,Printer,High,Hardware Support,Resolved,Printer,15.6,3,EMP2067,0.65,Missed
TKT10248,2025-02-25,2025-02-25,OK,IT,Bangalore,Printer,Medium,Hardware Support,Resolved,Printer,19.7,,EMP1121,0.821,Met
TKT13837,2025-05-26,,OK,Operations,Mumbai,Network,Low,Network Support,Open,Mobile,0,,EMP1477,0,Met
TKT16855,2025-06-30,2025-07-01,OK,Marketing,Hyderabad,Network,Low,Network Support,Resolved,Laptop,24,3,EMP2203,1,Met
TKT14880,2024-09-02,2024-09-02,OK,Operations,Bangalore,Access,Medium,Identity & Access Team,Resolved,Desktop,14.7,3,EMP2313,0.613,Met
TKT11448,2024-02-11,2024-02-12,OK,Finance,Pune,Access,Medium,Identity & Access Team,Resolved,Desktop,33.9,1,EMP2038,1.413,Missed
TKT13145,2024-03-28,2024-03-28,OK,Finance,Bangalore,Access,High,Identity & Access Team,Resolved,Laptop,9.3,3,EMP1363,0.388,Missed
TKT11925,2024-10-06,2024-10-06,OK,Sales,Bangalore,Hardware,Medium,Hardware Support,Resolved,Desktop,21.7,3,EMP1828,0.904,Met
TKT12092,2024-02-10,2024-02-10,OK,Finance,Bangalore,Access,Medium,Identity & Access Team,Closed,Laptop,3.7,5,EMP1488,0.154,Met
TKT13243,2025-06-22,2025-06-22,OK,Unknown,Mumbai,Access,Critical,Identity & Access Team,Closed,Laptop,6.5,4,EMP2102,0.271,Missed
TKT12897,2024-05-30,,OK,Operations,Hyderabad,Software,Critical,Software Support,In Progress,Tablet,0,,EMP1697,0,Met
TKT10711,2025-04-08,2025-04-12,OK,Legal,Pune,Software,Low,Software Support,Resolved,Desktop,99.8,5,EMP1559,4.158,Missed
TKT11046,2024-01-26,2024-01-26,OK,Sales,Mumbai,Hardware,Medium,Hardware Support,Resolved,Laptop,22.9,4,EMP1813,0.954,Met
TKT15943,2024-02-11,2024-02-11,OK,Legal,Pune,Printer,High,NA,Resolved,Printer,3.3,5,EMP1161,0.138,Met
TKT15176,2025-02-20,2025-02-23,OK,Sales,Chennai,Software,Low,Software Support,Closed,Tablet,0,4,EMP1794,0,Met
TKT11037,2024-08-12,2024-08-13,OK,IT,Mumbai,Hardware,Medium,Hardware Support,Resolved,Laptop,35,1,EMP1695,1.458,Missed
TKT10415,2024-08-15,2024-08-15,OK,Legal,Chennai,Software,High,Software Support,Resolved,Tablet,2.9,4,EMP2181,0.121,Met
TKT11482,2024-04-15,2024-04-15,OK,IT,Bangalore,Hardware,Medium,Hardware Support,Resolved,Laptop,11.3,4,EMP1602,0.471,Met
TKT15014,2025-05-07,2025-05-08,OK,Admin,Hyderabad,Hardware,Medium,Hardware Support,Resolved,Server,31.7,4,EMP1758,1.321,Missed
TKT15142,2025-01-29,2025-01-29,OK,Finance,Pune,Hardware, High,Hardware Support,Resolved,Desktop,6.1,3,EMP1637,0.254,Unknown Priority:  High
TKT11219,2025-02-03,,OK,Finance,Mumbai,Email,Medium,Email & Messaging Team,Open,Mobile,0,,EMP1467,0,Met
TKT11396,2024-09-21,,OK,Operations,Pune,Software,Low,Software Support,In Progress,Laptop,0,,EMP1346,0,Met
TKT10704,2024-04-11,2024-04-14,OK,Admin,Delhi,Network,Low,Network Support,Resolved,Laptop,82,5,EMP1655,3.417,Missed
TKT14587,2024-04-12,2024-04-12,OK,Legal,Pune,Access,High,Identity & Access Team,Resolved,Laptop,16.5,3,EMP1214,0.688,Missed
TKT16167,2024-07-01,2024-07-01,OK,IT,Chennai,NETWORK,Critical,Network Support,Closed,Mobile,12.6,1,EMP2318,0.525,Missed
TKT12726,2024-09-19,2024-09-19,OK,Finance,Hyderabad,Email,Critical,Email & Messaging Team,Resolved,Mobile,3,5,EMP1263,0.125,Met
TKT13876,2025-01-04,2025-01-04,OK,Operations,Bangalore,Hardware,High,Hardware Support,Resolved,Server,1.5,4,EMP1149,0.063,Met
TKT11808,2024-02-11,2024-02-11,OK,Sales,Delhi,Software,High,Software Support,Resolved,Laptop,6.4,4,EMP1089,0.267,Met
TKT13428,2024-12-21,2024-12-23,OK,Marketing,Mumbai,Network,Medium,Network Support,Resolved,Desktop,56.1,4,EMP2153,2.338,Missed
TKT14650,2024-09-26,2024-09-26,OK,HR,Delhi,Email,Medium,Email & Messaging Team,Closed,Mobile,20.2,4,EMP2303,0.842,Met
TKT11162,2024-01-01,2024-01-01,OK,Admin,Bangalore,Hardware,Low,Hardware Support,Closed,Server,21.1,5,EMP1637,0.879,Met
TKT15146,2024-09-25,2024-09-25,OK,Operations,Hyderabad,Network,Critical,Network Support,Resolved,Laptop,1.8,5,EMP1803,0.075,Met
TKT16170,2024-02-01,2024-02-02,OK,Sales,Bangalore,Software,Low,Software Support,Resolved,Tablet,29.4,3,EMP1993,1.225,Met
TKT11339,2024-10-10,,OK,Operations,Pune,Email,Medium,Email & Messaging Team,Open,Mobile,0,,EMP1582,0,Met
TKT15275,2024-03-24,2024-03-30,OK,Admin,Hyderabad,Hardware,Low,Hardware Support,Resolved,Desktop,153.1,4,EMP2105,6.379,Missed
TKT16717,2025-03-07,2025-03-07,OK,Legal,Pune,Software,Low,NA,Resolved,Tablet,5.3,4,EMP2299,0.221,Met
TKT16392,2025-03-27,2025-03-27,OK,Legal,Chennai,Network,High,Network Support,Closed,Desktop,7.6,4,EMP1900,0.317,Met
TKT15885,2025-06-10,2025-06-12,OK,Finance,Delhi,Access,Low,Identity & Access Team,Resolved,Desktop,64.6,3,EMP2122,2.692,Missed
TKT13139,2024-11-24,2024-11-24,OK,Marketing,Pune,Printer,Medium,Hardware Support,Resolved,Printer,6.1,5,EMP1430,0.254,Met
TKT14891,2025-04-07,2025-04-08,OK,Finance,Hyderabad,Access,Medium,Identity & Access Team,Resolved,Mobile,42.4,5,EMP2080,1.767,Missed
TKT12445,2025-03-09,,OK,Marketing,Pune,Software,Medium,Software Support,In Progress,Tablet,0,,EMP2228,0,Met
TKT14495,2024-04-20,2024-04-24,OK,Legal,Chennai,Hardware,Low,Hardware Support,Resolved,Laptop,98.3,4,EMP1992,4.096,Missed
TKT15687,2024-03-18,2024-03-19,OK,Sales,Mumbai,Software,Low,Software Support,Resolved,tablet,26.4,5,EMP2296,1.1,Met
TKT15537,2025-06-25,2025-06-25,OK,Finance,Hyderabad,Access,High,Identity & Access Team,Closed,Mobile,10.9,4,EMP1429,0.454,Missed
TKT11079,2025-01-17,2025-01-17,OK,Operations,Bangalore,Software,Medium,Software Support,Resolved,Laptop,20.4,5,EMP2230,0.85,Met
TKT10766,2024-03-05,2024-03-05,OK,Sales,Mumbai,network,Medium,Network Support,Resolved,Desktop,6.4,,EMP1451,0.267,Met
TKT14575,2024-06-12,,OK,Operations,Pune,Access,High,Identity & Access Team,In Progress,Desktop,0,,EMP1426,0,Met
TKT12619,2024-11-02,,OK,Legal,Bangalore,Access,High,Identity & Access Team,In Progress,Desktop,0,,EMP2149,0,Met
TKT14560,2024-02-15,2024-02-15,OK,Finance,Delhi,Access,High,Identity & Access Team,Resolved,Laptop,5.9,4,EMP1134,0.246,Met
TKT16236,2024-10-06,,OK,Marketing,Hyderabad,Network,Medium,Network Support,Open,Desktop,0,,EMP2070,0,Met
TKT13602,2024-05-06,2024-05-07,OK,Sales,Delhi,Network,Low,Network Support,Resolved,Laptop,30.4,2,EMP1047,1.267,Met
TKT10072,2024-06-28,2024-06-28,OK,Legal,Bangalore,Network,Medium,Network Support,Closed,Laptop,17.6,4,EMP1963,0.733,Met
TKT10125,2025-01-31,,OK,IT,Bangalore,Hardware,Medium,Hardware Support,In Progress,Desktop,0,,EMP1837,0,Met
TKT13433,2024-11-07,2024-11-07,OK,Legal,Pune,NETWORK,High,Network Support,Closed,Desktop,11.3,5,EMP1780,0.471,Missed
TKT15938,2025-02-24,2025-02-24,OK,HR,Delhi,Software,Medium,Software Support,Resolved,Desktop,7.3,3,EMP1449,0.304,Met
TKT12605,2025-05-10,2025-05-10,OK,HR,Bangalore,Software,High,Software Support,Resolved,Tablet,5,,EMP1326,0.208,Met
TKT16483,2024-05-16,2024-05-16,OK,Marketing,Hyderabad,NETWORK,High,Network Support,Resolved,Mobile,5,3,EMP1520,0.208,Met
TKT15384,2024-03-23,2024-03-24,OK,Marketing,Hyderabad,Network,medium,Network Support,Resolved,Server,32.4,4,EMP1366,1.35,Missed
TKT14498,2024-07-24,2024-07-25,OK,Admin,Bangalore,Network,Low,Network Support,Resolved,Mobile,31.2,,EMP1444,1.3,Met
TKT16913,2024-08-01,2024-08-01,OK,IT,Pune,Access,High,Identity & Access Team,Resolved,Mobile,15.4,,EMP1639,0.642,Missed
TKT12309,2025-01-14,2025-01-14,OK,Operations,Bangalore,Hardware,Medium,Hardware Support,Resolved,Laptop,4.7,5,EMP1858,0.196,Met
TKT15131,2024-11-28,2024-11-28,OK,Legal,Pune,Network,MEDIUM,Network Support,Resolved,Laptop,9.7,5,EMP1456,0.404,Met
TKT15508,2024-08-05,2024-08-05,OK,Legal,Bangalore,Access,Medium,Identity & Access Team,Resolved,Laptop,3.9,4,EMP2128,0.163,Met
TKT14432,2025-06-12,,OK,Finance,Bangalore,Email,Medium,Email & Messaging Team,In Progress,Mobile,0,,EMP1820,0,Met
TKT16794,2025-01-13,2025-01-13,OK,HR,Hyderabad,Network,medium,Network Support,Resolved,laptop,10.7,4,EMP1631,0.446,Met
TKT14837,2024-04-14,2024-04-14,OK,Legal,Mumbai,Access,Medium,Identity & Access Team,Resolved,Desktop,10.6,5,EMP1332,0.442,Met
TKT15471,2024-07-02,2024-07-05,OK,Legal,Bangalore,Network,Low,Network Support,Resolved,Desktop,80.2,5,EMP2391,3.342,Missed
TKT13532,2024-04-23,2024-04-23,OK,IT,Pune,Network,Medium,Network Support,Resolved,Mobile,17.3,5,EMP1297,0.721,Met
TKT11472,2025-03-14,,OK,Operations,Chennai,Software,Medium,Software Support,In Progress,Desktop,0,,EMP1891,0,Met
TKT12881,2024-09-22,2024-09-23,OK,Marketing,Mumbai,Email,Medium,Email & Messaging Team,Resolved,Laptop,32,5,EMP1039,1.333,Missed
TKT11896,2025-05-01,2025-05-01,OK,Admin,Pune,Hardware,Low,Hardware Support,Closed,Server,18.3,5,EMP1309,0.763,Met
TKT14180,2025-06-05,2025-06-06,OK,Operations,Bangalore,Printer,Low,Hardware Support,Resolved,Printer,44.6,5,EMP1178,1.858,Met
TKT11653,2025-03-15,2025-03-14,ERROR,Admin,Delhi,Software,Medium,Software Support,Closed,Desktop,27.5,5,EMP1369,1.146,Missed
TKT12231,2025-02-08,2025-02-09,OK,Operations,Pune,Email,Medium,Email & Messaging Team,Resolved,Mobile,39.3,5,EMP2172,1.638,Missed
TKT12532,2024-07-30,2024-07-30,OK,Admin,Chennai,Hardware,Medium,Hardware Support,Resolved,Laptop,12.3,,EMP1809,0.513,Met
TKT13004,2025-01-16,,OK,Finance,Delhi,Access,Medium,Identity & Access Team,Open,Mobile,0,,EMP2172,0,Met
TKT11996,2024-03-01,2024-03-01,OK,IT,Pune,Network,Medium,Network Support,Resolved,Server,18.6,5,EMP1232,0.775,Met
TKT12308,2024-07-30,2024-08-02,OK,Sales,Hyderabad,Access,Medium,Identity & Access Team,Resolved,Mobile,81.1,4,EMP1780,3.379,Missed
TKT10681,2024-01-07,2024-01-07,OK,HR,Mumbai,Email,High,Email & Messaging Team,Closed,Tablet,12.7,4,EMP1502,0.529,Missed
TKT13744,2024-10-21,2024-10-21,OK,Operations,Mumbai,Access,Critical,NA,Resolved,Desktop,2,5,EMP1211,0.083,Met
TKT14502,2024-05-24,2024-05-24,OK,Legal,Delhi,Software,MEDIUM,Software Support,Resolved,Tablet,12.6,4,EMP1107,0.525,Met
TKT16007,2024-01-21,2024-01-22,OK,Finance,Mumbai,Software,Low,Software Support,Resolved,Tablet,42.5,5,EMP1566,1.771,Met
TKT16375,2024-05-01,2024-05-01,OK,HR,Bangalore,Software,High,Software Support,Resolved,Tablet,6.4,,EMP2068,0.267,Met
TKT14539,2024-11-13,2024-11-14,OK,Admin,Hyderabad,Access,Low,Identity & Access Team,Resolved,Mobile,35.3,4,EMP1620,1.471,Met
TKT13650,2024-11-29,2024-12-02,OK,HR,Delhi,Software,Low,Software Support,Resolved,Tablet,72.9,5,EMP2296,3.038,Missed
TKT16224,2025-04-20,,OK,HR ,Bangalore,Network,Medium,Network Support,In Progress,Laptop,0,,EMP1495,0,Met
TKT16770,2024-11-26,2024-11-26,OK,HR,Mumbai,Hardware,Low,Hardware Support,Resolved,Laptop,4.7,5,EMP1627,0.196,Met
TKT13137,2025-05-13,2025-05-13,OK,Admin,Mumbai,Network,Medium,NA,Resolved,Server,13,4,EMP2214,0.542,Met
TKT12130,2024-10-31,2024-10-31,OK,Sales,Mumbai,Software,High,Software Support,Resolved,Tablet,14.1,4,EMP1109,0.588,Missed
TKT13622,2025-04-25,2025-04-29,OK,Sales,Delhi,Network,Low,Network Support,Resolved,Mobile,97.2,3,EMP1125,4.05,Missed
TKT15632,2024-02-17,2024-02-17,OK,IT,Bangalore,Access,Medium,Identity & Access Team,Closed,Mobile,19,5,EMP1606,0.792,Met
TKT15222,2024-11-05,2024-11-06,OK,Marketing,Pune,Access,Medium,Software Support,Resolved,Mobile,41.9,,EMP1247,1.746,Missed
TKT13258,2025-01-24,2025-01-24,OK,IT,Bangalore,Hardware,High,Hardware Support,Closed,Desktop,9.6,4,EMP1040,0.4,Missed
TKT11299,2024-02-15,,OK,IT,Delhi,Printer,High,Hardware Support,Open,Printer,0,,EMP2153,0,Met
TKT16938,2024-05-23,2024-05-23,OK,Marketing,Pune,Network,Critical,Network Support,Resolved,Mobile,2.9,5,EMP1876,0.121,Met
TKT15236,2024-08-25,2024-08-25,OK,Sales,Delhi,Software,Medium,Software Support,Resolved,Laptop,10.5,4,EMP1531,0.438,Met
TKT14571,2024-05-20,2024-05-20,OK,Marketing,Bangalore,Network,Critical,Network Support,Closed,Server,3.4,,EMP1055,0.142,Met
TKT10888,2024-06-04,2024-06-04,OK,Finance,Chennai,Network,Medium,Network Support,Resolved,Laptop,4.7,5,EMP2397,0.196,Met
TKT15276,2024-04-14,2024-04-14,OK,Sales,Chennai,Network,Critical,Network Support,Resolved,Mobile,3.3,5,EMP1865,0.138,Met
TKT12204,2024-01-15,2024-01-15,OK,Sales,Bangalore,Software,High,Software Support,Resolved,Tablet,16.7,3,EMP2194,0.696,Missed
TKT12435,2024-06-29,2024-06-30,OK,Marketing,Bangalore,Software,Low,Software Support,Resolved,Tablet,45.9,4,EMP1220,1.913,Met
TKT14597,2024-12-19,2024-12-19,OK,HR,Chennai,Software,High,Software Support,Resolved,Laptop,6.1,1,EMP1443,0.254,Met
TKT15460,2024-08-09,2024-08-10,OK,Finance,Mumbai,Network,Low,Network Support,Resolved,Desktop,28,5,EMP2309,1.167,Met
TKT12840,2024-03-25,2024-03-25,OK,Sales,Mumbai,Email,High,Email & Messaging Team,Resolved,Tablet,8.3,4,EMP1907,0.346,Missed
TKT12742,2025-04-04,2025-04-05,OK,Marketing,Bangalore,Software,Medium,Software Support,Resolved,Laptop,45.1,3,EMP2213,1.879,Missed
TKT15772,2024-12-25,2024-12-25,OK,Admin,Bangalore,Access,High,Identity & Access Team,Resolved,Mobile,8.4,4,EMP1853,0.35,Missed
TKT12251,2024-04-18,2024-04-20,OK,Sales,Mumbai,Software,Low,Software Support,Resolved,Laptop,50.9,,EMP2210,2.121,Missed
TKT16355,2024-10-18,2024-10-18,OK,Legal,Mumbai,Network,Critical,Network Support,Resolved,Laptop,4.6,5,EMP1093,0.192,Missed
TKT16530,2024-10-13,2024-10-13,OK,Sales,Pune,Software,High,Software Support,Resolved,Tablet,10.9,4,EMP2367,0.454,Missed
TKT11273,2025-04-18,2025-04-18,OK,Finance,Bangalore,Network,Medium,Network Support,Resolved,Laptop,23.7,,EMP2234,0.988,Met
TKT14987,2024-10-04,2024-10-04,OK,Marketing,Chennai,Hardware,high,Identity & Access Team,Resolved,Server,2.9,3,EMP1421,0.121,Met
TKT16831,2025-01-26,2025-01-26,OK,Marketing,Delhi,network,Low,Network Support,Resolved,Mobile,13.4,5,EMP1552,0.558,Met
TKT11097,2025-03-19,2025-03-22,OK,Operations,Bangalore,Network,Low,Network Support,Closed,Laptop,90.8,4,EMP1238,3.783,Missed
TKT12943,2024-12-12,2024-12-15,OK,Operations,Bangalore,Software,Low,Software Support,Resolved,laptop,76.6,,EMP1090,3.192,Missed
TKT10559,2024-11-29,2024-11-29,OK,Sales,Pune,Email,Medium,NA,Resolved,Mobile,8.1,4,EMP1471,0.338,Met
TKT12093,2025-06-30,2025-07-01,OK,Marketing,Mumbai,Printer,Medium,Hardware Support,Resolved,Printer,41.3,4,EMP2106,1.721,Missed
TKT10270,2025-03-05,2025-03-05,OK,IT,Bangalore,Hardware,High,Hardware Support,Resolved,Laptop,9.5,4,EMP1459,0.396,Missed
TKT15866,2025-06-15,2025-06-16,OK,Admin,Delhi,Software,Medium,Software Support,Closed,Laptop,30.2,4,EMP1863,1.258,Missed
TKT13277,2024-02-26,2024-02-26,OK,Sales,Hyderabad,network,Critical,Network Support,Resolved,Laptop,3.6,5,EMP1397,0.15,Met
TKT10485,2025-01-24,2025-01-24,OK,Sales,Bangalore,Hardware,Medium,Hardware Support,Resolved,Laptop,21.8,5,EMP1089,0.908,Met
TKT13466,2025-06-20,2025-06-20,OK,Operations,Hyderabad,Hardware,Medium,Identity & Access Team,Closed,Laptop,18.6,,EMP2182,0.775,Met
TKT15090,2024-09-13,2024-09-13,OK,Operations,Chennai,Email,Medium,Email & Messaging Team,Resolved,Desktop,2.4,5,EMP1433,0.1,Met
TKT13157,2024-09-14,2024-09-14,OK,HR ,Pune,Hardware,Medium,Hardware Support,Resolved,Laptop,21.3,4,EMP1808,0.888,Met
TKT13211,2024-11-12,,OK,Marketing,Pune,Access,Medium,Identity & Access Team,Open,Laptop,0,,EMP1542,0,Met
TKT16702,2024-10-18,2024-10-18,OK,Marketing,Hyderabad,Hardware,Medium,Hardware Support,Resolved,Desktop,5.4,4,EMP1663,0.225,Met
TKT15702,2024-10-01,2024-10-01,OK,Finance,Mumbai,Hardware,Low,Hardware Support,Closed,Laptop,6.4,4,EMP1021,0.267,Met
TKT11019,2024-05-01,2024-05-02,OK,Legal,Hyderabad,Email,Medium,Email & Messaging Team,Closed,Desktop,34.4,,EMP1689,1.433,Missed
TKT10371,2024-03-14,2024-03-15,OK,Operations,Chennai,Network,Low,Network Support,Resolved,Mobile,41.5,5,EMP1314,1.729,Met
TKT16329,2024-01-10,2024-01-10,OK,Operations,Bangalore,Access,High,Identity & Access Team,Resolved,Laptop,7.5,5,EMP2375,0.313,Met
TKT16077,2025-01-12,,OK,Unknown,Pune,Software,Low,Software Support,Open,Laptop,0,,EMP2080,0,Met
TKT14111,2024-03-06,2024-03-06,OK,Sales,Bangalore,Hardware,High,Hardware Support,Resolved,Desktop,7.4,3,EMP1124,0.308,Met
TKT14488,2024-09-14,2024-09-14,OK,Operations,Delhi,Email,High,Email & Messaging Team,Resolved,Mobile,5.2,2,EMP1317,0.217,Met
TKT15504,2025-03-27,2025-03-27,OK,Admin,Pune,Printer,Medium,Hardware Support,Resolved,Printer,8.3,4,EMP1858,0.346,Met
TKT14716,2024-03-07,2024-03-07,OK,Marketing,Bangalore,Software,Low,Software Support,Resolved,Desktop,16,4,EMP1697,0.667,Met
TKT11303,2024-06-17,2024-06-17,OK,Finance,Mumbai,Network,Low,Network Support,Closed,Mobile,5.3,5,EMP1087,0.221,Met
TKT11662,2024-04-01,2024-04-01,OK,Sales,Hyderabad,Software,Low,Software Support,Resolved,Desktop,16.1,5,EMP1994,0.671,Met
TKT10117,2025-03-03,2025-03-04,OK,Finance,Pune,Email,Low,Email & Messaging Team,Closed,Tablet,37.7,1,EMP1592,1.571,Met
TKT13903,2024-06-20,2024-06-20,OK,Marketing,Delhi,Network,Medium,Network Support,Resolved,Laptop,10.7,5,EMP1244,0.446,Met
TKT16429,2024-05-23,2024-05-23,OK,Sales,Mumbai,Hardware,High,Hardware Support,Resolved,Laptop,5.2,,EMP2086,0.217,Met
TKT14617,2025-01-24,2025-01-25,OK,Finance,Delhi,Email,Medium,Email & Messaging Team,Resolved,Laptop,39.6,1,EMP1313,1.65,Missed
TKT11127,2024-03-06,2024-03-06,OK,Unknown,Hyderabad,Hardware,High,Hardware Support,Closed,Server,10.4,2,EMP1271,0.433,Missed
TKT11905,2025-02-20,2025-02-21,OK,HR,Chennai,Printer,Medium,Hardware Support,Resolved,Printer,31.7,,EMP1110,1.321,Missed
TKT15386,2024-10-30,,OK,Legal,Delhi,Access,Low,Identity & Access Team,In Progress,Mobile,0,,EMP2232,0,Met
TKT14187,2024-04-16,2024-04-17,OK,Operations,Chennai,Email,Medium,Email & Messaging Team,Resolved,Mobile,30.4,5,EMP2275,1.267,Missed
TKT10141,2024-04-16,2024-04-17,OK,Sales,Mumbai,Access,Medium,Identity & Access Team,Closed,Laptop,41.9,4,EMP2191,1.746,Missed
TKT10923,2024-08-10,2024-08-10,OK,HR,Pune,NETWORK,Medium,Network Support,Resolved,Server,23,3,EMP1060,0.958,Met
TKT16273,2024-08-07,2024-08-07,OK,HR,Mumbai,Software,High,Email & Messaging Team,Resolved,Laptop,4.4,5,EMP1859,0.183,Met
TKT12193,2024-01-02,,OK,Sales,Bangalore,NETWORK,Medium,Identity & Access Team,Open,Mobile,0,,EMP1285,0,Met
TKT10409,2024-04-29,2024-04-29,OK,Marketing,Mumbai,Hardware,High,Hardware Support,Resolved,Desktop,4.5,,EMP2051,0.188,Met
TKT13574,2024-08-17,2024-08-19,OK,Operations,Bangalore,Email,Medium,Email & Messaging Team,Resolved,Desktop,54.6,3,EMP1161,2.275,Missed
TKT16278,2024-11-10,2024-11-10,OK,Operations,Pune,Access,Medium,Identity & Access Team,Closed,Mobile,18.2,4,EMP2068,0.758,Met
TKT12540,2024-08-03,2024-08-03,OK,Legal,Bangalore,Hardware,High,Hardware Support,Closed,Server,23.4,3,EMP2307,0.975,Missed
TKT13452,2025-05-03,2025-05-03,OK,Admin,Pune,Network,Critical,Network Support,Resolved,Mobile,4.9,,EMP1877,0.204,Missed
TKT10225,2024-05-19,2024-05-20,OK,Admin,Mumbai,Software,Low,Software Support,Resolved,Desktop,39.6,5,EMP1615,1.65,Met
TKT14786,2024-07-10,2024-07-10,OK,Marketing,Bangalore,Software,High,Software Support,Resolved,Laptop,2.6,4,EMP2131,0.108,Met
TKT12295,2025-01-09,2025-01-09,OK,HR,Mumbai,Printer,High,Hardware Support,Resolved,Printer,3.3,5,EMP2377,0.138,Met
TKT13680,2024-09-15,2024-09-12,ERROR,Marketing,Mumbai,Network,High,Network Support,Resolved,Laptop,5.2,4,EMP1666,0.217,Met
TKT14819,2024-04-30,2024-04-30,OK,Legal,Pune,Software,Low,Software Support,Resolved,Desktop,20,3,EMP1623,0.833,Met
TKT13610,2025-02-26,,OK,Admin,Pune,Email,Medium,Email & Messaging Team,Open,Laptop,0,,EMP1174,0,Met
TKT11029,2024-02-09,,OK,IT,Delhi,Software,Medium,Software Support,In Progress,Desktop,0,,EMP1887,0,Met
TKT15501,2025-02-23,,OK,Legal,Pune,Access,medium,Identity & Access Team,Open,Mobile,0,,EMP1032,0,Met
TKT11161,2024-08-16,2024-08-18,OK,Sales,Bangalore,Access,Medium,Identity & Access Team,Resolved,Laptop,59.4,2,EMP1188,2.475,Missed
TKT10033,2024-09-11,2024-09-11,OK,Operations,Chennai,Network,Medium,Network Support,Closed,Mobile,22.8,5,EMP1546,0.95,Met
TKT11147,2025-03-17,2025-03-18,OK,Legal,Bangalore,Software,Medium,Software Support,Closed,Laptop,39.2,5,EMP1567,1.633,Missed
TKT16452,2024-08-19,2024-08-19,OK,Sales,Chennai,Access,Medium,Identity & Access Team,Resolved,Desktop,8.7,3,EMP1327,0.363,Met
TKT14561,2024-08-02,2024-08-02,OK,IT,Bangalore,Hardware,Critical,Hardware Support,Resolved,Server,3.8,,EMP1867,0.158,Met
TKT10892,2024-11-17,2024-11-18,OK,Operations,Pune,Email,Medium,Software Support,Resolved,Tablet,29.6,,EMP1347,1.233,Missed
TKT10633,2024-09-09,2024-09-09,OK,IT,Bangalore,Software,Medium,Network Support,Resolved,tablet,4.9,,EMP1568,0.204,Met
TKT11724,2024-03-06,,OK,Sales,Bangalore,Printer,High,Hardware Support,Open,Printer,0,,EMP1882,0,Met
TKT15777,2025-02-25,2025-02-27,OK,IT,Mumbai,Access,Medium,Identity & Access Team,Resolved,Laptop,58.5,,EMP2032,2.438,Missed
TKT11093,2024-10-30,2024-11-02,OK,Finance,Bangalore,Software,Low,Software Support,Resolved,Desktop,72.1,3,EMP1048,3.004,Missed
TKT12682,2024-02-16,2024-02-17,OK,Finance,Pune,Access,Medium,Identity & Access Team,Closed,Laptop,30.2,5,EMP1712,1.258,Missed
TKT16862,2025-01-11,2025-01-11,OK,Operations,Delhi,Printer,Critical,Hardware Support,Resolved,Printer,0.6,5,EMP2012,0.025,Met
TKT10720,2024-11-19,2024-11-19,OK,Sales,Bangalore,Network,Medium,Network Support,Resolved,Mobile,7.2,4,EMP1010,0.3,Met
TKT16398,2024-07-18,2024-07-19,OK,IT,Mumbai,Access,Medium,Identity & Access Team,Resolved,Laptop,31.4,3,EMP1214,1.308,Missed
TKT16924,2024-01-09,2024-01-09,OK,Sales,Mumbai,NETWORK,Medium,Network Support,Closed,Desktop,12.9,4,EMP2257,0.538,Met
TKT14621,2024-05-08,,OK,Legal,Pune,Network,Low,Network Support,In Progress,Mobile,0,,EMP1342,0,Met
TKT15607,2024-10-15,2024-10-16,OK,Legal,Delhi,Network,Medium,Network Support,Resolved,Mobile,24.9,5,EMP1322,1.038,Missed
TKT13510,2024-06-21,2024-06-21,OK,HR,Bangalore,Hardware,High,Hardware Support,Resolved,Desktop,9.1,4,EMP1996,0.379,Missed
TKT13848,2024-03-18,2024-03-18,OK,Finance,Bangalore,Access,High,Identity & Access Team,Resolved,Mobile,1.2,5,EMP2162,0.05,Met
TKT14078,2024-01-01,2024-01-04,OK,Operations,Mumbai,Software,Low,Software Support,Closed,Laptop,84.6,2,EMP1522,3.525,Missed
TKT11422,2025-06-26,2025-06-26,OK,HR,Pune,Hardware,High,Hardware Support,Resolved,Laptop,18.1,4,EMP1133,0.754,Missed
TKT16467,2024-08-23,2024-08-23,OK,Finance,Pune,Access,High,Identity & Access Team,Resolved,Mobile,12.2,5,EMP1319,0.508,Missed
TKT16072,2024-04-20,2024-04-20,OK,Sales,Bangalore,Hardware,Medium,Hardware Support,Resolved,Laptop,11.9,3,EMP2229,0.496,Met
TKT11851,2024-09-09,2024-09-10,OK,HR,Delhi,Network,Low,Network Support,Closed,Mobile,25.5,4,EMP2264,1.063,Met
TKT13842,2024-02-03,,OK,Finance,Mumbai,Software,Critical,Software Support,Open,Laptop,0,,EMP1620,0,Met
TKT14884,2025-02-27,2025-02-27,OK,IT,Chennai,Access,high,Identity & Access Team,Closed,Laptop,4.8,5,EMP1609,0.2,Met
TKT14923,2024-01-08,2024-01-09,OK,Marketing,Chennai,Software,Medium,Software Support,Resolved,TABLET,37.5,,EMP2353,1.563,Missed
TKT13285,2024-02-19,2024-02-19,OK,Legal,Bangalore,Access,High,Identity & Access Team,Closed,Mobile,13.6,1,EMP1185,0.567,Missed
TKT13142,2024-06-22,2024-06-22,OK,Finance,Pune,Network,High,Network Support,Resolved,Mobile,15.8,4,EMP1295,0.658,Missed
TKT15991,2024-05-02,2024-05-02,OK,Sales,Chennai,Software,High,Software Support,Resolved,Tablet,4.8,4,EMP2067,0.2,Met
TKT15339,2024-11-14,2024-11-14,OK,HR,Mumbai,Printer,High,Hardware Support,Resolved,Printer,5.9,4,EMP2068,0.246,Met
TKT16918,2024-03-07,,OK,Finance,Hyderabad,Hardware,Critical,Hardware Support,In Progress,Laptop,0,,EMP1832,0,Met
TKT11526,2024-11-24,2024-11-24,OK,Sales,Hyderabad,Software,High,Software Support,Resolved,Tablet,11,3,EMP1998,0.458,Missed
TKT13697,2025-05-21,2025-05-21,OK,IT,Bangalore,Network,Critical,Network Support,Resolved,Server,3.1,,EMP1321,0.129,Met
TKT14604,2024-10-03,2024-10-03,OK,HR,Bangalore,Software,high,Software Support,Resolved,Laptop,10.3,5,EMP1103,0.429,Missed
TKT12362,2024-01-24,2024-01-27,OK,Marketing,Pune,Software,Low,Software Support,Resolved,Desktop,89.5,4,EMP1822,3.729,Missed
TKT14225,2025-01-28,2025-01-28,OK,Admin,Mumbai,Hardware,high,Hardware Support,Resolved,Server,3.9,5,EMP2107,0.163,Met
TKT14259,2025-02-25,2025-02-25,OK,HR,Pune,Email,Medium,Email & Messaging Team,Resolved,Desktop,14.5,,EMP2391,0.604,Met
TKT14417,2024-11-15,2024-11-17,OK,Admin,Bangalore,Access,Medium,Identity & Access Team,Resolved,Desktop,63,5,EMP2214,2.625,Missed
TKT10529,2024-10-14,2024-10-14,OK,Operations,Delhi,Hardware,High,Hardware Support,Resolved,Desktop,9.1,,EMP1563,0.379,Missed
TKT12152,2025-05-02,2025-05-02,OK,Operations,Mumbai,Network,High,Network Support,Resolved,Mobile,5.5,5,EMP2221,0.229,Met
TKT16265,2024-04-22,2024-04-22,OK,Sales,Hyderabad,Hardware,Medium,Hardware Support,Resolved,Server,15.7,5,EMP2184,0.654,Met
TKT12767,2024-08-09,,OK,HR,Mumbai,Network,Medium,Network Support,In Progress,Server,0,,EMP1475,0,Met
TKT10653,2025-05-11,2025-05-11,OK,HR,Bangalore,NETWORK,Low,Network Support,Resolved,Mobile,22.5,5,EMP1937,0.938,Met
TKT10212,2025-02-19,2025-02-19,OK,Sales,Mumbai,Software,High,Software Support,Resolved,Desktop,5.7,5,EMP1940,0.238,Met
TKT14828,2025-04-12,2025-04-12,OK,HR,Pune,Network,Medium,Network Support,Closed,Desktop,18.9,5,EMP1375,0.788,Met
TKT15844,2024-04-04,2024-04-04,OK,Sales,Chennai,Network,High,Network Support,Resolved,Server,15.1,4,EMP1989,0.629,Missed
TKT14709,2024-04-28,2024-04-28,OK,HR,Pune,Email,Medium,Email & Messaging Team,Resolved,Mobile,19.4,5,EMP1490,0.808,Met
TKT11821,2025-05-28,,OK,Sales,Bangalore,Network,High,Network Support,In Progress,Desktop,0,,EMP2248,0,Met
TKT11426,2025-06-25,2025-06-25,OK,IT,Mumbai,Email,Medium,Email & Messaging Team,Resolved,Desktop,14.1,1,EMP1006,0.588,Met
TKT12870,2025-02-06,2025-02-06,OK,IT,Bangalore,Access,Medium,Identity & Access Team,Resolved,Mobile,6.6,2,EMP1472,0.275,Met
TKT14119,2024-10-31,2024-10-31,OK,Sales,Mumbai,Email,Medium,Email & Messaging Team,Resolved,Mobile,0.7,,EMP1550,0.029,Met
TKT12077,2024-08-27,2024-08-27,OK,Admin,Pune,Email,High,Hardware Support,Resolved,Laptop,8.2,1,EMP1689,0.342,Missed
TKT13409,2024-09-07,,OK,Operations,Mumbai,Email,Medium,Email & Messaging Team,Open,Tablet,0,,EMP1522,0,Met
TKT12458,2025-03-21,2025-03-21,OK,Unknown,Chennai,Access,High,Identity & Access Team,Resolved,Desktop,0,1,EMP2178,0,Met
TKT10922,2025-06-18,2025-06-18,OK,Legal,Pune,Hardware,High,Email & Messaging Team,Resolved,Server,5,,EMP1521,0.208,Met
TKT13706,2025-03-12,,OK,Marketing,Pune,Printer,Low,Hardware Support,In Progress,Printer,0,,EMP2313,0,Met
TKT16378,2024-01-09,2024-01-09,OK,Admin,Pune,Software,High,Software Support,Resolved,Tablet,18.6,5,EMP1405,0.775,Missed
TKT13739,2024-09-16,2024-09-17,OK,Sales,Mumbai,Network,Medium,Network Support,Closed,Laptop,46.1,3,EMP1968,1.921,Missed
TKT15937,2024-07-07,,OK,Sales,Delhi,Email,Low,Email & Messaging Team,In Progress,Mobile,0,,EMP2051,0,Met
TKT13905,2024-05-18,2024-05-18,OK,HR,Mumbai,Access,Medium,Identity & Access Team,Resolved,Desktop,9.3,5,EMP1065,0.388,Met
TKT14767,2025-05-25,2025-05-25,OK,HR,Pune,Access,High,Identity & Access Team,Resolved,Mobile,2.3,2,EMP1384,0.096,Met
TKT11765,2025-01-24,2025-01-26,OK,Marketing,Bangalore,Printer,Medium,Hardware Support,Resolved,Printer,55.3,1,EMP1456,2.304,Missed
TKT10162,2024-11-22,2024-11-22,OK,IT,Hyderabad,Hardware,Medium,Hardware Support,Resolved,Server,2.2,3,EMP1495,0.092,Met
TKT10951,2024-08-21,,OK,Finance,Chennai,Software,Critical,Software Support,Open,Tablet,0,,EMP2075,0,Met
TKT15304,2024-05-20,2024-05-20,OK,Sales,Chennai,Hardware,High,Hardware Support,Resolved,Server,4.3,,EMP1474,0.179,Met
TKT14769,2024-05-30,2024-05-30,OK,Unknown,Hyderabad,NETWORK,Medium,Network Support,Resolved,Server,5.1,4,EMP1812,0.213,Met
TKT15654,2024-06-15,,OK,Marketing,Bangalore,Email,Medium,Email & Messaging Team,In Progress,Mobile,0,,EMP1657,0,Met
TKT15651,2024-05-20,2024-05-20,OK,Unknown,Delhi,network,High,Network Support,Resolved,Desktop,5.3,,EMP1608,0.221,Met
TKT15407,2025-03-27,2025-03-27,OK,IT,Chennai,Access,Medium,Identity & Access Team,Closed,Mobile,3.2,,EMP1678,0.133,Met
TKT13464,2024-06-19,2024-06-19,OK,Marketing,Pune,Access,Medium,Identity & Access Team,Resolved,Laptop,6.7,2,EMP2355,0.279,Met
TKT14954,2024-08-20,2024-08-20,OK,Legal,Bangalore,Software,CRITICAL,Software Support,Resolved,Laptop,3.8,4,EMP2314,0.158,Met
TKT12814,2024-02-05,2024-02-05,OK,Marketing,Mumbai,Hardware,Critical,Hardware Support,Resolved,Laptop,4.1,4,EMP1268,0.171,Missed
TKT12171,2024-04-12,2024-04-12,OK,Operations,Pune,Printer,Medium,Hardware Support,Closed,Printer,22.1,,EMP1316,0.921,Met
TKT12257,2024-08-22,2024-08-22,OK,Sales,Pune,Software,High,Software Support,Resolved,Tablet,9.4,3,EMP1292,0.392,Missed
TKT15439,2024-05-09,2024-05-09,OK,Marketing,Pune,Network,Low,Network Support,Closed,Desktop,11.1,4,EMP1986,0.463,Met
TKT11953,2024-01-04,2024-01-05,OK,Operations,Pune,Printer,Medium,Hardware Support,Resolved,Printer,45,4,EMP1965,1.875,Missed
TKT12489,2024-12-01,2024-12-01,OK,HR,Delhi,Software,Medium,Software Support,Resolved,Tablet,4.4,,EMP1703,0.183,Met
TKT14638,2024-09-29,2024-09-29,OK,Admin,Mumbai,Access,High,Identity & Access Team,Resolved,Mobile,2.4,2,EMP1081,0.1,Met
TKT14982,2024-10-12,2024-10-13,OK,IT,Pune,Network,Medium,Network Support,Resolved,Desktop,40.2,5,EMP1065,1.675,Missed
TKT10597,2024-04-29,,OK,Sales,Bangalore,Software,Medium,NA,In Progress,Desktop,0,,EMP1268,0,Met
TKT16174,2024-05-04,2024-05-04,OK,Marketing,Mumbai,Hardware,Medium,Hardware Support,Resolved,Desktop,7.5,5,EMP1529,0.313,Met
TKT16937,2024-09-16,,OK,Marketing,Mumbai,Hardware,High,Hardware Support,In Progress,Desktop,0,,EMP1731,0,Met
TKT16752,2025-01-24,2025-01-24,OK,Sales,Delhi,Software,Medium,Software Support,Resolved,Desktop,8.2,3,EMP1657,0.342,Met
TKT12912,2024-06-29,2024-06-29,OK,Operations,Delhi,Network,High,Network Support,Resolved,Desktop,2.8,4,EMP1381,0.117,Met
TKT10937,2024-11-07,2024-11-08,OK,Operations,Bangalore,network,Medium,Network Support,Resolved,Laptop,27.9,5,EMP1153,1.163,Missed
TKT13266,2024-08-27,2024-08-27,OK,HR,Delhi,Access,High,Identity & Access Team,Resolved,Desktop,1.7,2,EMP2285,0.071,Met
TKT13074,2024-08-26,2024-08-26,OK,Operations,Bangalore,Hardware,Low,Hardware Support,Closed,Laptop,19.9,2,EMP1612,0.829,Met
TKT11863,2024-01-18,2024-01-18,OK,Operations,Delhi,NETWORK,Medium,Network Support,Resolved,Mobile,2,,EMP2088,0.083,Met
TKT13556,2025-01-16,2025-01-17,OK,Sales,Bangalore,Printer,Medium,Hardware Support,Resolved,Printer,33.9,4,EMP1273,1.413,Missed
TKT15803,2024-07-14,2024-07-16,OK,Finance,Bangalore,network,Low,Network Support,Resolved,Desktop,49.9,4,EMP1227,2.079,Missed
TKT12826,2024-02-07,2024-02-08,OK,HR,Hyderabad,Network,Low,Network Support,Resolved,Mobile,30.3,3,EMP1114,1.263,Met
TKT11894,2024-02-27,2024-02-28,OK,Marketing,Delhi,Hardware,Medium,Hardware Support,Resolved,Desktop,36.7,5,EMP2013,1.529,Missed
TKT11088,2024-04-18,2024-04-22,OK,Operations,Bangalore,Hardware,Low,Hardware Support,Resolved,Desktop,96.3,4,EMP1952,4.013,Missed
TKT14512,2025-03-11,2025-03-13,OK,Marketing,Bangalore,Hardware,Low,Hardware Support,Closed,Desktop,68.8,4,EMP2362,2.867,Missed
TKT11016,2025-03-07,2025-03-07,OK,Operations,Delhi,Software,Medium,Software Support,Resolved,Laptop,12,,EMP2034,0.5,Met
TKT12374,2024-11-18,,OK,Marketing,Pune,NETWORK,Medium,Network Support,In Progress,mobile,0,,EMP1552,0,Met
TKT16446,2025-02-08,2025-02-09,OK,Admin,Chennai,Email, Medium,Email & Messaging Team,Resolved,Tablet,35.7,3,EMP1187,1.488,Unknown Priority:  Medium
TKT13539,2025-05-30,2025-05-30,OK,Operations,Bangalore,Network,Medium,Network Support,Closed,Desktop,15,,EMP2355,0.625,Met
TKT11862,2024-12-15,2024-12-15,OK,Operations,Pune,Software,High,Software Support,Resolved,Desktop,15.2,4,EMP1107,0.633,Missed
TKT15522,2024-07-29,,OK,IT,Pune,Network,Medium,Network Support,Open,Mobile,0,,EMP2343,0,Met
TKT14778,2024-02-25,,OK,Sales,Chennai,Network,Low,Network Support,In Progress,Server,0,,EMP1051,0,Met
TKT11017,2025-03-04,2025-03-06,OK,Marketing,Delhi,Access,Low,Identity & Access Team,Resolved,Laptop,56.4,5,EMP1539,2.35,Missed
TKT11525,2025-05-31,2025-05-31,OK,HR ,Delhi,Hardware,Medium,Hardware Support,Resolved,Laptop,20.8,4,EMP1217,0.867,Met
TKT13684,2024-09-15,2024-09-15,OK,Sales,Chennai,Network,Low,Network Support,Closed,Server,19.3,4,EMP1917,0.804,Met
TKT10530,2024-06-28,2024-06-28,OK,Finance,Pune,Network,Medium,Network Support,Resolved,Mobile,23.4,3,EMP1535,0.975,Met
TKT11742,2024-07-10,2024-07-10,OK,Sales,Hyderabad,Hardware,High,Hardware Support,Resolved,Desktop,1.4,5,EMP1796,0.058,Met
TKT10573,2025-04-13,,OK,Sales,Mumbai,Software,Medium,Software Support,In Progress,Laptop,0,,EMP1178,0,Met
TKT10123,2024-02-12,2024-02-12,OK,Finance,Chennai,Email,Medium,Email & Messaging Team,Resolved,Tablet,7.6,,EMP1921,0.317,Met
TKT15580,2024-05-30,2024-05-30,OK,Marketing,Chennai,Software,High,Software Support,Resolved,Desktop,6.5,4,EMP1481,0.271,Met
TKT11487,2024-04-30,,OK,Finance,Chennai,Hardware,Critical,Hardware Support,In Progress,Desktop,0,,EMP1291,0,Met
TKT16756,2024-09-06,2024-09-06,OK,Finance,Delhi,Access,High,Identity & Access Team,Resolved,Mobile,1.6,2,EMP2240,0.067,Met
TKT11168,2025-05-14,2025-05-15,OK,Finance,Mumbai,Access,LOW,Identity & Access Team,Resolved,Laptop,42.6,2,EMP2124,1.775,Met
TKT12845,2025-01-06,2025-01-07,OK,Sales,Pune,Access,Medium,Identity & Access Team,Resolved,Laptop,44.6,,EMP2399,1.858,Missed
TKT13494,2025-02-07,2025-02-07,OK,Sales,Mumbai,Email,High,Email & Messaging Team,Resolved,Tablet,5.1,1,EMP1311,0.213,Met
TKT13226,2024-09-27,2024-09-27,OK,Marketing,Mumbai,Access,High,Identity & Access Team,Resolved,Desktop,2.2,3,EMP2167,0.092,Met
TKT11587,2025-05-11,2025-05-11,OK,Sales,Bangalore,Access,High,Identity & Access Team,Resolved,laptop,6.5,,EMP1587,0.271,Met
TKT11295,2024-07-28,2024-07-28,OK,IT,Delhi,Hardware,critical,Hardware Support,Resolved,Laptop,5.7,,EMP1246,0.238,Missed
TKT13735,2024-02-07,2024-02-07,OK,Finance,Bangalore,Email,High,Email & Messaging Team,Resolved,Laptop,2.8,2,EMP1232,0.117,Met
TKT14373,2024-10-31,,OK,Admin,Bangalore,Email,High,Email & Messaging Team,In Progress,Tablet,0,,EMP1640,0,Met
TKT12529,2024-11-03,2024-11-05,OK,Admin,Chennai,Email,Low,Email & Messaging Team,Resolved,Desktop,54.8,5,EMP2133,2.283,Missed
TKT13741,2024-09-24,,OK,Sales,Hyderabad,Hardware,Medium,Hardware Support,In Progress,Desktop,0,,EMP1819,0,Met
TKT13313,2024-05-13,2024-05-14,OK,Finance,Mumbai,Hardware,Low,Hardware Support,Resolved,Server,47,4,EMP1470,1.958,Met
TKT11791,2024-09-23,2024-09-24,OK,Sales,Delhi,Network,Low,Network Support,Resolved,Mobile,37.8,5,EMP1847,1.575,Met
TKT13319,2024-11-12,2024-11-12,OK,Sales,Mumbai,Software,Medium,Software Support,Closed,Tablet,9.5,4,EMP1430,0.396,Met
TKT14087,2025-06-04,2025-06-04,OK,Admin,Bangalore,Hardware,MEDIUM,Hardware Support,Resolved,Laptop,19.9,4,EMP1063,0.829,Met
TKT12384,2024-01-30,2024-01-31,OK,Operations,Chennai,Network,Medium,Network Support,Closed,desktop,24.7,2,EMP2052,1.029,Missed
TKT11021,2025-06-05,2025-06-06,OK,Marketing,Delhi,Hardware,Medium,Hardware Support,Resolved,Server,45.7,1,EMP1171,1.904,Missed
TKT12058,2025-03-07,,OK,Finance,Pune,network,Medium,Network Support,Open,desktop,0,,EMP1398,0,Met
TKT16814,2025-04-25,2025-04-25,OK,Operations,Chennai,Hardware,Medium,Hardware Support,Resolved,Server,15.5,,EMP1580,0.646,Met
TKT12738,2024-08-14,2024-08-15,OK,IT,Delhi,Email,Medium,Email & Messaging Team,Resolved,Desktop,29,,EMP1168,1.208,Missed
TKT11471,2024-10-28,2024-10-28,OK,Finance,Bangalore,Hardware,Medium,Hardware Support,Resolved,Laptop,19.8,4,EMP1266,0.825,Met
TKT10085,2024-11-02,2024-11-02,OK,Admin,Delhi,Hardware,High,Hardware Support,Resolved,Laptop,11.4,5,EMP1059,0.475,Missed
TKT15128,2024-08-22,,OK,Finance,Pune,Network,Medium,Network Support,In Progress,Desktop,0,,EMP1733,0,Met
TKT11505,2024-07-05,2024-07-06,OK,Finance,Chennai,Access,Low,Identity & Access Team,Resolved,mobile,29.2,3,EMP1209,1.217,Met
TKT12920,2024-02-08,2024-02-11,OK,Sales,Bangalore,Network,Low,Network Support,Resolved,Desktop,72.7,4,EMP1452,3.029,Missed
TKT10750,2025-02-17,2025-02-17,OK,IT,Delhi,Software,Medium,Software Support,Resolved,Laptop,11.8,4,EMP2101,0.492,Met
TKT11734,2025-02-20,2025-02-21,OK,Legal,Mumbai,Software,Medium,Software Support,Resolved,Desktop,36.2,1,EMP1385,1.508,Missed
TKT10188,2024-09-10,2024-09-10,OK,Marketing,Mumbai,Software,Medium,Software Support,Closed,Tablet,8.3,5,EMP2393,0.346,Met
TKT14470,2025-06-14,2025-06-14,OK,Marketing,Mumbai,Software,High,Software Support,Resolved,Tablet,6.4,1,EMP1048,0.267,Met
TKT13760,2024-10-21,2024-10-21,OK,Marketing,Chennai,Hardware,Medium,Hardware Support,Resolved,Laptop,4.2,5,EMP1293,0.175,Met
TKT12535,2024-09-23,2024-09-23,OK,Sales,Mumbai,Hardware,High,Hardware Support,Resolved,Desktop,7.7,,EMP1445,0.321,Met
TKT13877,2025-04-30,2025-05-02,OK,Finance,Pune,Network,Medium,Network Support,Resolved,Mobile,59.8,5,EMP2377,2.492,Missed
TKT12736,2025-02-18,2025-02-19,OK,HR,Hyderabad,Access,Low,Identity & Access Team,Resolved,Desktop,46,,EMP1357,1.917,Met
TKT14096,2024-07-03,2024-07-03,OK,Sales,Chennai,Hardware,Medium,Hardware Support,Resolved,Server,14.9,3,EMP1855,0.621,Met
TKT10344,2024-12-12,,OK,Finance,Mumbai,Network,High,Network Support,Open,Desktop,0,,EMP2063,0,Met
TKT16102,2025-06-08,2025-06-10,OK,Marketing,Pune,Network,Low,Network Support,Closed,Laptop,59,3,EMP1405,2.458,Missed
TKT13940,2024-09-04,2024-09-04,OK,Finance,Delhi,Access,Critical,Identity & Access Team,Resolved,Laptop,3.7,4,EMP1903,0.154,Met
TKT12842,2025-06-26,,OK,Operations,Delhi,Hardware,low,Hardware Support,In Progress,DESKTOP,0,,EMP2321,0,Met
TKT15872,2024-09-15,2024-09-15,OK,Operations,Delhi,Network,Critical,Network Support,Resolved,Server,2,,EMP1697,0.083,Met
TKT12647,2025-01-29,2025-01-29,OK,Legal,Pune,Software,Critical,Software Support,Resolved,Laptop,4.3,5,EMP2025,0.179,Missed
TKT11502,2024-11-26,,OK,Finance,Delhi,Hardware,High,Hardware Support,In Progress,Laptop,0,,EMP1097,0,Met
TKT12775,2024-11-27,2024-11-27,OK,Marketing,Bangalore,Hardware,Medium,Hardware Support,Resolved,Desktop,4.1,4,EMP2005,0.171,Met
TKT13548,2025-03-24,2025-03-24,OK,Finance,Hyderabad,Software,Medium,Software Support,Closed,Laptop,17.4,4,EMP1070,0.725,Met
TKT10518,2024-12-18,,OK,IT,Chennai,Access,Low,Identity & Access Team,Open,Mobile,0,,EMP1182,0,Met
TKT11324,2024-05-10,2024-05-10,OK,Sales,Bangalore,Network,Medium,Network Support,Resolved,Laptop,11.1,5,EMP2044,0.463,Met
TKT10601,2024-07-23,2024-07-24,OK,Finance,Delhi,Access,Medium,Identity & Access Team,Resolved,Laptop,35.6,1,EMP1378,1.483,Missed
TKT13381,2024-12-28,2024-12-28,OK,Marketing,Mumbai,Software,High,Software Support,Resolved,Desktop,3.5,4,EMP2185,0.146,Met
TKT14806,2025-02-20,2025-02-20,OK,Sales,Chennai,Software,High,Software Support,Resolved,Laptop,4.2,3,EMP1744,0.175,Met
TKT15296,2025-04-27,2025-04-29,OK,Finance,Hyderabad,Network,LOW,Network Support,Resolved,Mobile,48.9,1,EMP1724,2.038,Missed
TKT10247,2024-06-21,2024-06-22,OK,Marketing,Chennai,Email,Low,Email & Messaging Team,Resolved,Mobile,35.2,,EMP1662,1.467,Met
TKT15247,2024-02-04,2024-02-04,OK,HR,Chennai,Printer,Medium,Hardware Support,Resolved,printer,16.3,,EMP1354,0.679,Met
TKT14107,2024-08-29,,OK,Admin,Bangalore,Hardware,Medium,Hardware Support,Open,Desktop,0,,EMP2382,0,Met
TKT15732,2025-02-21,,OK,Finance,Mumbai,Access,Medium,Identity & Access Team,Open,Laptop,0,,EMP1891,0,Met
TKT16138,2024-03-14,2024-03-17,OK,Sales,Chennai,Printer,Medium,Hardware Support,Resolved,Printer,76,4,EMP1934,3.167,Missed
TKT13898,2024-09-18,2024-09-18,OK,IT,Bangalore,Software,Medium,Network Support,Resolved,Tablet,23.8,,EMP1852,0.992,Met
TKT15347,2024-11-18,2024-11-18,OK,Marketing,Chennai,Email,HIGH,Email & Messaging Team,Resolved,mobile,8.9,3,EMP1656,0.371,Missed
TKT13383,2025-05-04,2025-05-04,OK,Legal,Delhi,Access,High,Identity & Access Team,Resolved,Desktop,5.4,5,EMP2177,0.225,Met
TKT14418,2024-05-11,2024-05-12,OK,Sales,Delhi,NETWORK,Medium,Network Support,Resolved,Laptop,40.1,3,EMP2129,1.671,Missed
TKT12613,2024-03-31,2024-04-01,OK,HR,Mumbai,Software,Medium,Software Support,Resolved,Laptop,36.5,5,EMP1531,1.521,Missed
TKT12572,2024-10-31,2024-10-31,OK,IT,Bangalore,Email,High,Email & Messaging Team,Resolved,Desktop,6.3,4,EMP2340,0.263,Met
TKT13166,2025-04-15,2025-04-15,OK,HR,Hyderabad,Software,Low,Software Support,Resolved,Tablet,10.5,4,EMP2124,0.438,Met
TKT13066,2025-02-28,2025-02-28,OK,Sales,Bangalore,Printer,High,Hardware Support,Resolved,Printer,0.8,4,EMP1849,0.033,Met
TKT12192,2025-01-28,2025-01-28,OK,HR ,Hyderabad,Access,Low,Identity & Access Team,Closed,Mobile,22.5,5,EMP1383,0.938,Met
TKT13629,2024-07-17,2024-07-18,OK,Operations,Mumbai,Network,LOW,Network Support,Resolved,Mobile,24.9,4,EMP1718,1.038,Met
TKT13460,2025-03-27,2025-03-27,OK,Operations,Hyderabad,Printer,Medium,Hardware Support,Resolved,Printer,10.9,5,EMP1474,0.454,Met
TKT15548,2024-12-28,2024-12-30,OK,Marketing,Pune,Hardware,Medium,Hardware Support,Closed,Laptop,57,,EMP2235,2.375,Missed
TKT13724,2024-04-22,2024-04-22,OK,Finance,Chennai,Hardware,Medium,Hardware Support,Resolved,Laptop,2.6,4,EMP2236,0.108,Met
TKT10002,2024-10-11,2024-10-11,OK,HR,Bangalore,Network,High,Network Support,Resolved,mobile,6,3,EMP1013,0.25,Met
TKT16269,2024-06-02,2024-05-30,ERROR,Legal,Delhi,Software,High,Software Support,Closed,Laptop,8.9,3,EMP2134,0.371,Missed
TKT12210,2024-05-21,2024-05-22,OK,Sales,Chennai,Printer,Medium,Hardware Support,Resolved,Printer,24.9,2,EMP1344,1.038,Missed
TKT16461,2025-02-21,2025-02-22,OK,Marketing,Pune,Email,Medium,Email & Messaging Team,Resolved,Mobile,27.5,3,EMP1035,1.146,Missed
TKT13420,2024-07-25,,OK,IT,Pune,Hardware,Medium,Hardware Support,In Progress,Server,0,,EMP1257,0,Met
TKT10807,2024-07-02,,OK,IT,Chennai,Network,Medium,Network Support,In Progress,Laptop,0,,EMP1998,0,Met
TKT16543,2024-02-09,2024-02-09,OK,Admin,Chennai,Access,Medium,Identity & Access Team,Resolved,Laptop,11.4,1,EMP1398,0.475,Met
TKT12788,2025-03-29,2025-03-29,OK,Admin,Bangalore,Hardware,High,Hardware Support,Resolved,Server,13.2,5,EMP2222,0.55,Missed
TKT12117,2025-02-11,2025-02-11,OK,Sales,Bangalore,Access,Medium,Identity & Access Team,Resolved,Mobile,9.4,,EMP1890,0.392,Met
TKT10712,2025-05-02,,OK,IT,Bangalore,Software,Critical,Software Support,In Progress,Tablet,0,,EMP1008,0,Met
TKT14643,2024-01-22,2024-01-23,OK,Finance,Hyderabad,Access,Low,Identity & Access Team,Resolved,Desktop,32.6,3,EMP1205,1.358,Met
TKT11362,2024-03-20,,OK,Marketing,Pune,Hardware,Medium,Hardware Support,In Progress,Server,0,,EMP2225,0,Met
TKT10802,2024-07-11,2024-07-11,OK,Admin,Bangalore,Network,High,Network Support,Resolved,Laptop,3.7,2,EMP1237,0.154,Met
TKT16478,2024-03-26,2024-03-26,OK,Sales,Bangalore,Software,High,Software Support,Resolved,Laptop,1.4,4,EMP2110,0.058,Met
TKT16306,2025-06-20,2025-06-20,OK,Legal,Mumbai,Email,Medium,Email & Messaging Team,Resolved,Mobile,7,5,EMP1593,0.292,Met
TKT11523,2024-03-22,2024-03-22,OK,Admin,Bangalore,Email,Medium,Email & Messaging Team,Resolved,Tablet,15,,EMP2393,0.625,Met
TKT16310,2024-04-05,2024-04-06,OK,Admin,Delhi,Network,Medium,Network Support,Resolved,Server,26.8,5,EMP1741,1.117,Missed
TKT14569,2024-03-04,2024-03-05,OK,IT,Delhi,Hardware,low,Hardware Support,Resolved,Laptop,26.9,5,EMP1838,1.121,Met
TKT10886,2024-04-05,2024-04-05,OK,IT,Pune,Software,Critical,Identity & Access Team,Resolved,Laptop,3.3,4,EMP1632,0.138,Met
TKT12081,2024-01-07,2024-01-08,OK,Marketing,Hyderabad,Network,Medium,Network Support,Closed,Server,46.3,5,EMP1634,1.929,Missed
TKT14250,2024-06-18,2024-06-22,OK,Finance,Mumbai,Access,Low,Identity & Access Team,Closed,Desktop,104.2,4,EMP1402,4.342,Missed
TKT15274,2025-03-12,2025-03-12,OK,Admin,Chennai,Access,High,Software Support,Closed,mobile,0,4,EMP1745,0,Met
TKT11171,2024-08-15,2024-08-15,OK,Finance,Chennai,Software,Medium,Email & Messaging Team,Resolved,Laptop,15.6,5,EMP1034,0.65,Met
TKT12905,2025-04-02,2025-04-02,OK,Sales,Mumbai,Software,High,Software Support,Resolved,Laptop,4,4,EMP2200,0.167,Met
TKT11805,2024-03-14,2024-03-14,OK,Marketing,Pune,Hardware,Medium,Hardware Support,Resolved,Server,4.3,,EMP1660,0.179,Met
TKT13821,2024-04-10,2024-04-10,OK,IT,Pune,Printer,Medium,Hardware Support,Resolved,Printer,8.2,5,EMP2130,0.342,Met
TKT11842,2024-02-23,2024-02-25,OK,Operations,Pune,Hardware,Medium,Hardware Support,Resolved,Desktop,66.4,5,EMP2029,2.767,Missed
TKT13873,2024-02-18,,OK,Finance,Chennai,Software,Medium,Software Support,Open,Tablet,0,,EMP1656,0,Met
TKT14394,2024-06-25,,OK,Marketing,Hyderabad,Network,High,Network Support,Open,Server,0,,EMP1631,0,Met
TKT14722,2024-01-13,2024-01-14,OK,Marketing,Hyderabad,Access,Medium,Identity & Access Team,Resolved,Mobile,25.1,5,EMP1446,1.046,Missed
TKT13907,2024-05-08,2024-05-08,OK,Sales,Pune,Software,Medium,Software Support,Resolved,Desktop,9.6,,EMP1647,0.4,Met
TKT14916,2025-04-20,2025-04-20,OK,Legal,Chennai,Hardware,High,Hardware Support,Resolved,Desktop,8.5,3,EMP2090,0.354,Missed
TKT10435,2024-01-16,2024-01-16,OK,HR,Pune,Hardware,Medium,Hardware Support,Resolved,Laptop,14.1,4,EMP2010,0.588,Met
TKT12163,2025-01-05,,OK,Admin,Chennai,Network,Medium,Network Support,In Progress,Desktop,0,,EMP1696,0,Met
TKT16496,2024-04-01,2024-04-01,OK,Sales,Delhi,Network,Low,Network Support,Resolved,Laptop,18.5,5,EMP1467,0.771,Met
TKT13704,2024-08-29,2024-08-29,OK,Marketing,Pune,Access,Medium,Identity & Access Team,Closed,Desktop,22.2,3,EMP1778,0.925,Met
TKT14475,2025-04-27,2025-05-01,OK,IT,Mumbai,Software,Low,Software Support,Resolved,Desktop,110.4,4,EMP1356,4.6,Missed
TKT13301,2024-11-29,2024-11-29,OK,Operations,Bangalore,Access,Low,Identity & Access Team,Resolved,Mobile,20.6,1,EMP2224,0.858,Met
TKT15201,2025-03-17,2025-03-17,OK,IT,Mumbai,Email,Medium,Email & Messaging Team,Closed,Laptop,19.4,,EMP1043,0.808,Met
TKT12553,2025-03-18,2025-03-18,OK,Sales,Pune,Hardware,Medium,Hardware Support,Resolved,Server,2,4,EMP2223,0.083,Met
TKT12413,2024-04-23,2024-04-23,OK,IT,Mumbai,Hardware,Medium,Hardware Support,Resolved,Laptop,21.6,4,EMP1146,0.9,Met
TKT16761,2024-02-03,2024-02-09,OK,Admin,Chennai,Email,Low,Email & Messaging Team,Resolved,Tablet,160.4,2,EMP1429,6.683,Missed
TKT10764,2024-02-18,2024-02-18,OK,HR,Mumbai,Network,Critical,NA,Resolved,desktop,4.6,4,EMP2300,0.192,Missed
TKT11346,2025-02-18,2025-02-18,OK,Finance,Chennai,Access,High,Identity & Access Team,Resolved,Laptop,13,3,EMP1561,0.542,Missed
TKT13042,2025-06-15,2025-06-15,OK,IT,Delhi,Hardware,Low,Hardware Support,Resolved,Laptop,22.7,4,EMP1666,0.946,Met
TKT13683,2024-04-01,2024-04-02,OK,Finance,Bangalore,Software,Medium,Software Support,Resolved,LAPTOP,32.9,2,EMP1689,1.371,Missed
TKT10968,2024-06-07,2024-06-07,OK,Operations,Pune,Network,High,Network Support,Resolved,Mobile,2.1,5,EMP1616,0.088,Met
TKT10170,2024-01-18,2024-01-18,OK,Legal,Bangalore,Software,Medium,Software Support,Resolved,Tablet,13.5,2,EMP1754,0.563,Met
TKT16474,2025-04-05,2025-04-08,OK,Sales,Bangalore,Software,LOW,Software Support,Closed,Desktop,91.7,4,EMP1655,3.821,Missed
TKT10268,2025-06-07,2025-06-09,OK,Operations,Mumbai,network,Medium,Network Support,Resolved,Laptop,65.4,5,EMP1737,2.725,Missed
TKT14664,2024-05-15,2024-05-15,OK,IT,Hyderabad,Access,High,Identity & Access Team,Closed,Mobile,7.1,5,EMP2072,0.296,Met
TKT16509,2024-02-08,2024-02-09,OK,Operations,Pune,Access,Low,Identity & Access Team,Resolved,Mobile,33.5,3,EMP2042,1.396,Met
TKT11507,2024-11-22,2024-11-22,OK,HR,Chennai,Hardware,High,Hardware Support,Resolved,Server,10.3,3,EMP1836,0.429,Missed
TKT10352,2024-07-14,2024-07-14,OK,Operations,Mumbai,Hardware,High,Hardware Support,Resolved,Desktop,4.5,4,EMP1692,0.188,Met
TKT14947,2024-11-25,,OK,IT,Hyderabad,Printer,High,Hardware Support,In Progress,Printer,0,,EMP1606,0,Met
TKT10465,2024-04-23,2024-04-23,OK,Finance,Pune,Printer,Low,Hardware Support,Resolved,Printer,14.2,1,EMP1624,0.592,Met
TKT14490,2025-06-09,2025-06-11,OK,Operations,Pune,Software,Low,Software Support,Resolved,Desktop,53.7,5,EMP1189,2.238,Missed
TKT16119,2024-10-21,2024-10-21,OK,Finance,Delhi,Hardware,Medium,Hardware Support,Resolved,server,14,4,EMP2238,0.583,Met
TKT16559,2024-08-11,2024-08-11,OK,Finance,Hyderabad,Software,High,Software Support,Resolved,Laptop,2.8,,EMP1151,0.117,Met
TKT14178,2024-04-03,2024-04-03,OK,HR,Delhi,Software,Medium,Software Support,Resolved,Tablet,15.6,4,EMP1740,0.65,Met
TKT12142,2024-11-28,2024-11-29,OK,IT,Delhi,Software,Medium,Software Support,Resolved,Desktop,28.3,4,EMP2055,1.179,Missed
TKT14094,2024-06-17,2024-06-17,OK,Operations,Pune,Hardware,Low,Hardware Support,Resolved,Desktop,0,4,EMP1600,0,Met
TKT16127,2024-10-03,2024-10-03,OK,IT,Hyderabad,Access,Critical,Identity & Access Team,Closed,LAPTOP,6.6,5,EMP1821,0.275,Missed
TKT11440,2024-04-28,,OK,Operations,Pune,Hardware,Medium,Hardware Support,In Progress,Laptop,0,,EMP1259,0,Met
TKT14648,2025-05-11,2025-05-11,OK,Admin,Hyderabad,Software,Medium,Software Support,Resolved,Laptop,11.6,,EMP1040,0.483,Met
TKT16427,2025-05-30,2025-06-01,OK,HR,Delhi,Access,Low,Identity & Access Team,Resolved,Desktop,68.1,4,EMP1138,2.838,Missed
TKT10452,2024-11-28,,OK,Sales,Mumbai,Network,Low,Network Support,In Progress,Server,0,,EMP1761,0,Met
TKT10102,2024-09-28,2024-09-29,OK,Finance,Chennai,Network,Medium,Network Support,Resolved,Server,34.7,4,EMP1107,1.446,Missed
TKT10499,2024-11-19,2024-11-21,OK,Legal,Bangalore,Email,Low,Email & Messaging Team,Resolved,Mobile,56.5,3,EMP2137,2.354,Missed
TKT10032,2024-08-30,2024-09-01,OK,IT,Pune,Access,Low,Identity & Access Team,Closed,Mobile,67.5,,EMP1332,2.813,Missed
TKT16039,2024-07-06,2024-07-06,OK,Finance,Bangalore,Hardware,High,Hardware Support,Closed,Server,8.7,2,EMP1936,0.363,Missed
TKT11163,2024-07-19,2024-07-19,OK,IT,Mumbai,Software,Low,Software Support,Resolved,Laptop,11.5,2,EMP1257,0.479,Met
TKT10006,2024-08-12,2024-08-13,OK,Operations,Pune,Software,Medium,Software Support,Resolved,Desktop,34.4,5,EMP1664,1.433,Missed
TKT13193,2024-09-01,2024-09-03,OK,Operations,Bangalore,Software,Low,Software Support,Resolved,Tablet,67.3,3,EMP2355,2.804,Missed
TKT16486,2024-01-25,2024-01-25,OK,HR,Mumbai,Software,Medium,Software Support,Resolved,Tablet,18.8,4,EMP2006,0.783,Met
TKT16804,2024-12-28,2024-12-29,OK,Finance,Mumbai,Email,Medium,Email & Messaging Team,Resolved,Tablet,46.9,4,EMP1454,1.954,Missed
TKT13192,2024-04-19,2024-04-19,OK,Operations,Bangalore,Printer,MEDIUM,Hardware Support,Resolved,Printer,13.8,,EMP1712,0.575,Met
TKT14169,2024-11-05,2024-11-05,OK,Legal,Bangalore,Software,Medium,Software Support,Resolved,Desktop,6.5,3,EMP1623,0.271,Met
TKT12877,2024-04-04,,OK,Legal,Mumbai,Software,Medium,Software Support,In Progress,Laptop,0,,EMP2230,0,Met
TKT12919,2025-03-14,,OK,IT,Mumbai,Access,Medium,Identity & Access Team,Open,Mobile,0,,EMP2069,0,Met
TKT16095,2025-06-23,2025-06-23,OK,IT,Mumbai,Email,Medium,Email & Messaging Team,Resolved,Desktop,23.8,1,EMP1875,0.992,Met
TKT11241,2024-02-06,2024-02-08,OK,Finance,Hyderabad,Hardware,Low,Hardware Support,Resolved,Server,55.5,2,EMP2384,2.313,Missed
TKT12998,2024-06-17,,OK,Sales,Pune,Email,High,Email & Messaging Team,In Progress,Tablet,0,,EMP1984,0,Met
TKT14854,2024-08-10,,OK,Marketing,Mumbai,Software,Medium,Software Support,Open,Tablet,0,,EMP2367,0,Met
TKT11058,2025-04-29,2025-04-29,OK,Finance,Bangalore,Access, Medium,Identity & Access Team,Resolved,Mobile,22,5,EMP1428,0.917,Unknown Priority:  Medium
TKT16745,2025-01-04,2025-01-04,OK,IT,Chennai,Email,High,Email & Messaging Team,Resolved,TABLET,3.6,5,EMP2360,0.15,Met
TKT13864,2024-04-18,2024-04-18,OK,Marketing,Delhi,Software,High,Software Support,Resolved,Desktop,10.3,4,EMP1651,0.429,Missed
TKT16835,2024-08-31,2024-08-31,OK,IT,Delhi,Email,High,Email & Messaging Team,Closed,Mobile,0.7,,EMP2304,0.029,Met
TKT13562,2024-09-14,2024-09-14,OK,IT,Mumbai,Network,Low,Network Support,Resolved,Desktop,16.4,1,EMP1684,0.683,Met
TKT13665,2024-11-30,2024-11-30,OK,Sales,Bangalore,Printer,High,Hardware Support,Closed,Printer,16.9,1,EMP1595,0.704,Missed
TKT14397,2024-10-23,2024-10-23,OK,Sales,Delhi,Network,High,Network Support,Closed,Mobile,6.8,4,EMP1204,0.283,Met
TKT15421,2024-08-13,2024-08-13,OK,Legal,Chennai,Email,Medium,Email & Messaging Team,Closed,Laptop,9.2,,EMP1224,0.383,Met
TKT11317,2024-08-16,2024-08-17,OK,Finance,Delhi,Access,Low,Identity & Access Team,Resolved,Laptop,46.9,,EMP1696,1.954,Met
TKT14986,2024-12-30,2024-12-30,OK,Admin,Chennai,Email,High,Email & Messaging Team,Resolved,Tablet,14.4,3,EMP2122,0.6,Missed
TKT15676,2024-02-20,2024-02-20,OK,Sales,Chennai,Software,Medium,Software Support,Resolved,Desktop,12,4,EMP1707,0.5,Met
TKT10290,2024-01-29,,OK,Admin,Pune,Network,High,Network Support,In Progress,Server,0,,EMP1720,0,Met
TKT15183,2024-12-23,2024-12-23,OK,Finance,Mumbai,Printer,High,Hardware Support,Resolved,Printer,14.4,5,EMP1158,0.6,Missed
TKT11948,2025-04-02,2025-04-02,OK,Marketing,Bangalore,Network,Critical,Network Support,Resolved,Desktop,8.1,4,EMP2127,0.338,Missed
TKT12772,2024-07-17,2024-07-17,OK,Sales,Bangalore,network,High,Network Support,Resolved,Laptop,13.5,5,EMP1486,0.563,Missed
TKT10057,2025-05-10,2025-05-10,OK,Marketing,Chennai,Access,Medium,Identity & Access Team,Resolved,Mobile,16.8,5,EMP1952,0.7,Met
TKT13906,2024-12-06,2024-12-08,OK,Admin,Bangalore,Hardware,Low,Hardware Support,Closed,Laptop,71.3,4,EMP1905,2.971,Missed
TKT12127,2025-03-18,2025-03-18,OK,Finance,Delhi,Software,High,Software Support,Resolved,Tablet,2.9,3,EMP2280,0.121,Met
TKT11178,2025-04-10,2025-04-10,OK,IT,Pune,Software,Medium,Software Support,Closed,Desktop,10.9,5,EMP1314,0.454,Met
TKT14453,2024-07-01,2024-07-02,OK,IT,Bangalore,Network,Low,Network Support,Resolved,Desktop,29.7,5,EMP1367,1.238,Met
TKT12862,2024-09-08,2024-09-09,OK,IT,Bangalore,Hardware,Medium,Hardware Support,Resolved,Desktop,27.3,,EMP1280,1.138,Missed
TKT12541,2024-05-24,2024-05-24,OK,Operations,Bangalore,Software,High,Software Support,Resolved,Tablet,15.8,3,EMP1005,0.658,Missed
TKT11415,2025-03-16,2025-03-16,OK,Sales,Mumbai,Access,Medium,Identity & Access Team,Resolved,Mobile,18.8,4,EMP1432,0.783,Met
TKT14234,2025-06-01,2025-06-02,OK,Admin,Mumbai,Software,Medium,Software Support,Resolved,Tablet,32.5,4,EMP1855,1.354,Missed
TKT15186,2025-04-23,2025-04-23,OK,IT,Hyderabad,Software,Low,Software Support,Resolved,TABLET,9.7,5,EMP1778,0.404,Met
TKT10972,2025-02-04,2025-02-04,OK,HR,Bangalore,Hardware,High,Hardware Support,Resolved,Desktop,8.9,2,EMP1790,0.371,Missed
TKT11418,2024-04-25,2024-04-25,OK,HR,Mumbai,Network,Critical,Network Support,Resolved,Desktop,3.8,3,EMP2176,0.158,Met
TKT16005,2024-12-22,2024-12-23,OK,Sales,Bangalore,Software,Low,Software Support,Closed,Tablet,33.8,4,EMP1135,1.408,Met
TKT10622,2024-10-06,2024-10-06,OK,Sales,Mumbai,Access,High,Identity & Access Team,Resolved,Laptop,4.6,4,EMP1137,0.192,Met
TKT13010,2024-06-09,2024-06-09,OK,IT,Hyderabad,Hardware,High,Hardware Support,Resolved,Desktop,4,4,EMP1152,0.167,Met
TKT10325,2024-04-09,2024-04-09,OK,Admin,Mumbai,Hardware,High,Hardware Support,Resolved,Server,7.8,3,EMP1964,0.325,Met
TKT14198,2024-06-12,2024-06-12,OK,IT,Bangalore,Printer,Critical,Hardware Support,Resolved,Printer,3.3,1,EMP1341,0.138,Met
TKT12527,2025-06-20,2025-06-20,OK,Finance,Delhi,Software,Medium,Software Support,Resolved,Desktop,1.1,5,EMP1575,0.046,Met
TKT10770,2024-04-07,2024-04-08,OK,Admin,Pune,Software,Low,Software Support,Resolved,Laptop,40.5,4,EMP2228,1.688,Met
TKT14922,2025-04-17,2025-04-18,OK,IT,Mumbai,Hardware,Medium,Hardware Support,Resolved,Desktop,39.7,3,EMP1350,1.654,Missed
TKT13048,2024-10-26,2024-10-26,OK,Finance,Pune,Printer,Medium,Hardware Support,Resolved,Printer,8.2,5,EMP1262,0.342,Met
TKT10755,2024-11-13,2024-11-16,OK,Legal,Pune,Network,Medium,Network Support,Resolved,Mobile,85.1,5,EMP2203,3.546,Missed
TKT10822,2024-06-16,2024-06-16,OK,IT,Pune,Software,Critical,Software Support,Resolved,Desktop,2,5,EMP1819,0.083,Met
TKT13827,2024-05-19,2024-05-19,OK,Unknown,Pune,Hardware,Low,Hardware Support,Resolved,Desktop,23.5,,EMP1162,0.979,Met
TKT13101,2024-07-03,2024-07-03,OK,Finance,Pune,Access,High,Identity & Access Team,Resolved,Mobile,9.5,5,EMP1493,0.396,Missed
TKT12365,2024-11-30,2024-11-30,OK,IT,Chennai,Software,High,Network Support,Resolved,Laptop,7.6,,EMP2013,0.317,Met
TKT12198,2024-03-09,2024-03-09,OK,Legal,Mumbai,NETWORK,Medium,Network Support,Resolved,Desktop,5.9,5,EMP2162,0.246,Met
TKT11450,2024-02-20,2024-02-20,OK,Marketing,Mumbai,Network,High,Network Support,Resolved,Server,3.8,3,EMP1749,0.158,Met
TKT13100,2024-01-03,2024-01-03,OK,IT,Delhi,Email,Medium,Email & Messaging Team,Resolved,Tablet,12.5,2,EMP1653,0.521,Met
TKT15011,2024-05-05,2024-05-05,OK,Operations,Pune,Access,Critical,Identity & Access Team,Resolved,Desktop,5.6,,EMP2084,0.233,Missed
TKT12880,2024-07-17,2024-07-18,OK,Sales,Chennai,Network,Medium,Network Support,Resolved,Mobile,24.4,5,EMP1529,1.017,Missed
TKT16546,2024-03-21,2024-03-22,OK,Sales,Chennai,Email,Medium,Email & Messaging Team,Closed,Mobile,39,5,EMP1756,1.625,Missed
TKT11839,2024-04-18,2024-04-18,OK,IT,Chennai,Software,Medium,Software Support,Closed,Desktop,14.8,5,EMP2133,0.617,Met
TKT12372,2024-01-25,2024-01-26,OK,IT,Hyderabad,Hardware,Medium,Hardware Support,Resolved,Server,45.4,2,EMP1625,1.892,Missed
TKT10206,2024-08-23,2024-08-23,OK,HR,Mumbai,Printer,Medium,Hardware Support,Resolved,Printer,9.7,3,EMP1777,0.404,Met
TKT14628,2024-11-24,2024-11-24,OK,Sales,Delhi,Email,Low,Email & Messaging Team,Resolved,Desktop,11.9,4,EMP1538,0.496,Met
TKT13020,2025-01-31,2025-01-31,OK,Legal,Bangalore,Email,Medium,Email & Messaging Team,Resolved,Tablet,15.7,5,EMP1788,0.654,Met
TKT11166,2024-02-04,2024-02-04,OK,Legal,Delhi,Email,Medium,Email & Messaging Team,Resolved,Desktop,5.2,4,EMP1487,0.217,Met
TKT13696,2024-10-28,2024-10-28,OK,Marketing,Chennai,Access,Medium,Identity & Access Team,Resolved,Mobile,15.9,5,EMP2195,0.663,Met
TKT10881,2025-03-09,2025-03-09,OK,IT,Pune,Email,critical,Email & Messaging Team,Resolved,Desktop,3.7,,EMP2392,0.154,Met
TKT10889,2025-05-28,,OK,Finance,Delhi,Email,Low,Email & Messaging Team,Open,Desktop,0,,EMP2057,0,Met
TKT15912,2025-05-12,2025-05-12,OK,Finance,Pune,Software,High,NA,Resolved,DESKTOP,1.2,4,EMP1112,0.05,Met
TKT10656,2024-04-18,2024-04-18,OK,Operations,Chennai,Network,Medium,Network Support,Resolved,Mobile,22.1,2,EMP1662,0.921,Met
TKT10694,2024-02-03,2024-02-08,OK,Operations,Pune,Access,Low,Identity & Access Team,Resolved,Laptop,121,,EMP1321,5.042,Missed
TKT12637,2025-05-07,2025-05-07,OK,HR,Bangalore,Hardware,Medium,Hardware Support,Resolved,Laptop,17.9,3,EMP1476,0.746,Met
TKT15310,2024-01-24,2024-01-26,OK,Sales,Delhi,Hardware,Low,NA,Resolved,Desktop,70.6,3,EMP1177,2.942,Missed
TKT11606,2025-06-07,2025-06-07,OK,HR,Delhi,Email,High,Software Support,Resolved,Mobile,3.5,5,EMP1193,0.146,Met
TKT13852,2024-03-05,2024-03-11,OK,HR,Bangalore,Email,Low,NA,Resolved,Mobile,154.4,5,EMP1841,6.433,Missed
TKT15172,2024-12-02,2024-12-02,OK,HR,Delhi,Hardware,Medium,Hardware Support,Resolved,Desktop,4.6,1,EMP1890,0.192,Met
TKT14351,2024-09-12,2024-09-13,OK,Admin,Delhi,Printer,Medium,Hardware Support,Resolved,Printer,32.6,4,EMP2281,1.358,Missed
TKT13777,2024-01-27,2024-01-27,OK,Finance,Bangalore,Network,High,Network Support,Closed,Server,10.8,3,EMP2218,0.45,Missed
TKT10644,2024-08-17,2024-08-19,OK,Finance,Delhi,Software,Low,Software Support,Resolved,Tablet,51.9,5,EMP1416,2.163,Missed
TKT16771,2025-05-17,2025-05-18,OK,Sales,Pune,Hardware,Medium,Hardware Support,Resolved,server,31.5,,EMP1742,1.313,Missed
TKT12391,2024-03-28,2024-03-28,OK,Marketing,Pune,Hardware,Medium,Hardware Support,Resolved,Server,3.1,,EMP2067,0.129,Met
TKT14413,2024-02-27,2024-02-27,OK,Sales,Pune,Access,Critical,Identity & Access Team,Resolved,Mobile,1.8,,EMP1642,0.075,Met
TKT15367,2024-10-01,2024-10-01,OK,Finance,Mumbai,Software,Critical,Software Support,Closed,Desktop,0,5,EMP2384,0,Met
TKT15445,2024-10-24,2024-10-24,OK,Sales,Pune,Access,High,Identity & Access Team,Resolved,Mobile,3.6,5,EMP2290,0.15,Met
TKT12510,2025-06-06,2025-06-06,OK,IT,Chennai,Hardware, High,Hardware Support,Resolved,Desktop,6.2,4,EMP1906,0.258,Unknown Priority:  High
TKT10303,2024-04-09,2024-04-09,OK,HR,Mumbai,Software,High,Software Support,Resolved,Tablet,5.4,4,EMP1052,0.225,Met
TKT12150,2024-10-01,2024-10-01,OK,Operations,Bangalore,Printer,Medium,Hardware Support,Closed,Printer,17.8,,EMP1315,0.742,Met
TKT11906,2024-05-27,2024-05-28,OK,HR,Mumbai,Hardware,Low,Hardware Support,Resolved,Laptop,34.4,1,EMP1190,1.433,Met
TKT13813,2025-06-24,2025-06-24,OK,Legal,Hyderabad,Access,Medium,NA,Resolved,MOBILE,8.2,5,EMP2280,0.342,Met
TKT12550,2024-05-07,,OK,Admin,Delhi,Software,Low,Software Support,Open,Laptop,0,,EMP2138,0,Met
TKT11560,2025-03-01,,OK,Sales,Delhi,Access,High,Identity & Access Team,In Progress,Laptop,0,,EMP1962,0,Met
TKT13043,2024-08-08,,OK,IT,Mumbai,Hardware,Critical,Hardware Support,In Progress,Server,0,,EMP1049,0,Met
TKT16592,2025-05-26,2025-05-26,OK,Sales,Chennai,Network,High,Network Support,Resolved,Laptop,6.8,4,EMP1813,0.283,Met
TKT10197,2024-11-22,2024-11-22,OK,HR,Pune,Email,Critical,Email & Messaging Team,Resolved,Mobile,5.1,5,EMP2182,0.213,Missed
TKT13718,2024-12-10,2024-12-10,OK,Sales,Mumbai,Printer,Medium,Hardware Support,Closed,Printer,12.1,4,EMP2114,0.504,Met
TKT13628,2024-06-30,2024-06-30,OK,Finance,Hyderabad,Software,Critical,Software Support,Resolved,Laptop,2.5,,EMP2245,0.104,Met
TKT12343,2024-04-01,2024-04-01,OK,Legal,Hyderabad,Hardware,Medium,Hardware Support,Closed,Laptop,9.9,1,EMP1119,0.413,Met
TKT14479,2024-08-31,,OK,Operations,Delhi,Network,Low,Network Support,Open,Server,0,,EMP1299,0,Met
TKT11803,2024-08-26,2024-08-26,OK,HR,Bangalore,Access,High,Identity & Access Team,Resolved,Mobile,3.5,5,EMP1548,0.146,Met
TKT15126,2024-12-21,2024-12-21,OK,Admin,Mumbai,Email,Medium,Email & Messaging Team,Resolved,Tablet,19.6,5,EMP2141,0.817,Met
TKT12966,2025-04-10,2025-04-10,OK,Admin,Bangalore,Hardware,High,Hardware Support,Resolved,Server,16.7,4,EMP1831,0.696,Missed
TKT13590,2024-12-20,2024-12-20,OK,Legal,Pune,Network,High,Network Support,Closed,Mobile,5.8,5,EMP2319,0.242,Met
TKT13302,2024-06-13,2024-06-13,OK,IT,Mumbai,Hardware,Low,Hardware Support,Resolved,desktop,14.2,4,EMP2153,0.592,Met
TKT13134,2024-10-05,2024-10-05,OK,Operations,Bangalore,Network,Medium,Network Support,Resolved,Mobile,14.8,5,EMP2055,0.617,Met
TKT16381,2025-05-15,2025-05-15,OK,Operations,Mumbai,Access,High,Identity & Access Team,Resolved,Desktop,11.7,,EMP2249,0.488,Missed
TKT12123,2024-12-12,2024-12-12,OK,HR,Pune,Software,High,Software Support,Resolved,Laptop,17,3,EMP2334,0.708,Missed
TKT10995,2024-11-05,2024-11-06,OK,Marketing,Bangalore,Access,Medium,Identity & Access Team,Resolved,Laptop,38.8,3,EMP1751,1.617,Missed
TKT16271,2024-09-29,2024-09-29,OK,Finance,Delhi,Software,Medium,Software Support,Resolved,Laptop,6.2,5,EMP2266,0.258,Met
TKT12735,2024-07-16,2024-07-16,OK,Operations,Pune,Access,Medium,Identity & Access Team,Closed,Mobile,13.7,4,EMP1933,0.571,Met
TKT15659,2024-01-07,2024-01-07,OK,Unknown,Pune,Hardware,Medium,Hardware Support,Resolved,Desktop,9.4,5,EMP2285,0.392,Met
TKT13113,2025-01-12,2025-01-13,OK,Operations,Delhi,Printer,Low,Hardware Support,Resolved,printer,24,4,EMP1956,1,Met
TKT14275,2025-05-03,2025-05-03,OK,IT,Bangalore,Software,Critical,Software Support,Resolved,Laptop,6.1,5,EMP1264,0.254,Missed
TKT13119,2024-04-12,2024-04-13,OK,Operations,Pune,Access,Medium,Identity & Access Team,Resolved,Mobile,39.7,4,EMP1215,1.654,Missed
TKT13304,2025-06-03,2025-06-03,OK,Admin,Mumbai,Software,High,Software Support,Closed,Laptop,2.7,,EMP1913,0.113,Met
TKT11338,2024-10-01,2024-10-02,OK,IT,Pune,Network,Medium,Software Support,Resolved,Laptop,24.3,5,EMP1260,1.013,Missed
TKT16750,2024-12-07,2024-12-07,OK,Sales,Pune,Email,Low,Email & Messaging Team,Closed,Tablet,21.3,5,EMP2251,0.888,Met
TKT10528,2024-02-22,2024-02-22,OK,Marketing,Mumbai,Access,High,NA,Resolved,Mobile,9.3,,EMP2344,0.388,Missed
TKT14182,2025-06-18,2025-06-18,OK,HR,Chennai,network,High,Network Support,Resolved,Laptop,6.3,4,EMP2021,0.263,Met
TKT15541,2025-04-14,2025-04-14,OK,Legal,Pune,Hardware,Low,Hardware Support,Resolved,Server,22.3,2,EMP1710,0.929,Met
TKT10754,2024-03-11,2024-03-11,OK,HR,Chennai,Software,High,Software Support,Resolved,Tablet,9.6,,EMP1796,0.4,Missed
TKT13396,2024-11-23,2024-11-23,OK,Finance,Bangalore,Network,High,Network Support,Resolved,Server,4.3,4,EMP1453,0.179,Met
TKT10928,2024-01-31,2024-01-31,OK,Sales,Bangalore,Hardware,Low,Hardware Support,Resolved,Server,15.5,4,EMP1234,0.646,Met
TKT15666,2024-08-15,,OK,Legal,Bangalore,Hardware,High,NA,Open,Desktop,0,,EMP1395,0,Met
TKT11232,2025-04-05,2025-04-05,OK,Finance,Chennai,Software,Medium,Software Support,Resolved,Tablet,20.1,4,EMP1486,0.838,Met
TKT16732,2024-07-06,2024-07-06,OK,Operations,Mumbai,Access,Medium,Identity & Access Team,Resolved,Laptop,10.9,4,EMP1645,0.454,Met
TKT11275,2024-11-17,2024-11-18,OK,Finance,Mumbai,Access,Medium,Identity & Access Team,Resolved,Desktop,31.8,,EMP2238,1.325,Missed
TKT14291,2024-03-16,2024-03-16,OK,Marketing,Pune,Access,Medium,Identity & Access Team,Resolved,Desktop,20.3,5,EMP1120,0.846,Met
TKT16624,2024-07-15,2024-07-15,OK,Marketing,Bangalore,Hardware,Critical,Hardware Support,Resolved,Laptop,4.6,5,EMP1435,0.192,Missed
TKT13976,2025-05-21,,OK,Operations,Bangalore,Hardware,medium,Hardware Support,In Progress,Desktop,0,,EMP2146,0,Met
TKT15611,2025-04-08,,OK,Finance,Bangalore,Network,Low,Network Support,In Progress,Laptop,0,,EMP1560,0,Met
TKT12341,2024-05-26,2024-05-26,OK,Operations,Chennai,Hardware,Medium,Hardware Support,Resolved,Desktop,17.3,,EMP2014,0.721,Met
TKT16011,2024-04-23,,OK,Finance,Chennai,Network,Medium,Network Support,In Progress,Mobile,0,,EMP1191,0,Met
TKT14627,2024-01-28,2024-01-29,OK,Operations,Mumbai,Email,Medium,Software Support,Closed,Tablet,43.8,3,EMP2087,1.825,Missed
TKT12702,2024-03-24,2024-03-24,OK,Marketing,Pune,Hardware,High,Hardware Support,Resolved,Server,6.6,,EMP1285,0.275,Met
TKT10037,2024-03-12,2024-03-12,OK,Finance,Chennai,Network,Critical,Network Support,Resolved,Desktop,6.9,,EMP2360,0.288,Missed
TKT13721,2024-07-23,2024-07-23,OK,Operations,Bangalore,Hardware,High,Hardware Support,Resolved,Desktop,16.5,1,EMP1427,0.688,Missed
TKT12331,2025-01-23,,OK,Finance,Bangalore,Software,High,Software Support,Open,Desktop,0,,EMP2397,0,Met
TKT10944,2024-09-28,2024-09-28,OK,Finance,Pune,Software,High,Software Support,Resolved,Tablet,2.6,,EMP1242,0.108,Met
TKT16289,2024-12-04,2024-12-04,OK,Operations,Chennai,Network,Medium,Network Support,Resolved,Desktop,21,4,EMP1864,0.875,Met
TKT12313,2024-08-06,2024-08-07,OK,IT,Mumbai,Network,Medium,Network Support,Resolved,Server,25.7,4,EMP1676,1.071,Missed
TKT12957,2024-08-14,2024-08-14,OK,Operations,Chennai,Access,Medium,Identity & Access Team,Closed,Mobile,0,4,EMP1400,0,Met
TKT16718,2024-08-02,2024-08-02,OK,Finance,Chennai,Software,High,Software Support,Resolved,Laptop,6,3,EMP2131,0.25,Met
TKT15017,2024-08-19,2024-08-21,OK,Sales,Hyderabad,Software,Low,Software Support,Resolved,Desktop,66,,EMP1329,2.75,Missed
TKT14913,2024-07-22,2024-07-23,OK,Marketing,Mumbai,Software,Medium,Software Support,Resolved,Laptop,31.7,4,EMP2089,1.321,Missed
TKT15634,2024-01-06,2024-01-07,OK,Sales,Mumbai,Email,Low,Email & Messaging Team,Resolved,desktop,41.6,3,EMP1376,1.733,Met
TKT11993,2024-01-11,2024-01-12,OK,Sales,Bangalore,Hardware,Medium,Hardware Support,Resolved,Laptop,25.2,2,EMP2362,1.05,Missed
TKT13733,2025-02-15,2025-02-16,OK,Finance,Delhi,Email,Low,Email & Messaging Team,Resolved,Laptop,24.9,5,EMP2222,1.038,Met
TKT11962,2024-10-22,2024-10-22,OK,HR,Chennai,Access,MEDIUM,Identity & Access Team,Resolved,Laptop,8.5,,EMP2109,0.354,Met
TKT14510,2024-12-08,2024-12-08,OK,Sales,Bangalore,Software,Medium,NA,Resolved,Tablet,4.2,3,EMP2325,0.175,Met
TKT12789,2024-01-01,,OK,Marketing,Mumbai,Network,Critical,Software Support,In Progress,Laptop,0,,EMP1104,0,Met
TKT15127,2025-03-07,2025-03-07,OK,IT,Delhi,Access,Medium,Identity & Access Team,Resolved,Laptop,10.9,2,EMP2047,0.454,Met
TKT13182,2024-03-05,,OK,IT,Delhi,NETWORK,High,Network Support,Open,Server,0,,EMP1869,0,Met
TKT16235,2025-01-03,2025-01-04,OK,Operations,Mumbai,Network,Medium,Network Support,Closed,desktop,24.7,1,EMP1152,1.029,Missed
TKT13923,2025-05-25,2025-05-25,OK,Finance,Mumbai,Network,Medium,Network Support,Resolved,Server,13.4,4,EMP1703,0.558,Met
TKT11596,2024-03-27,2024-03-27,OK,Finance,Chennai,Email,Medium,Email & Messaging Team,Resolved,Tablet,10.1,4,EMP1323,0.421,Met
TKT11721,2025-01-09,2025-01-09,OK,Operations,Mumbai,Network,High,Software Support,Resolved,Desktop,4.9,4,EMP2369,0.204,Met
TKT15038,2025-06-07,2025-06-06,ERROR,Sales,Delhi,Access,Medium,NA,Closed,Mobile,0,4,EMP1459,0,Met
TKT10790,2024-06-19,,OK,Operations,Pune,Printer,Low,Hardware Support,In Progress,Printer,0,,EMP1163,0,Met
TKT15124,2024-08-10,2024-08-10,OK,Marketing,Hyderabad,Network,HIGH,Network Support,Closed,Mobile,0,,EMP2192,0,Met
TKT10496,2024-09-17,2024-09-17,OK,Sales,Mumbai,Software,Medium,Software Support,Resolved,Laptop,8.3,4,EMP1138,0.346,Met
TKT14845,2024-04-15,2024-04-15,OK,Finance,Bangalore,Access,Critical,Identity & Access Team,Resolved,Laptop,1.4,4,EMP1286,0.058,Met
TKT12225,2025-04-26,2025-04-26,OK,Sales,Delhi,Network,Medium,Network Support,Resolved,Desktop,13.8,4,EMP2208,0.575,Met
TKT10502,2024-07-25,2024-07-25,OK,Sales,Chennai,Hardware,Medium,Hardware Support,Closed,Desktop,2.9,1,EMP1189,0.121,Met
TKT15327,2024-03-24,,OK,Marketing,Chennai,Network,Medium,Network Support,Open,Desktop,0,,EMP1906,0,Met
TKT12984,2025-01-22,2025-01-22,OK,Sales,Bangalore,Network,High,Network Support,Resolved,mobile,10.9,4,EMP1090,0.454,Missed
TKT10831,2025-02-20,,OK,Sales,Hyderabad,Email,Low,Email & Messaging Team,Open,Laptop,0,,EMP1640,0,Met
TKT14162,2024-10-13,2024-10-17,OK,Operations,Mumbai,Software,Low,Software Support,Closed,Tablet,96.5,,EMP2001,4.021,Missed
TKT10305,2024-04-09,2024-04-09,OK,HR,Pune,Software,High,Software Support,Resolved,TABLET,19.1,5,EMP1175,0.796,Missed
TKT11269,2024-05-12,2024-05-13,OK,Finance,Mumbai,Network,Medium,Network Support,Resolved,Mobile,46.6,5,EMP2084,1.942,Missed
TKT13585,2024-01-28,2024-01-29,OK,Operations,Chennai,Email,Low,Email & Messaging Team,Resolved,Tablet,29.4,3,EMP1861,1.225,Met
TKT15934,2025-01-08,2025-01-08,OK,Finance,Pune,Hardware,High,Hardware Support,Resolved,Desktop,3.2,4,EMP1161,0.133,Met
TKT11685,2025-06-02,2025-06-02,OK,Operations,Bangalore,Network,High,Network Support,Resolved,Desktop,6.4,5,EMP2252,0.267,Met
TKT14305,2024-01-04,2024-01-06,OK,Sales,Bangalore,network,Medium,Network Support,Resolved,Laptop,52.3,3,EMP2045,2.179,Missed
TKT12239,2024-05-27,2024-05-27,OK,Admin,Hyderabad,Access,Critical,Identity & Access Team,Resolved,laptop,9.1,,EMP1249,0.379,Missed
TKT10858,2024-10-11,2024-10-11,OK,Operations,Bangalore,Network,Critical,Network Support,Resolved,Laptop,3.5,5,EMP1272,0.146,Met
TKT12392,2024-06-09,,OK,HR,Mumbai,Software,Medium,Software Support,In Progress,Laptop,0,,EMP2360,0,Met
TKT16523,2024-04-01,2024-04-01,OK,Operations,Hyderabad,Network,Medium,Network Support,Resolved,Desktop,22.7,5,EMP1348,0.946,Met
TKT10953,2025-05-10,,OK,Sales,Pune,Hardware,Medium,Hardware Support,In Progress,Server,0,,EMP1230,0,Met
TKT16432,2024-04-10,2024-04-10,OK,Legal,Pune,Software,Low,Software Support,Resolved,Tablet,6.1,4,EMP2009,0.254,Met
TKT13669,2024-04-29,2024-04-29,OK,Finance,Mumbai,Software,Medium,Software Support,Resolved,Desktop,14.6,4,EMP1831,0.608,Met
TKT13915,2024-04-18,2024-04-18,OK,Operations,Pune,Software,Critical,Software Support,Resolved,Laptop,1.6,5,EMP1880,0.067,Met
TKT13984,2024-09-25,2024-09-25,OK,HR,Mumbai,Software,Critical,Software Support,Resolved,Desktop,6,5,EMP2275,0.25,Missed
TKT12669,2024-10-27,2024-10-29,OK,Sales,Delhi,Access,Low,Identity & Access Team,Resolved,Laptop,50.3,4,EMP1564,2.096,Missed
TKT12246,2025-05-26,2025-05-26,OK,Sales,Chennai,NETWORK,CRITICAL,Network Support,Resolved,Laptop,2.9,2,EMP1617,0.121,Met
TKT15325,2024-05-09,2024-05-09,OK,Operations,Pune,Access,Critical,Identity & Access Team,Closed,Desktop,0.8,,EMP1696,0.033,Met
TKT15945,2025-01-27,2025-01-27,OK,Operations,Bangalore,Network,Medium,Email & Messaging Team,Closed,Desktop,0,4,EMP1304,0,Met
TKT11031,2024-05-14,2024-05-14,OK,Admin,Delhi,Hardware,High,Hardware Support,Resolved,Server,7,2,EMP1406,0.292,Met
TKT12102,2025-01-19,2025-01-19,OK,Operations,Chennai,Printer,High,Hardware Support,Resolved,Printer,3.1,5,EMP1005,0.129,Met
TKT15332,2024-10-03,2024-10-06,OK,Sales,Chennai,Network,Low,Network Support,Resolved,Mobile,73.2,5,EMP1392,3.05,Missed
TKT16299,2025-01-19,2025-01-19,OK,Finance,Chennai,Access,Medium,Identity & Access Team,Resolved,desktop,0.9,,EMP1184,0.038,Met
TKT12027,2025-03-31,2025-03-31,OK,Marketing,Pune,Hardware,High,Hardware Support,Resolved,Desktop,3.6,3,EMP1630,0.15,Met
TKT15897,2024-07-28,2024-07-28,OK,Finance,Delhi,Software,Medium,Software Support,Resolved,Desktop,17.5,3,EMP2190,0.729,Met
TKT10643,2025-01-11,2025-01-11,OK,IT,Chennai,Network,Medium,Network Support,Resolved,Desktop,16.5,,EMP1348,0.688,Met
TKT16133,2025-05-17,2025-05-14,ERROR,HR,Pune,Network,High,NA,Resolved,Laptop,14.9,,EMP1569,0.621,Missed
TKT16539,2025-03-31,2025-03-31,OK,IT,Hyderabad,Network,Medium,Network Support,Closed,Mobile,12.3,3,EMP1426,0.513,Met
TKT15658,2024-11-30,2024-11-30,OK,Sales,Pune,Access,High,Identity & Access Team,Resolved,Mobile,10.5,,EMP1728,0.438,Missed
TKT12672,2024-02-02,,OK,HR,Pune,Hardware,High,Hardware Support,In Progress,laptop,0,,EMP1312,0,Met
TKT11139,2024-02-17,,OK,Finance,Mumbai,Hardware,Medium,Hardware Support,Open,Desktop,0,,EMP2350,0,Met
TKT13150,2024-10-24,2024-10-24,OK,Marketing,Pune,Hardware,Medium,Hardware Support,Resolved,Desktop,1.6,5,EMP1225,0.067,Met
TKT13069,2025-03-06,2025-03-06,OK,Sales,Pune,Printer,Medium,Hardware Support,Resolved,Printer,16.2,5,EMP1073,0.675,Met
TKT10532,2025-04-20,2025-04-20,OK,Marketing,Pune,Access,High,Identity & Access Team,Resolved,Laptop,13.7,4,EMP1816,0.571,Missed
TKT12323,2024-05-08,2024-05-08,OK,Marketing,Chennai,Network,High,Network Support,Resolved,LAPTOP,2.8,3,EMP2060,0.117,Met
TKT10612,2025-04-22,2025-04-22,OK,Operations,Pune,Software,High,Software Support,Closed,Tablet,7.7,4,EMP1413,0.321,Met
TKT13427,2025-03-11,2025-03-11,OK,Sales,Delhi,Software,Medium,Software Support,Resolved,Laptop,13.3,3,EMP1459,0.554,Met
TKT15152,2025-04-21,2025-04-22,OK,Operations,Hyderabad,Email,Low,Email & Messaging Team,Resolved,Mobile,41.9,2,EMP2114,1.746,Met
TKT11774,2024-05-31,,OK,Finance,Pune,Hardware,Medium,Hardware Support,In Progress,DESKTOP,0,,EMP2251,0,Met
TKT14692,2024-11-21,2024-11-21,OK,Marketing,Pune,Access,High,Identity & Access Team,Closed,Mobile,2.8,,EMP1639,0.117,Met
TKT12855,2024-11-03,2024-11-03,OK,Finance,Hyderabad,Hardware,Medium,Hardware Support,Resolved,Desktop,13.7,,EMP1141,0.571,Met
TKT16891,2025-05-04,2025-05-05,OK,HR,Mumbai,Email, Low,Identity & Access Team,Resolved,Mobile,29.4,2,EMP1549,1.225,Unknown Priority:  Low
TKT13413,2025-02-07,2025-02-07,OK,Operations,Mumbai,Software,Medium,Software Support,Resolved,Desktop,1.6,,EMP2345,0.067,Met
TKT12867,2024-04-27,2024-04-27,OK,Marketing,Mumbai,Hardware,High,Hardware Support,Resolved,Laptop,2.8,,EMP2179,0.117,Met
TKT11174,2024-11-03,2024-11-04,OK,Admin,Mumbai,Email,low,Email & Messaging Team,Resolved,Tablet,47,5,EMP1000,1.958,Met
TKT10373,2024-03-05,2024-03-06,OK,Sales,Mumbai,Hardware,Medium,Hardware Support,Resolved,Laptop,40,5,EMP2199,1.667,Missed
TKT11729,2025-04-13,2025-04-13,OK,IT,Mumbai,Access,Critical,Identity & Access Team,Resolved,Laptop,3.8,5,EMP1462,0.158,Met
TKT13235,2024-06-18,2024-06-18,OK,HR,Chennai,Hardware,Critical,Hardware Support,Resolved,Laptop,1.1,5,EMP1138,0.046,Met
TKT16667,2025-05-25,2025-05-25,OK,IT,Bangalore,Network,Medium,Network Support,Resolved,Laptop,4.4,4,EMP1742,0.183,Met
TKT11403,2024-02-12,2024-02-13,OK,Admin,Chennai,Software,MEDIUM,Software Support,Resolved,desktop,47.2,1,EMP1074,1.967,Missed
TKT16840,2024-09-12,2024-09-12,OK,Marketing,Pune,Hardware,High,Hardware Support,Resolved,Desktop,5.8,5,EMP2249,0.242,Met
TKT15318,2025-04-16,2025-04-16,OK,Admin,Bangalore,Access,Medium,Identity & Access Team,Resolved,Laptop,17.2,4,EMP1641,0.717,Met
TKT16053,2025-01-07,,OK,Marketing,Pune,Printer,Medium,Hardware Support,Open,Printer,0,,EMP1501,0,Met
TKT10346,2024-03-17,,OK,Admin,Pune,Software,High,Software Support,In Progress,DESKTOP,0,,EMP2006,0,Met
TKT15765,2024-07-25,2024-07-26,OK,Sales,Pune,Network,Low,Network Support,Resolved,Server,33.3,3,EMP1386,1.388,Met
TKT15774,2024-10-17,2024-10-17,OK,HR ,Bangalore,Printer,High,Hardware Support,Resolved,Printer,5.2,4,EMP1267,0.217,Met
TKT10114,2025-05-13,2025-05-13,OK,Sales,Mumbai,Access,High,Identity & Access Team,Resolved,Desktop,9,1,EMP2079,0.375,Missed
TKT16259,2025-06-13,2025-06-13,OK,Admin,Delhi,Software,Critical,Software Support,Resolved,Desktop,5.1,5,EMP1599,0.213,Missed
TKT11543,2024-04-04,2024-04-04,OK,Finance,Chennai,Network,Medium,Network Support,Resolved,Laptop,5.5,1,EMP1120,0.229,Met
TKT10426,2025-04-29,2025-04-29,OK,IT,Delhi,Access,HIGH,Identity & Access Team,Resolved,Laptop,3.4,5,EMP2123,0.142,Met
TKT12267,2024-01-22,2024-01-21,ERROR,IT,Mumbai,Hardware,Medium,Hardware Support,Resolved,Server,7.7,3,EMP2115,0.321,Met
TKT14695,2025-06-07,2025-06-07,OK,Legal,Delhi,Hardware,Medium,Software Support,Resolved,Server,8.8,5,EMP1592,0.367,Met
TKT14295,2025-04-27,2025-04-27,OK,Sales,Pune,Hardware,High,Hardware Support,Resolved,Desktop,9.4,5,EMP1197,0.392,Missed
TKT15701,2024-04-11,2024-04-11,OK,HR,Delhi,Software,Low,Software Support,Resolved,Desktop,10.8,5,EMP2155,0.45,Met
TKT15873,2024-07-13,,OK,IT,Bangalore,Software,Low,NA,In Progress,Laptop,0,,EMP1446,0,Met
TKT13948,2024-02-24,2024-02-24,OK,Legal,Bangalore,Access,Medium,Identity & Access Team,Resolved,Desktop,14.7,3,EMP2330,0.613,Met
TKT14777,2024-01-11,2024-01-11,OK,Sales,Pune,Hardware,High,Hardware Support,Resolved,Server,11.6,,EMP1239,0.483,Missed
TKT14518,2024-01-01,2024-01-02,OK,Operations,Delhi,Software,Low,Software Support,Resolved,Laptop,37.2,5,EMP2193,1.55,Met
TKT12686,2024-01-05,2024-01-05,OK,Legal,Mumbai,Email,Critical,Email & Messaging Team,Closed,Tablet,3.6,5,EMP1147,0.15,Met
TKT13666,2024-01-13,2024-01-14,OK,Admin,Delhi,Access,Medium,Identity & Access Team,Resolved,Laptop,25.7,4,EMP1601,1.071,Missed
TKT16944,2024-12-10,,OK,Sales,Hyderabad,Email,Medium,Email & Messaging Team,Open,Tablet,0,,EMP1613,0,Met
TKT13958,2025-01-22,2025-01-22,OK,IT,Mumbai,Network,High,Identity & Access Team,Resolved,Server,15.7,4,EMP1622,0.654,Missed
TKT11257,2025-05-22,2025-05-24,OK,HR,Delhi,Hardware,Medium,Hardware Support,Closed,Laptop,68.3,4,EMP2239,2.846,Missed
TKT13459,2024-01-14,2024-01-14,OK,IT,Chennai,Access,Medium,Identity & Access Team,Closed,Mobile,12.9,5,EMP1083,0.538,Met
TKT16219,2024-11-13,2024-11-14,OK,Operations,Delhi,Network,medium,Network Support,Resolved,Desktop,32.4,3,EMP1500,1.35,Missed
TKT15373,2025-05-30,,OK,Finance,Chennai,Network,Medium,Network Support,In Progress,Server,0,,EMP2009,0,Met
TKT10866,2024-01-10,2024-01-10,OK,Finance,Mumbai,Network,High,Network Support,Closed,Laptop,6.5,5,EMP1217,0.271,Met
TKT13699,2024-03-18,2024-03-19,OK,HR,Delhi,Email,Medium,Email & Messaging Team,Resolved,Desktop,29,5,EMP1812,1.208,Missed
TKT10994,2024-05-05,2024-05-05,OK,Finance,Mumbai,Access,high,Identity & Access Team,Resolved,Mobile,10.9,3,EMP2344,0.454,Missed
TKT13025,2025-01-23,2025-01-23,OK,Sales,Hyderabad,Software,High,Software Support,Resolved,Laptop,6.4,,EMP1620,0.267,Met
TKT14507,2025-02-05,2025-02-05,OK,Finance,Mumbai,Hardware,Medium,Hardware Support,Resolved,Laptop,12.8,5,EMP1402,0.533,Met
TKT11014,2025-02-23,2025-02-24,OK,Admin,Mumbai,Hardware,Low,Hardware Support,Closed,Desktop,39.2,4,EMP1741,1.633,Met
TKT16016,2024-03-30,2024-03-30,OK,Unknown,Bangalore,network,Low,Hardware Support,Resolved,Desktop,16.2,3,EMP1409,0.675,Met
TKT16430,2024-10-25,2024-10-26,OK,Finance,Mumbai,Access,Low,Identity & Access Team,Resolved,Mobile,34.4,4,EMP2289,1.433,Met
TKT13578,2025-05-15,,OK,Finance,Mumbai,Software,High,Software Support,Open,Tablet,0,,EMP1789,0,Met
TKT12565,2025-01-26,2025-01-26,OK,IT,Mumbai,network,Medium,Network Support,Resolved,Server,0.5,5,EMP1921,0.021,Met
TKT14401,2024-07-23,2024-07-24,OK,Operations,Bangalore,Network,Medium,Network Support,Resolved,Server,37.4,5,EMP2246,1.558,Missed
TKT16145,2025-03-06,2025-03-06,OK,Admin,Pune,Email,Low,Email & Messaging Team,Resolved,Laptop,11.9,4,EMP1516,0.496,Met
TKT14733,2024-11-20,2024-11-20,OK,Sales,Chennai,Printer,MEDIUM,Hardware Support,Resolved,PRINTER,14.5,4,EMP1421,0.604,Met
TKT15776,2025-05-29,2025-05-29,OK,Sales,Bangalore,Network,Medium,Network Support,Resolved,Server,16.7,4,EMP2346,0.696,Met
TKT13298,2024-12-04,2024-12-04,OK,Legal,Chennai,Hardware,High,Hardware Support,Resolved,Laptop,6.7,3,EMP2032,0.279,Met
TKT16230,2024-09-29,,OK,Finance,Pune,Hardware,Low,Hardware Support,In Progress,Laptop,0,,EMP1845,0,Met
TKT13488,2025-06-26,2025-06-26,OK,Sales,Mumbai,Network,Low,Network Support,Resolved,Server,23.5,5,EMP1489,0.979,Met
TKT10911,2024-05-07,,OK,IT,Bangalore,Network,Medium,Network Support,In Progress,Desktop,0,,EMP1718,0,Met
TKT11792,2025-03-27,2025-03-27,OK,Marketing,Chennai,Printer,Critical,Hardware Support,Resolved,Printer,2.3,4,EMP1315,0.096,Met
TKT14387,2024-10-07,2024-10-07,OK,Admin,Mumbai,Hardware,Critical,Hardware Support,Resolved,Laptop,2.1,,EMP1432,0.088,Met
TKT12312,2024-02-06,2024-02-07,OK,Operations,Chennai,Software,Medium,Software Support,Closed,Tablet,40,2,EMP1585,1.667,Missed
TKT10571,2024-08-18,2024-08-18,OK,Admin,Mumbai,Network,Medium,Network Support,Closed,Desktop,12.9,3,EMP1656,0.538,Met
TKT13910,2024-05-18,,OK,Sales,Hyderabad,NETWORK,Medium,Network Support,Open,Desktop,0,,EMP1415,0,Met
TKT15092,2024-01-14,2024-01-14,OK,Finance,Pune,Hardware,Low,Hardware Support,Resolved,Laptop,9.9,5,EMP2036,0.413,Met
TKT10300,2024-04-05,2024-04-05,OK,Finance,Mumbai,Network,High,Network Support,Closed,Desktop,16.5,4,EMP1692,0.688,Missed
TKT15975,2024-11-25,2024-11-26,OK,Operations,Mumbai,NETWORK,Low,Network Support,Resolved,Desktop,44.2,5,EMP1829,1.842,Met
TKT13027,2024-05-24,2024-05-24,OK,Sales,Pune,Printer,High,Hardware Support,Resolved,Printer,12.9,3,EMP1834,0.538,Missed
TKT16348,2024-10-17,,OK,HR,Mumbai,Access,Medium,Identity & Access Team,In Progress,Laptop,0,,EMP2250,0,Met
TKT10727,2024-07-17,2024-07-17,OK,Operations,Bangalore,Hardware,HIGH,Hardware Support,Closed,Server,2,4,EMP2173,0.083,Met
TKT10222,2024-03-27,2024-04-02,OK,Marketing,Bangalore,Access,Low,Identity & Access Team,Resolved,Desktop,146.2,,EMP2145,6.092,Missed
TKT12285,2024-04-16,2024-04-16,OK,IT,Pune,Access,medium,Network Support,Resolved,Laptop,23.8,5,EMP1164,0.992,Met
TKT11651,2025-01-21,2025-01-21,OK,Finance,Delhi,Access,MEDIUM,Identity & Access Team,Resolved,Desktop,6.2,4,EMP2094,0.258,Met
TKT10093,2025-04-24,2025-04-24,OK,HR,Hyderabad,Printer,Low,Hardware Support,Closed,Printer,17.7,5,EMP1154,0.738,Met
TKT14060,2024-06-23,2024-06-23,OK,Operations,Delhi,Network,High,Network Support,Resolved,Server,6.1,3,EMP1051,0.254,Met
TKT13174,2024-12-09,,OK,HR,Chennai,Printer,High,Hardware Support,Open,Printer,0,,EMP1062,0,Met
TKT14268,2024-07-09,2024-07-09,OK,Operations,Pune,Software,Critical,Software Support,Resolved,Tablet,2.1,,EMP1328,0.088,Met
TKT14813,2025-02-21,2025-02-21,OK,Unknown,Chennai,Access,Medium,Identity & Access Team,Resolved,Mobile,13.2,3,EMP2141,0.55,Met
TKT10575,2025-03-30,2025-04-01,OK,Admin,Pune,Hardware,Medium,Hardware Support,Resolved,Desktop,51.1,3,EMP2320,2.129,Missed
TKT11757,2025-05-10,2025-05-12,OK,Marketing,Mumbai,Software,Medium,Software Support,Resolved,Laptop,48.5,4,EMP1473,2.021,Missed
TKT16903,2025-01-14,2025-01-15,OK,Marketing,Delhi,Network,Low,Network Support,Resolved,Laptop,39,4,EMP1409,1.625,Met
TKT12777,2025-03-05,2025-03-05,OK,Admin,Pune,Printer,Medium,Hardware Support,Resolved,Printer,20.7,4,EMP1748,0.863,Met
TKT14771,2024-06-13,,OK,Finance,Delhi,Access,Medium,Identity & Access Team,In Progress,Mobile,0,,EMP1548,0,Met
TKT16251,2025-03-12,2025-03-12,OK,HR ,Bangalore,Network,Medium,Network Support,Resolved,Laptop,20.1,5,EMP1924,0.838,Met
TKT11400,2024-03-29,2024-03-29,OK,Finance,Chennai,Hardware,Medium,Hardware Support,Closed,Desktop,6.1,4,EMP1129,0.254,Met
TKT10668,2024-07-14,2024-07-14,OK,Sales,Delhi,Access,Medium,Identity & Access Team,Resolved,Laptop,6.9,5,EMP1229,0.288,Met
TKT15825,2024-12-21,2024-12-21,OK,IT,Hyderabad,NETWORK,High,Network Support,Resolved,Laptop,4.9,3,EMP2366,0.204,Met
TKT11595,2024-02-17,2024-02-18,OK,Admin,Mumbai,Printer,Medium,Hardware Support,Resolved,Printer,24.4,4,EMP1857,1.017,Missed
TKT13826,2025-05-05,2025-05-05,OK,Operations,Hyderabad,Email,Medium,Email & Messaging Team,Resolved,Desktop,7.2,4,EMP1494,0.3,Met
TKT15948,2024-07-07,2024-07-11,OK,Finance,Pune,Software,Medium,Software Support,Resolved,Tablet,100.8,,EMP1574,4.2,Missed
TKT15698,2025-04-04,2025-04-04,OK,Operations,Pune,Network,High,Email & Messaging Team,Resolved,Mobile,9.4,5,EMP2086,0.392,Missed
TKT12249,2025-01-07,2025-01-07,OK,HR ,Mumbai,Access,Medium,Identity & Access Team,Resolved,Laptop,20.8,5,EMP1579,0.867,Met
TKT12833,2025-03-09,2025-03-09,OK,Marketing,Mumbai,Software,Low,Software Support,Resolved,Laptop,20.7,4,EMP1331,0.863,Met
TKT11421,2024-03-03,2024-03-03,OK,Operations,Bangalore,Printer,Medium,Hardware Support,Resolved,Printer,1.6,4,EMP1122,0.067,Met
TKT13778,2024-01-09,,OK,Finance,Pune,Access,High,Identity & Access Team,Open,Laptop,0,,EMP1440,0,Met
TKT16945,2024-04-15,2024-04-15,OK,Marketing,Pune,Software,Low,Software Support,Resolved,LAPTOP,15,,EMP1378,0.625,Met
TKT13326,2024-11-27,2024-11-27,OK,Admin,Delhi,Access,Medium,Identity & Access Team,Resolved,Desktop,21.7,3,EMP1854,0.904,Met
TKT16827,2025-06-19,2025-06-19,OK,Admin,Hyderabad,Software,Medium,Software Support,Resolved,Laptop,13.4,5,EMP1832,0.558,Met
TKT13851,2025-06-08,2025-06-08,OK,Sales,Delhi,Email,Critical,Email & Messaging Team,Resolved,Desktop,5.9,5,EMP2347,0.246,Missed
TKT10430,2024-01-01,2024-01-01,OK,Sales,Mumbai,network,High,Network Support,Resolved,DESKTOP,2.8,5,EMP2071,0.117,Met
TKT14194,2024-04-21,2024-04-21,OK,Operations,Mumbai,Hardware,Low,Hardware Support,Closed,Server,6.6,3,EMP1066,0.275,Met
TKT14584,2025-05-13,,OK,Finance,Mumbai,Network,High,Network Support,In Progress,Server,0,,EMP2262,0,Met
TKT16561,2025-06-08,,OK,Legal,Pune,Network,Medium,Network Support,In Progress,Mobile,0,,EMP2397,0,Met
TKT15088,2024-06-09,2024-06-09,OK,IT,Pune,Software,Medium,Software Support,Resolved,Laptop,1.6,,EMP2003,0.067,Met
TKT14411,2025-01-12,2025-01-12,OK,HR,Hyderabad,network,Medium,Network Support,Resolved,Mobile,9.1,,EMP2281,0.379,Met
TKT13889,2025-05-26,2025-05-26,OK,Operations,Bangalore,Hardware,Medium,Hardware Support,Resolved,Desktop,17.6,1,EMP2335,0.733,Met
TKT13834,2025-06-25,2025-06-26,OK,Operations,Mumbai,Access,Medium,Hardware Support,Resolved,Desktop,42.2,4,EMP1204,1.758,Missed
TKT15016,2024-07-21,2024-07-21,OK,Operations,Bangalore,Hardware,Medium,Hardware Support,Resolved,Desktop,16.1,3,EMP2292,0.671,Met
TKT15929,2024-10-24,2024-10-24,OK,Marketing,Pune,Access,High,Identity & Access Team,Resolved,Laptop,3.9,5,EMP1680,0.163,Met
TKT11236,2025-06-26,2025-06-26,OK,Sales,Bangalore,Printer,medium,Hardware Support,Resolved,Printer,16.3,5,EMP1421,0.679,Met
TKT10901,2025-03-14,2025-03-15,OK,Operations,Chennai,Software,Medium,Software Support,Resolved,Laptop,44.9,,EMP1700,1.871,Missed
TKT15565,2025-05-26,2025-05-27,OK,Sales,Hyderabad,Network,Low,Network Support,Closed,Server,37.9,,EMP1422,1.579,Met
TKT16266,2024-10-04,2024-10-04,OK,Sales,Hyderabad,Hardware,Critical,Hardware Support,Resolved,Desktop,2.3,4,EMP1131,0.096,Met
TKT11052,2024-10-04,,OK,Sales,Delhi,Software,medium,Software Support,Open,desktop,0,,EMP2070,0,Met
TKT16584,2024-04-25,2024-04-26,OK,HR,Pune,Network,Low,Network Support,Resolved,Mobile,32.7,3,EMP1932,1.363,Met
TKT12031,2024-08-28,2024-08-29,OK,IT,Chennai,Software,Low,Software Support,Closed,Desktop,29.5,4,EMP1657,1.229,Met
TKT12234,2024-03-24,2024-03-24,OK,Marketing,Pune,Access,High,Identity & Access Team,Resolved,Mobile,16.7,3,EMP1398,0.696,Missed
TKT15780,2025-04-27,2025-04-27,OK,Marketing,Bangalore,Network,Medium,Network Support,Resolved,Server,17.7,2,EMP1329,0.738,Met
TKT10734,2024-10-17,2024-10-18,OK,IT,Pune,Software,Medium,Software Support,Resolved,Laptop,40.6,3,EMP1356,1.692,Missed
TKT12291,2024-03-15,2024-03-16,OK,Unknown,Bangalore,Software,Low,Software Support,Closed,Laptop,0,4,EMP1424,0,Met
TKT15711,2024-10-24,2024-10-25,OK,Sales,Mumbai,Hardware,Medium,Hardware Support,Resolved,Desktop,27.4,2,EMP1049,1.142,Missed
TKT11428,2025-04-28,2025-04-28,OK,Marketing,Delhi,Access,Low,Identity & Access Team,Resolved,Desktop,8.1,3,EMP2279,0.338,Met
TKT13600,2024-08-06,2024-08-06,OK,Sales,Mumbai,Software,low,Software Support,Resolved,TABLET,20.3,4,EMP2012,0.846,Met
TKT16222,2024-04-13,2024-04-13,OK,Sales,Mumbai,Hardware,Critical,Hardware Support,Resolved,Laptop,8,4,EMP2091,0.333,Missed
TKT13389,2024-08-27,,OK,Legal,Pune,Hardware,Medium,Hardware Support,Open,Desktop,0,,EMP1658,0,Met
TKT12169,2024-06-20,2024-06-20,OK,Marketing,Bangalore,Hardware,Medium,Hardware Support,Resolved,Server,0,3,EMP1829,0,Met
TKT11785,2024-08-12,2024-08-12,OK,Finance,Mumbai,Software,High,Software Support,Resolved,Laptop,6.9,4,EMP1404,0.288,Met
TKT10652,2024-02-25,2024-02-26,OK,Operations,Pune,Email,Medium,Email & Messaging Team,Resolved,Laptop,33.1,4,EMP1470,1.379,Missed
TKT16404,2024-06-15,2024-06-15,OK,Marketing,Bangalore,Access,Medium,Identity & Access Team,Resolved,Desktop,0.9,5,EMP1699,0.038,Met
TKT11748,2024-12-11,2024-12-12,OK,Marketing,Pune,Access,Medium,Identity & Access Team,Closed,Laptop,25.3,1,EMP1432,1.054,Missed
TKT14774,2024-06-13,2024-06-14,OK,Operations,Bangalore,Access,Medium,Identity & Access Team,Resolved,Desktop,31.5,4,EMP1289,1.313,Missed
TKT15842,2024-04-01,,OK,Sales,Bangalore,Network,High,Network Support,Open,Mobile,0,,EMP1665,0,Met
TKT15811,2024-11-27,2024-11-29,OK,HR,Mumbai,NETWORK,Low,Network Support,Closed,Mobile,49.9,5,EMP1835,2.079,Missed
TKT16139,2024-05-26,2024-05-26,OK,Operations,Chennai,Access,Medium,Identity & Access Team,Closed,Laptop,6.7,5,EMP1591,0.279,Met
TKT14542,2025-06-04,2025-06-04,OK,Admin,Pune,Access,High,Identity & Access Team,Resolved,Mobile,7.4,3,EMP1138,0.308,Met
TKT15706,2025-06-22,2025-06-22,OK,Finance,Chennai,Network,Low,Network Support,Resolved,Laptop,3.5,5,EMP1880,0.146,Met
TKT16889,2024-10-25,2024-10-25,OK,Sales,Pune,Access,Medium,Identity & Access Team,Closed,Mobile,19.7,2,EMP1983,0.821,Met
TKT16522,2024-09-02,2024-09-02,OK,Marketing,Bangalore,Access,High,Identity & Access Team,Resolved,Desktop,10.6,5,EMP1818,0.442,Missed
TKT10569,2024-12-09,2024-12-10,OK,IT,Hyderabad,Software,Medium,Software Support,Resolved,Laptop,28.6,5,EMP1112,1.192,Missed
TKT12872,2024-04-25,2024-04-25,OK,Finance,Pune,Access,High,Identity & Access Team,Resolved,Desktop,1.8,5,EMP1638,0.075,Met
TKT16397,2024-05-20,2024-05-20,OK,Finance,Pune,Access,Medium,Identity & Access Team,Resolved,Mobile,11.3,4,EMP2170,0.471,Met
TKT15908,2025-05-22,2025-05-22,OK,Marketing,Bangalore,Printer,High,Hardware Support,Resolved,Printer,17,3,EMP2335,0.708,Missed
TKT10129,2025-05-12,2025-05-13,OK,Marketing,Bangalore,Hardware,Medium,Hardware Support,Resolved,Laptop,28.3,3,EMP1393,1.179,Missed
TKT13011,2024-09-13,2024-09-15,OK,Finance,Pune,Access,Low,Identity & Access Team,Closed,Desktop,61.3,1,EMP1942,2.554,Missed
TKT14914,2025-04-30,2025-04-30,OK,Legal,Delhi,Hardware,High,Hardware Support,Closed,Server,6.6,,EMP1476,0.275,Met
TKT16057,2025-05-17,2025-05-17,OK,Sales,Chennai,Email,MEDIUM,Email & Messaging Team,Closed,Desktop,6.6,2,EMP1722,0.275,Met
TKT16364,2024-12-09,,OK,IT,Delhi,Access,Critical,Identity & Access Team,Open,Desktop,0,,EMP1471,0,Met
TKT13959,2025-05-03,2025-05-04,OK,Marketing,Delhi,Printer,Medium,Hardware Support,Closed,Printer,41.9,,EMP1982,1.746,Missed
TKT15486,2024-04-26,2024-04-26,OK,Finance,Delhi,Access,Critical,Identity & Access Team,Closed,Mobile,0.9,3,EMP2130,0.038,Met
TKT16940,2024-07-12,2024-07-12,OK,IT,Mumbai,Access, Medium,Identity & Access Team,Resolved,Laptop,21,,EMP1784,0.875,Unknown Priority:  Medium
TKT12945,2025-03-01,2025-03-01,OK,Finance,Chennai,Network,Medium,Network Support,Resolved,Desktop,0,2,EMP2354,0,Met
TKT15590,2024-05-12,2024-05-13,OK,Sales,Chennai,Email,Medium,Email & Messaging Team,Resolved,Desktop,32.1,4,EMP1067,1.338,Missed
TKT15138,2024-03-20,,OK,HR,Bangalore,Network,Low,Network Support,In Progress,laptop,0,,EMP1960,0,Met
TKT15810,2024-08-12,2024-08-12,OK,Admin,Pune,Access,Medium,Identity & Access Team,Resolved,Desktop,23.5,,EMP1671,0.979,Met
TKT11466,2024-01-28,2024-01-28,OK,Legal,Delhi,Access,Medium,Identity & Access Team,Resolved,Laptop,5.7,4,EMP1060,0.238,Met
TKT12928,2025-04-23,2025-04-23,OK,HR,Pune,Access,High,Identity & Access Team,Closed,Mobile,2.2,4,EMP1417,0.092,Met
TKT14131,2025-06-09,2025-06-09,OK,Operations,Mumbai,Access,Medium,Identity & Access Team,Resolved,Laptop,13.7,5,EMP2264,0.571,Met
TKT15931,2024-09-06,2024-09-06,OK,Finance,Bangalore,Software,High,Software Support,Resolved,Laptop,10.6,5,EMP1456,0.442,Missed
TKT10397,2025-05-08,,OK,Marketing,Bangalore,Hardware,Critical,Hardware Support,In Progress,LAPTOP,0,,EMP1780,0,Met
TKT14321,2025-05-20,2025-05-20,OK,Legal,Delhi,Hardware,Critical,NA,Resolved,Desktop,1.9,5,EMP1582,0.079,Met
TKT13828,2025-03-10,2025-03-10,OK,Marketing,Chennai,Hardware,Medium,Network Support,Resolved,Desktop,16.9,3,EMP1908,0.704,Met
TKT10992,2024-01-11,2024-01-11,OK,Admin,Mumbai,Network,Medium,Network Support,Resolved,Desktop,9.8,5,EMP1465,0.408,Met
TKT11452,2025-06-22,,OK,Marketing,Bangalore,Access,Critical,Identity & Access Team,Open,Mobile,0,,EMP1378,0,Met
TKT15020,2024-01-01,2024-01-01,OK,Sales,Chennai,Network,Medium,NA,Closed,Mobile,13.8,4,EMP1889,0.575,Met
TKT13766,2024-11-25,2024-11-28,OK,Operations,Pune,Email,Low,Email & Messaging Team,Resolved,Desktop,82.7,5,EMP1971,3.446,Missed
TKT15511,2024-11-07,,OK,Sales,Bangalore,Software,Medium,Software Support,In Progress,Tablet,0,,EMP1573,0,Met
TKT11697,2025-04-18,2025-04-19,OK,HR,Pune,Access,Medium,Identity & Access Team,Resolved,Laptop,47,,EMP1948,1.958,Missed
TKT16363,2024-07-16,2024-07-16,OK,Marketing,Chennai,Printer,Medium,Hardware Support,Resolved,Printer,13.8,4,EMP1340,0.575,Met
TKT13613,2024-07-20,2024-07-23,OK,Sales,Delhi,Network,Low,Network Support,Resolved,Desktop,80.2,,EMP1792,3.342,Missed
TKT14993,2024-12-20,2024-12-20,OK,Sales,Mumbai,Network,High,Network Support,Resolved,Laptop,1,4,EMP2136,0.042,Met
TKT10664,2024-09-16,2024-09-16,OK,Unknown,Pune,network,High,Network Support,Resolved,Laptop,9.1,2,EMP1727,0.379,Missed
TKT11534,2024-10-13,2024-10-14,OK,Finance,Mumbai,Access,Medium,Identity & Access Team,Resolved,DESKTOP,41.3,,EMP1611,1.721,Missed
TKT10813,2024-06-25,2024-06-25,OK,HR,Delhi,Hardware,High,Hardware Support,Resolved,Desktop,6.9,5,EMP2336,0.288,Met
TKT13123,2025-01-06,2025-01-08,OK,Finance,Bangalore,Hardware,Low,Hardware Support,Resolved,Server,56.6,3,EMP2108,2.358,Missed
TKT11503,2024-02-24,2024-02-26,OK,HR,Mumbai,Software,low,Software Support,Resolved,Desktop,63.7,5,EMP1484,2.654,Missed
TKT12356,2025-01-24,2025-01-24,OK,IT,Delhi,Software,High,Software Support,Closed,tablet,8.6,5,EMP1606,0.358,Missed
TKT11233,2024-08-17,,OK,IT,Hyderabad,Software,Low,Software Support,In Progress,Tablet,0,,EMP1295,0,Met
TKT10572,2025-06-28,2025-06-28,OK,Operations,Mumbai,Network,High,Network Support,Resolved,Laptop,3.9,5,EMP2389,0.163,Met
TKT11392,2024-02-09,,OK,Marketing,Mumbai,Hardware,Medium,Hardware Support,In Progress,Desktop,0,,EMP1469,0,Met
TKT14576,2024-04-10,2024-04-10,OK,HR,Mumbai,Network,High,Network Support,Resolved,Laptop,4.8,4,EMP1296,0.2,Met
TKT14473,2024-06-28,2024-06-29,OK,Operations,Pune,Software,Medium,Software Support,Resolved,Tablet,25.4,4,EMP2292,1.058,Missed
TKT16962,2024-03-12,2024-03-12,OK,Finance,Delhi,Hardware,High,Hardware Support,Resolved,Server,4.3,5,EMP1158,0.179,Met
TKT11195,2025-02-28,2025-02-28,OK,Sales,Chennai,Network,High,Email & Messaging Team,Closed,Mobile,6.8,4,EMP2139,0.283,Met
TKT15033,2024-06-21,2024-06-21,OK,Finance,Pune,Access,Low,Identity & Access Team,Resolved,Laptop,18.9,4,EMP1240,0.788,Met
TKT10063,2025-06-30,2025-06-30,OK,Sales,Mumbai,Network,High,Network Support,Resolved,desktop,8.5,5,EMP1259,0.354,Missed
TKT14984,2024-10-20,2024-10-20,OK,HR,Pune,Access,Critical,Identity & Access Team,Resolved,Desktop,3.5,4,EMP1491,0.146,Met
TKT16949,2025-01-05,2025-01-06,OK,Operations,Hyderabad,Network,Medium,Network Support,Closed,Mobile,39.8,5,EMP2001,1.658,Missed
TKT10388,2024-06-27,2024-06-28,OK,IT,Delhi,Software,Low,Software Support,Resolved,Desktop,28.5,4,EMP1771,1.188,Met
TKT13803,2024-02-16,2024-02-16,OK,Operations,Bangalore,Email,Low,Email & Messaging Team,Resolved,Desktop,19.7,5,EMP1658,0.821,Met
TKT13756,2024-06-13,2024-06-15,OK,Legal,Bangalore,Access,Medium,Identity & Access Team,Closed,Laptop,58.7,2,EMP1429,2.446,Missed
TKT16416,2024-12-12,2024-12-13,OK,Legal,Pune,Access,Medium,Identity & Access Team,Resolved,Mobile,34.3,5,EMP1909,1.429,Missed
TKT11946,2024-07-09,2024-07-09,OK,HR,Pune,Email,High,Email & Messaging Team,Resolved,Mobile,1.4,,EMP1506,0.058,Met
TKT15969,2024-08-23,2024-08-24,OK,IT,Bangalore,Email,Medium,Email & Messaging Team,Resolved,Desktop,25.7,5,EMP1692,1.071,Missed
TKT10432,2024-08-13,2024-08-13,OK,Marketing,Pune,Email,Medium,Email & Messaging Team,Closed,Tablet,0,4,EMP1538,0,Met
TKT11725,2024-11-09,2024-11-07,ERROR,HR,Mumbai,Network,High,Network Support,Resolved,Laptop,18,4,EMP2040,0.75,Missed
TKT15129,2025-06-01,2025-06-07,OK,HR,Mumbai,Network,low,Hardware Support,Resolved,Mobile,155,3,EMP1137,6.458,Missed
TKT12763,2024-04-23,2024-04-24,OK,Sales,Mumbai,Printer,Medium,Hardware Support,Closed,Printer,32.5,4,EMP1327,1.354,Missed
TKT10447,2025-02-01,2025-02-01,OK,Finance,Hyderabad,Network,Critical,Network Support,Resolved,Desktop,15.4,4,EMP2347,0.642,Missed
TKT13246,2024-10-25,2024-10-25,OK,Finance,Mumbai,Hardware,Low,Hardware Support,Resolved,Laptop,21.7,4,EMP2386,0.904,Met
TKT16339,2024-11-11,2024-11-13,OK,HR,Chennai,Hardware,Low,Hardware Support,Resolved,Desktop,57.7,5,EMP2296,2.404,Missed
TKT12925,2024-12-26,2024-12-27,OK,HR,Mumbai,Hardware,Low,Hardware Support,Resolved,Laptop,31.4,3,EMP2159,1.308,Met
TKT14173,2024-08-28,2024-08-28,OK,Sales,Mumbai,Software,High,Network Support,Resolved,Laptop,15.6,,EMP1716,0.65,Missed
TKT12750,2024-01-09,2024-01-09,OK,Operations,Mumbai,Network,Medium,Network Support,Resolved,Desktop,11.7,3,EMP2321,0.488,Met
TKT15626,2024-11-09,,OK,Admin,Bangalore,Printer,Medium,Hardware Support,In Progress,printer,0,,EMP1000,0,Met
TKT11169,2024-05-09,,OK,Legal,Delhi,Hardware,Medium,Hardware Support,Open,Laptop,0,,EMP1193,0,Met
TKT16168,2024-10-06,2024-10-07,OK,Admin,Chennai,NETWORK,Low,Identity & Access Team,Resolved,Server,29.3,5,EMP1632,1.221,Met
TKT15194,2025-02-23,2025-02-26,OK,Sales,Bangalore,Hardware,Medium,Hardware Support,Closed,Desktop,95,3,EMP1590,3.958,Missed
TKT15141,2024-06-25,2024-06-26,OK,Operations,Bangalore,Hardware,medium,Network Support,Resolved,Desktop,40.6,,EMP1426,1.692,Missed
TKT15104,2024-01-24,,OK,Marketing,Bangalore,Software,High,Software Support,In Progress,Desktop,0,,EMP1001,0,Met
TKT16506,2024-10-20,2024-10-21,OK,Admin,Mumbai,Hardware,Medium,Hardware Support,Resolved,Server,28.6,4,EMP1972,1.192,Missed
TKT13595,2024-11-14,2024-11-14,OK,Operations,Delhi,Software,Medium,Software Support,Closed,Tablet,18.5,2,EMP1915,0.771,Met
TKT10508,2024-03-29,2024-03-29,OK,IT,Bangalore,Network,Medium,Network Support,Resolved,Laptop,8.4,5,EMP1873,0.35,Met
TKT10161,2024-05-27,2024-05-27,OK,Sales,Bangalore,Access,High,Identity & Access Team,Resolved,Desktop,3.8,,EMP1640,0.158,Met
TKT14949,2025-03-05,2025-03-05,OK,Marketing,Pune,Email,Medium,Email & Messaging Team,Resolved,Mobile,17.5,4,EMP1139,0.729,Met
TKT11868,2025-06-25,2025-06-25,OK,Marketing,Hyderabad,Software,high,Software Support,Closed,Desktop,0.6,,EMP1612,0.025,Met
TKT12475,2024-05-13,,OK,Admin,Mumbai,Software,Medium,NA,In Progress,Laptop,0,,EMP1842,0,Met
TKT16863,2024-07-07,2024-07-07,OK,Sales,Chennai,network,High,Network Support,Resolved,Server,1.5,2,EMP2231,0.063,Met
TKT13463,2024-04-16,2024-04-16,OK,Finance,Delhi,Access,Medium,Identity & Access Team,Resolved,Desktop,12.4,,EMP1177,0.517,Met
TKT10713,2024-03-20,2024-03-22,OK,Admin,Delhi,Hardware,Low,NA,Resolved,Desktop,57.3,5,EMP2103,2.388,Missed
TKT16209,2024-06-28,2024-06-28,OK,HR,Mumbai,Software, Low,Software Support,Resolved,Tablet,23.9,,EMP1782,0.996,Unknown Priority:  Low
TKT12026,2025-05-21,,OK,Operations,Bangalore,Email,High,Email & Messaging Team,Open,Laptop,0,,EMP2269,0,Met
TKT15282,2024-05-31,2024-06-01,OK,Operations,Chennai,Hardware,Low,Identity & Access Team,Resolved,Desktop,47,5,EMP2247,1.958,Met
TKT15620,2024-01-26,2024-01-28,OK,Operations,Hyderabad,Email,Low,Email & Messaging Team,Resolved,Desktop,59.2,3,EMP2083,2.467,Missed
TKT15958,2025-04-25,2025-04-25,OK,Sales,Bangalore,Network,High,Network Support,Resolved,Mobile,2.7,3,EMP2287,0.113,Met
TKT13544,2024-03-03,2024-03-03,OK,Operations,Pune,Software,Medium,Software Support,Resolved,Tablet,14.9,5,EMP1323,0.621,Met
TKT10829,2024-09-30,2024-09-30,OK,Marketing,Mumbai,Access,Medium,Identity & Access Team,Resolved,Laptop,23.8,,EMP1108,0.992,Met
TKT12056,2024-10-09,2024-10-09,OK,HR,Bangalore,Software,High,Software Support,Resolved,Tablet,11.1,4,EMP1181,0.463,Missed
TKT16333,2024-01-10,,OK,HR,Mumbai,Network,High,Network Support,Open,Desktop,0,,EMP1963,0,Met
TKT15303,2024-12-11,,OK,IT,Bangalore,Network,Low,Network Support,In Progress,Desktop,0,,EMP1119,0,Met
TKT11763,2025-03-12,,OK,Marketing,Hyderabad,Email, High,Email & Messaging Team,In Progress,Tablet,0,,EMP1069,0,Unknown Priority:  High
TKT16111,2025-01-25,2025-01-25,OK,Sales,Hyderabad,Access,High,Identity & Access Team,Resolved,Desktop,10.2,2,EMP1089,0.425,Missed
TKT15242,2024-06-27,2024-06-28,OK,Admin,Delhi,Email,LOW,Email & Messaging Team,Closed,Tablet,27.1,4,EMP1594,1.129,Met
TKT12079,2025-01-13,,OK,Marketing,Hyderabad,Access,Low,Software Support,Open,Mobile,0,,EMP1823,0,Met
TKT15839,2024-11-29,2024-12-04,OK,Operations,Delhi,Network,Low,Network Support,Resolved,Laptop,142,1,EMP1857,5.917,Missed
TKT11047,2024-06-22,2024-06-22,OK,Sales,Pune,Hardware, High,Hardware Support,Resolved,Laptop,4.9,,EMP1425,0.204,Unknown Priority:  High
TKT11090,2025-04-06,2025-04-07,OK,Operations,Bangalore,network,Medium,Network Support,Resolved,Laptop,47.6,4,EMP2028,1.983,Missed
TKT10624,2025-05-26,,OK,Sales,Delhi,Software,Low,Software Support,In Progress,Tablet,0,,EMP1436,0,Met
TKT10919,2024-05-05,2024-05-07,OK,IT,Hyderabad,Software,Medium,Software Support,Resolved,Laptop,55.3,3,EMP1219,2.304,Missed
TKT13406,2024-05-18,2024-05-19,OK,Finance,Delhi,Software,Medium,Software Support,Resolved,Laptop,34.5,3,EMP1393,1.438,Missed
TKT13084,2025-01-15,2025-01-15,OK,Marketing,Delhi,Email,High,Email & Messaging Team,Resolved,Tablet,8,4,EMP1942,0.333,Met
TKT10209,2024-08-24,2024-08-24,OK,Legal,Pune,Email,Critical,Email & Messaging Team,Closed,Desktop,3.3,1,EMP1139,0.138,Met
TKT12349,2024-07-26,2024-07-26,OK,Operations,Hyderabad,Access,Medium,Identity & Access Team,Resolved,Mobile,20.1,4,EMP2238,0.838,Met
TKT10896,2025-04-18,2025-04-18,OK,HR,Pune,Hardware,MEDIUM,Hardware Support,Resolved,Laptop,12.7,4,EMP2370,0.529,Met
TKT16634,2025-04-03,2025-04-03,OK,Marketing,Delhi,Network,High,Network Support,Closed,Server,4.3,5,EMP2290,0.179,Met
TKT16239,2025-02-04,2025-02-04,OK,Admin,Mumbai,Software,High,Software Support,Resolved,Tablet,13.2,,EMP2119,0.55,Missed
TKT12064,2024-10-05,,OK,Sales,Bangalore,Hardware,Low,Hardware Support,In Progress,Laptop,0,,EMP2044,0,Met
TKT10798,2025-04-23,2025-04-23,OK,Sales,Bangalore,Email,Medium,Email & Messaging Team,Resolved,Laptop,23.7,,EMP1344,0.988,Met
TKT16917,2024-07-21,2024-07-22,OK,Operations,Pune,Software,High,Software Support,Resolved,Desktop,25.5,5,EMP1249,1.063,Missed
TKT14344,2024-03-01,2024-03-01,OK,Operations,Mumbai,Software,High,Software Support,Resolved,Tablet,3.9,2,EMP2331,0.163,Met
TKT11353,2024-07-02,2024-07-02,OK,HR,Chennai,Network,Medium,Network Support,Resolved,Laptop,20,4,EMP2093,0.833,Met
TKT14193,2025-01-08,2025-01-08,OK,IT,Hyderabad,Access,Medium,Identity & Access Team,Resolved,Laptop,8,4,EMP1508,0.333,Met
TKT10647,2024-03-15,2024-03-16,OK,IT,Delhi,Access,Medium,Identity & Access Team,Resolved,Mobile,25.8,2,EMP1195,1.075,Missed
TKT16961,2024-10-31,2024-10-31,OK,Admin,Pune,Software,High,Software Support,Resolved,Laptop,11.1,3,EMP1839,0.463,Missed
TKT16900,2024-06-18,,OK,Sales,Mumbai,Network,High,Network Support,Open,Desktop,0,,EMP1513,0,Met
TKT15534,2025-03-29,2025-03-29,OK,Finance,Delhi,Software,Critical,Software Support,Resolved,Desktop,5.5,1,EMP1553,0.229,Missed
TKT11942,2024-01-18,2024-01-18,OK,Sales,Mumbai,Access,Medium,Identity & Access Team,Closed,Mobile,9.4,3,EMP1818,0.392,Met
TKT13626,2024-12-27,2024-12-29,OK,Operations,Delhi,Printer,Medium,Hardware Support,Resolved,Printer,48.9,4,EMP1847,2.038,Missed
TKT14152,2024-09-15,2024-09-15,OK,Sales,Pune,Software,Medium,Software Support,Closed,Tablet,16.5,,EMP1256,0.688,Met
TKT16220,2024-08-02,2024-08-04,OK,Sales,Mumbai,Software,low,Software Support,Closed,Tablet,54.5,4,EMP2097,2.271,Missed
TKT14631,2025-05-07,,OK,Operations,Mumbai,Email,Low,Email & Messaging Team,In Progress,Tablet,0,,EMP1371,0,Met
TKT15746,2025-05-03,2025-05-04,OK,Admin,Mumbai,Hardware,Low,Hardware Support,Resolved,Server,45.7,4,EMP2268,1.904,Met
TKT14747,2024-10-10,2024-10-10,OK,Sales,Pune,Network,Medium,Network Support,Closed,Mobile,20.7,4,EMP1626,0.863,Met
TKT11797,2024-07-01,2024-07-01,OK,Operations,Chennai,Printer, Medium,Hardware Support,Resolved,Printer,9.9,5,EMP2225,0.413,Unknown Priority:  Medium
TKT11140,2024-02-27,2024-02-27,OK,Sales,Hyderabad,Access,High,Email & Messaging Team,Resolved,Desktop,6.1,4,EMP2309,0.254,Met
TKT15503,2025-05-26,2025-05-26,OK,Finance,Bangalore,Access,High,Identity & Access Team,Resolved,Desktop,6.8,2,EMP2278,0.283,Met
TKT11661,2024-10-12,2024-10-13,OK,Admin,Chennai,Hardware,Low,Hardware Support,Closed,Laptop,40.1,,EMP1962,1.671,Met
TKT14529,2024-03-09,,OK,Finance,Mumbai,network,Medium,Network Support,Open,Desktop,0,,EMP2081,0,Met
TKT16846,2024-08-25,2024-08-26,OK,Sales,Hyderabad,Network,Low,Network Support,Resolved,Mobile,34.4,5,EMP1541,1.433,Met
TKT11343,2025-04-01,2025-04-01,OK,HR,Pune,Hardware,High,Hardware Support,Closed,Server,6.1,5,EMP1437,0.254,Met
TKT16019,2025-06-27,2025-06-28,OK,Finance,Bangalore,Access,Medium,Identity & Access Team,Resolved,Mobile,34,4,EMP1334,1.417,Missed
TKT13647,2024-08-27,2024-08-27,OK,HR,Mumbai,Email,Medium,Email & Messaging Team,Resolved,DESKTOP,7.9,,EMP1505,0.329,Met
TKT11384,2024-08-02,2024-08-06,OK,Sales,Pune,Software,Low,Software Support,Resolved,Tablet,109.7,4,EMP1969,4.571,Missed
TKT12422,2025-05-19,2025-05-19,OK,IT,Delhi,Software,Medium,Software Support,Resolved,Laptop,12.6,5,EMP1432,0.525,Met
TKT16635,2025-05-09,2025-05-10,OK,Finance,Pune,Hardware,Low,Hardware Support,Resolved,Server,42.9,,EMP2250,1.788,Met
TKT11160,2025-04-26,2025-04-26,OK,Sales,Mumbai,Email,Medium,Email & Messaging Team,Resolved,Laptop,20.7,3,EMP1070,0.863,Met
TKT11105,2024-07-01,2024-07-02,OK,Sales,Hyderabad,Network,Medium,Network Support,Resolved,Laptop,36.8,5,EMP1325,1.533,Missed
TKT16921,2024-07-20,2024-07-20,OK,Marketing,Pune,Software,High,Software Support,Resolved,Laptop,17.8,4,EMP1431,0.742,Missed
TKT13397,2024-06-13,2024-06-13,OK,Finance,Hyderabad,Access,Medium,Identity & Access Team,Resolved,Mobile,23.6,2,EMP2259,0.983,Met
TKT15290,2024-05-13,,OK,HR,Hyderabad,Access,Medium,Identity & Access Team,Open,Laptop,0,,EMP1911,0,Met
TKT11138,2024-08-08,2024-08-10,OK,IT,Mumbai,Hardware,medium,Hardware Support,Closed,Server,59.9,5,EMP2264,2.496,Missed
TKT15892,2024-04-15,2024-04-11,ERROR,Unknown,Bangalore,Network,Critical,Network Support,Resolved,Mobile,2.5,4,EMP1296,0.104,Met
TKT10235,2024-06-17,2024-06-17,OK,IT,Mumbai,Email,High,Email & Messaging Team,Resolved,LAPTOP,4.2,4,EMP1499,0.175,Met
TKT12799,2024-08-02,2024-08-02,OK,Finance,Mumbai,Hardware,High,Hardware Support,Resolved,Server,10.2,5,EMP1374,0.425,Missed
TKT11435,2024-10-29,2024-10-29,OK,HR,Chennai,Hardware,Critical,Hardware Support,Resolved,Laptop,2.9,4,EMP1943,0.121,Met
TKT10814,2025-03-31,2025-03-31,OK,Admin,Delhi,Network,Medium,Network Support,Resolved,Mobile,17.8,2,EMP1752,0.742,Met
TKT14950,2025-02-11,2025-02-13,OK,Sales,Pune,Network,Medium,Network Support,Resolved,Desktop,57.6,5,EMP1272,2.4,Missed
TKT14566,2025-04-03,2025-04-03,OK,IT,Mumbai,Email,Medium,Email & Messaging Team,Resolved,Tablet,9.6,,EMP1954,0.4,Met
TKT16352,2024-11-03,2024-10-30,ERROR,IT,Hyderabad,Access,Low,Identity & Access Team,Resolved,Laptop,42.6,4,EMP2071,1.775,Met
TKT16830,2024-10-12,2024-10-19,OK,Operations,Bangalore,Software,Low,NA,Resolved,Laptop,177,5,EMP1860,7.375,Missed
TKT15398,2024-04-05,2024-04-05,OK,Operations,Pune,Network,Critical,Network Support,Resolved,Laptop,2.1,3,EMP1021,0.088,Met
TKT13719,2024-07-11,2024-07-11,OK,Finance,Chennai,Software,Medium,Software Support,Resolved,Tablet,3.7,3,EMP1236,0.154,Met
TKT13726,2024-09-27,2024-09-27,OK,Sales,Mumbai,Software,High,Software Support,Resolved,Laptop,8.7,5,EMP1224,0.363,Missed
TKT12725,2024-12-01,2024-12-01,OK,Marketing,Bangalore,Email,Medium,Email & Messaging Team,Resolved,Desktop,2.3,5,EMP1723,0.096,Met
TKT13954,2024-12-29,2024-12-29,OK,Admin,Hyderabad,Access,High,Identity & Access Team,Resolved,Mobile,5.2,,EMP1922,0.217,Met
TKT13575,2025-02-04,2025-02-04,OK,Sales,Mumbai,Access,Medium,Identity & Access Team,Closed,Laptop,10.4,5,EMP1725,0.433,Met
TKT14309,2024-01-21,,OK,Finance,Delhi,Email,Medium,Email & Messaging Team,Open,Laptop,0,,EMP2135,0,Met
TKT11287,2024-10-15,2024-10-15,OK,Sales,Chennai,Hardware,High,Hardware Support,Closed,Server,12.9,4,EMP1544,0.538,Missed
TKT13197,2025-05-30,2025-06-01,OK,Legal,Bangalore,Printer,Medium,Hardware Support,Resolved,Printer,56.4,5,EMP2076,2.35,Missed
TKT14687,2025-03-10,2025-03-10,OK,Sales,Delhi,Printer,High,Hardware Support,Resolved,Printer,8.6,5,EMP1574,0.358,Missed
TKT16896,2024-01-03,2024-01-03,OK,Operations,Delhi,Email,Critical,Email & Messaging Team,Closed,Mobile,3,3,EMP2241,0.125,Met
TKT13891,2024-02-14,2024-02-14,OK,Sales,Bangalore,Email,Medium,Hardware Support,Resolved,Desktop,7,2,EMP2155,0.292,Met
TKT10474,2025-06-29,2025-06-29,OK,Unknown,Bangalore,Email,Medium,Email & Messaging Team,Resolved,Desktop,15.6,5,EMP1242,0.65,Met
TKT14838,2025-02-21,2025-02-22,OK,Sales,Chennai,Software,Low,Software Support,Resolved,Laptop,31.1,4,EMP1867,1.296,Met
TKT12168,2024-03-08,2024-03-08,OK,Legal,Bangalore,Access,Critical,Identity & Access Team,Resolved,Laptop,2.2,4,EMP1722,0.092,Met
TKT10613,2024-05-01,,OK,Sales,Bangalore,Access,Medium,NA,Open,Laptop,0,,EMP1785,0,Met
TKT11828,2025-06-30,2025-06-30,OK,Sales,Mumbai,Hardware,Medium,Hardware Support,Resolved,Server,18.2,5,EMP2317,0.758,Met
TKT10050,2025-02-07,2025-02-11,OK,Operations,Chennai,Access,Low,Identity & Access Team,Resolved,Mobile,98.5,1,EMP2212,4.104,Missed
TKT13337,2024-01-10,2024-01-10,OK,HR,Pune,Hardware,Critical,Hardware Support,Closed,Server,6.5,,EMP2116,0.271,Missed
TKT13609,2025-03-24,2025-03-24,OK,IT,Chennai,Hardware,High,Hardware Support,Closed,Desktop,12.8,1,EMP2227,0.533,Missed
TKT10462,2024-09-29,2024-09-30,OK,Operations,Bangalore,Network,Medium,Network Support,Resolved,Desktop,38.3,5,EMP1880,1.596,Missed
TKT13586,2025-01-08,2025-01-09,OK,Legal,Pune,Access,Medium,Identity & Access Team,Resolved,Desktop,32.1,2,EMP2365,1.338,Missed
TKT13365,2025-01-07,2025-01-07,OK,Sales,Mumbai,Email,High,Email & Messaging Team,Resolved,Mobile,10.7,2,EMP1743,0.446,Missed
TKT11614,2025-02-08,2025-02-09,OK,Legal,Pune,Network,Medium,Network Support,Resolved,Laptop,32.8,3,EMP1424,1.367,Missed
TKT10742,2024-03-27,2024-03-28,OK,Legal,Mumbai,Hardware,Low,Hardware Support,Resolved,Desktop,37.6,3,EMP1275,1.567,Met
TKT10016,2024-12-12,2024-12-12,OK,Sales,Delhi,Hardware,Low,Hardware Support,Resolved,Laptop,16.1,3,EMP1043,0.671,Met
TKT11912,2024-05-09,2024-05-10,OK,Legal,Mumbai,Software,Medium,Software Support,Resolved,Tablet,34.6,5,EMP1438,1.442,Missed
TKT14652,2025-05-24,2025-05-24,OK,IT,Mumbai,Network,Medium,Network Support,Resolved,Server,10.6,5,EMP1255,0.442,Met
TKT13538,2024-02-11,,OK,Finance,Mumbai,Email,High,Email & Messaging Team,Open,Mobile,0,,EMP1910,0,Met
TKT10698,2024-06-01,2024-06-01,OK,Operations,Bangalore,Access,Medium,Identity & Access Team,Resolved,Desktop,16.3,4,EMP1666,0.679,Met
TKT15059,2025-02-19,2025-02-19,OK,Marketing,Mumbai,Printer,High,NA,Resolved,Printer,4.2,3,EMP1396,0.175,Met
TKT16477,2025-03-18,2025-03-18,OK,Operations,Delhi,Printer,Medium,Network Support,Closed,Printer,4.8,4,EMP1670,0.2,Met
TKT15185,2024-11-13,2024-11-16,OK,IT,Pune,Access,Low,Identity & Access Team,Resolved,Laptop,86.6,4,EMP1964,3.608,Missed
TKT12244,2025-06-30,2025-07-01,OK,HR,Hyderabad,Software,Medium,Software Support,Resolved,Laptop,29,,EMP1940,1.208,Missed
TKT12774,2025-06-07,,OK,Finance,Pune,Network,Medium,Network Support,In Progress,desktop,0,,EMP1477,0,Met
TKT14503,2025-04-08,2025-04-09,OK,HR,Pune,Access,Low,NA,Resolved,Desktop,41,5,EMP1642,1.708,Met
TKT10560,2024-02-25,2024-02-25,OK,Finance,Delhi,Email,Medium,Email & Messaging Team,Resolved,Tablet,10.3,5,EMP1892,0.429,Met
TKT16875,2024-06-24,2024-06-25,OK,Admin,Pune,Software,Low,Software Support,Resolved,Laptop,45.4,3,EMP2265,1.892,Met
TKT11457,2024-09-14,2024-09-17,OK,Operations,Pune,Access,Low,Identity & Access Team,Resolved,Laptop,74.5,1,EMP1168,3.104,Missed
TKT14008,2024-01-27,2024-01-27,OK,Finance,Chennai,Software,High,Software Support,Closed,Laptop,5.9,4,EMP1500,0.246,Met
TKT14744,2025-03-19,2025-03-21,OK,Sales,Mumbai,Software,Low,Software Support,Resolved,TABLET,50.6,5,EMP2039,2.108,Missed
TKT15444,2024-09-23,2024-09-24,OK,Operations,Mumbai,Email,Medium,Software Support,Resolved,Desktop,30.2,5,EMP1896,1.258,Missed
TKT15192,2024-10-07,,OK,IT,Bangalore,Printer,Medium,NA,Open,Printer,0,,EMP1265,0,Met
TKT16036,2025-02-04,2025-02-04,OK,Sales,Hyderabad,Printer,High,Hardware Support,Resolved,Printer,6.7,3,EMP2066,0.279,Met
TKT15851,2025-01-06,2025-01-06,OK,Admin,Delhi,Hardware,Critical,Hardware Support,Resolved,Laptop,1.4,,EMP1116,0.058,Met
TKT13015,2024-07-19,2024-07-22,OK,Marketing,Bangalore,Access,Medium,Identity & Access Team,Resolved,Mobile,84.5,4,EMP1321,3.521,Missed
TKT13102,2024-10-15,2024-10-15,OK,Marketing,Mumbai,Access,High,Identity & Access Team,Resolved,Desktop,9.8,5,EMP2193,0.408,Missed
TKT11329,2025-04-26,,OK,IT,Delhi,Printer,High,Hardware Support,In Progress,Printer,0,,EMP2047,0,Met
TKT10258,2024-06-17,2024-06-18,OK,Operations,Delhi,Network,Low,Network Support,Resolved,Laptop,40.8,3,EMP1901,1.7,Met
TKT14412,2024-11-10,2024-11-10,OK,Marketing,Hyderabad,Network,Medium,Network Support,Resolved,Desktop,15.7,4,EMP1203,0.654,Met
TKT12061,2024-09-11,2024-09-11,OK,HR,Bangalore,Software,Low,Software Support,Resolved,Laptop,17.2,5,EMP1018,0.717,Met
TKT10139,2024-03-28,2024-03-28,OK,Marketing,Delhi,Hardware,Critical,Hardware Support,Resolved,Server,1.2,,EMP2072,0.05,Met
TKT15132,2025-01-16,,OK,Legal,Mumbai,Access,Critical,Identity & Access Team,In Progress,Mobile,0,,EMP1450,0,Met
TKT10533,2025-03-21,2025-03-21,OK,Admin,Hyderabad,Network,MEDIUM,Network Support,Resolved,Server,19.4,5,EMP1024,0.808,Met
TKT13176,2024-04-24,2024-04-24,OK,Sales,Hyderabad,Network,Medium,Network Support,Resolved,Desktop,8.1,4,EMP1286,0.338,Met
TKT10083,2024-09-28,2024-09-29,OK,Sales,Bangalore,Access,Medium,Identity & Access Team,Resolved,Laptop,25,4,EMP1693,1.042,Missed
TKT16362,2024-08-20,2024-08-20,OK,Operations,Bangalore,Software,High,Software Support,Resolved,Desktop,3.2,5,EMP1776,0.133,Met
TKT16504,2024-06-28,2024-06-29,OK,Finance,Bangalore,Access,Medium,Identity & Access Team,Resolved,Mobile,25.6,2,EMP1937,1.067,Missed
TKT16576,2024-03-01,2024-03-01,OK,Sales,Hyderabad,Network,High,Identity & Access Team,Resolved,Mobile,20.1,3,EMP1666,0.838,Missed
TKT10003,2024-12-18,2024-12-18,OK,Sales,Mumbai,Network,Medium,NA,Resolved,Mobile,16.6,1,EMP2236,0.692,Met
TKT12497,2024-11-06,2024-11-07,OK,Finance,Delhi,Email,Medium,Email & Messaging Team,Resolved,Tablet,39.9,4,EMP2359,1.663,Missed
TKT16626,2024-02-23,,OK,Finance,Delhi,Access,Medium,Identity & Access Team,In Progress,Laptop,0,,EMP1493,0,Met
TKT16942,2025-04-23,2025-04-25,OK,Marketing,Pune,Software,Medium,Software Support,Resolved,Tablet,52,3,EMP1696,2.167,Missed
TKT15722,2025-04-03,2025-04-04,OK,Sales,Hyderabad,Printer,Medium,Hardware Support,Resolved,Printer,31.3,5,EMP1299,1.304,Missed
TKT11926,2024-04-03,2024-04-05,OK,Finance,Pune,Network,Low,Network Support,Closed,Desktop,59.3,3,EMP2038,2.471,Missed
TKT10509,2025-06-30,2025-07-01,OK,Legal,Delhi,Access,Medium,Identity & Access Team,Closed,Desktop,41.2,,EMP1160,1.717,Missed
TKT15916,2024-03-27,2024-03-27,OK,IT,Pune,Network,Critical,Network Support,Closed,Server,4,2,EMP1803,0.167,Met
TKT16103,2024-04-23,2024-04-23,OK,Legal,Pune,Access,Medium,Identity & Access Team,Resolved,Desktop,6.2,,EMP1991,0.258,Met
TKT14023,2025-02-09,2025-02-09,OK,Sales,Pune,Access,High,Identity & Access Team,Resolved,Mobile,12.6,5,EMP1907,0.525,Missed
TKT13276,2024-03-04,2024-03-04,OK,Marketing,Bangalore,Access,High,Identity & Access Team,Resolved,Mobile,7.5,3,EMP1778,0.313,Met
TKT13809,2024-10-15,2024-10-16,OK,Finance,Hyderabad,Printer,Medium,Hardware Support,Resolved,Printer,32.6,1,EMP1524,1.358,Missed
TKT14384,2024-01-03,2024-01-05,OK,Marketing,Pune,Access,Low,Identity & Access Team,Resolved,Laptop,53.2,,EMP2364,2.217,Missed
TKT12390,2025-01-14,2025-01-14,OK,Operations,Bangalore,Access,High,Identity & Access Team,Resolved,Laptop,1.3,3,EMP1904,0.054,Met
TKT12728,2025-04-12,2025-04-12,OK,Finance,Hyderabad,Access,Medium,Identity & Access Team,Resolved,Mobile,2.2,4,EMP1677,0.092,Met
TKT11673,2025-04-03,2025-04-04,OK,HR ,Bangalore,Hardware,High,Hardware Support,Closed,Laptop,31.4,3,EMP1396,1.308,Missed
TKT15813,2024-09-19,2024-09-19,OK,Operations,Bangalore,Software,High,Software Support,Closed,Tablet,1.6,4,EMP2327,0.067,Met
TKT12395,2024-09-09,2024-09-10,OK,Operations,Pune,Network,Medium,Network Support,Resolved,Desktop,36.5,2,EMP1813,1.521,Missed
TKT13441,2025-04-12,2025-04-12,OK,Operations,Chennai,Access,Critical,Identity & Access Team,Resolved,Desktop,0.9,5,EMP1137,0.038,Met
TKT13692,2024-10-07,2024-10-13,OK,Legal,Mumbai,Hardware,Low,Hardware Support,Resolved,Laptop,146.6,,EMP2325,6.108,Missed
TKT13147,2024-01-13,2024-01-13,OK,Admin,Mumbai,network,High,NA,Resolved,Mobile,2,5,EMP1287,0.083,Met
TKT10577,2024-08-20,2024-08-20,OK,Legal,Bangalore,Hardware,High,Hardware Support,Closed,Laptop,4.2,3,EMP1991,0.175,Met
TKT10169,2024-11-22,2024-11-22,OK,Operations,Chennai,Software,High,Software Support,Resolved,Laptop,12.2,4,EMP1332,0.508,Missed
TKT15591,2024-12-25,,OK,Marketing,Delhi,Network,High,Network Support,In Progress,Mobile,0,,EMP1841,0,Met
TKT16469,2025-01-30,,OK,Finance,Chennai,NETWORK,Medium,Network Support,In Progress,Laptop,0,,EMP2194,0,Met
TKT12386,2024-11-14,,OK,Finance,Chennai,Email,Medium,Identity & Access Team,Open,Tablet,0,,EMP1687,0,Met
TKT11491,2024-11-14,2024-11-14,OK,Finance,Chennai,Access,Medium,Identity & Access Team,Closed,Mobile,3.4,5,EMP2042,0.142,Met
TKT14132,2024-09-25,2024-09-25,OK,Legal,Pune,Hardware,High,Hardware Support,Resolved,LAPTOP,8.6,5,EMP1368,0.358,Missed
TKT14848,2025-05-20,,OK,IT,Pune,Hardware,Low,Hardware Support,In Progress,Server,0,,EMP2127,0,Met
TKT14887,2024-05-18,2024-05-18,OK,HR,Chennai,Network,High,Network Support,Resolved,MOBILE,17.8,1,EMP1193,0.742,Missed
TKT15340,2024-08-14,,OK,Sales,Hyderabad,Software,Low,Software Support,In Progress,Laptop,0,,EMP1689,0,Met
TKT15009,2024-06-17,2024-06-17,OK,HR,Chennai,Printer,Medium,Hardware Support,Resolved,Printer,16.8,5,EMP2315,0.7,Met
TKT16411,2024-09-08,2024-09-09,OK,Operations,Bangalore,Software,Medium,Software Support,Closed,Tablet,29.6,2,EMP2115,1.233,Missed
TKT12824,2025-03-24,2025-03-25,OK,Finance,Mumbai,Network, Low,Network Support,Closed,Desktop,25.2,,EMP1163,1.05,Unknown Priority:  Low
TKT15161,2024-08-29,2024-08-29,OK,Marketing,Pune,Email,High,Email & Messaging Team,Resolved,Mobile,5.8,4,EMP2274,0.242,Met
TKT12900,2024-04-21,2024-04-21,OK,Legal,Delhi,Hardware, Critical,Hardware Support,Resolved,SERVER,5.6,3,EMP1002,0.233,Unknown Priority:  Critical
TKT12424,2025-06-03,2025-06-03,OK,HR,Chennai,Software,Medium,Software Support,Resolved,Desktop,10.4,5,EMP1145,0.433,Met
TKT11040,2024-06-14,2024-06-16,OK,HR,Bangalore,Printer,Low,Hardware Support,Resolved,Printer,56.3,3,EMP1765,2.346,Missed
TKT13063,2024-07-21,2024-07-23,OK,IT,Chennai,Email,Low,Email & Messaging Team,Resolved,Tablet,48.8,,EMP1128,2.033,Missed
TKT16426,2025-06-20,2025-06-21,OK,IT,Pune,Software,Medium,Software Support,Resolved,Tablet,42.7,5,EMP1120,1.779,Missed
TKT14241,2025-04-21,2025-04-21,OK,IT,Mumbai,Software,Low,Software Support,Closed,Laptop,2.3,4,EMP1552,0.096,Met
TKT12007,2024-08-29,2024-08-30,OK,Admin,Mumbai,Access,Low,Identity & Access Team,Resolved,Laptop,31.9,5,EMP1520,1.329,Met
TKT15673,2025-05-13,2025-05-13,OK,Sales,Bangalore,Network,Low,Network Support,Closed,Server,15,,EMP1364,0.625,Met
TKT13064,2024-02-27,2024-02-27,OK,Operations,Hyderabad,Access,High,Identity & Access Team,Closed,Mobile,9.5,4,EMP1694,0.396,Missed
TKT14099,2024-09-03,2024-09-03,OK,HR,Mumbai,Software,High,Software Support,Resolved,Tablet,0,5,EMP1921,0,Met
TKT14992,2024-10-13,,OK,Operations,Pune,Network,Low,Network Support,In Progress,Mobile,0,,EMP1875,0,Met
TKT12118,2024-07-18,2024-07-18,OK,Admin,Chennai,Hardware,High,Hardware Support,Resolved,LAPTOP,6.8,4,EMP1660,0.283,Met
TKT14240,2025-01-13,2025-01-13,OK,HR,Mumbai,Access,High,Identity & Access Team,Resolved,Laptop,5.6,5,EMP2057,0.233,Met
TKT11170,2025-03-22,2025-03-22,OK,HR,Bangalore,Network,Medium,Network Support,Resolved,Server,4.9,,EMP2133,0.204,Met
TKT12707,2024-05-04,2024-05-04,OK,Finance,Pune,Software,Medium,Software Support,Closed,Desktop,4.2,4,EMP1984,0.175,Met
TKT16687,2025-03-31,2025-03-31,OK,Sales,Bangalore,Printer,High,Hardware Support,Resolved,Printer,2.4,5,EMP1312,0.1,Met
TKT14059,2025-05-08,,OK,HR,Pune,Printer,High,Hardware Support,In Progress,Printer,0,,EMP1244,0,Met
TKT11296,2024-08-28,2024-08-30,OK,Operations,Delhi,Network,Low,Network Support,Resolved,Laptop,51.9,,EMP1932,2.163,Missed
TKT13551,2025-02-06,2025-02-06,OK,Sales,Hyderabad,Hardware,Medium,Hardware Support,Closed,Server,4.9,1,EMP1132,0.204,Met
TKT15110,2024-07-14,2024-07-14,OK,Sales,Mumbai,Software,High,Software Support,Resolved,Laptop,7.1,4,EMP1175,0.296,Met
TKT15173,2024-12-04,,OK,Marketing,Mumbai,Network,High,Network Support,In Progress,Server,0,,EMP2011,0,Met
TKT10877,2024-05-27,2024-05-27,OK,Admin,Pune,Hardware,LOW,Hardware Support,Resolved,Laptop,4.7,,EMP2129,0.196,Met
TKT14101,2024-02-11,2024-02-11,OK,HR,Hyderabad,Access,High,Identity & Access Team,Resolved,Mobile,6.2,4,EMP1973,0.258,Met
TKT10467,2024-01-09,2024-01-09,OK,Operations,Pune,Network,High,Network Support,Resolved,Server,9.5,3,EMP1136,0.396,Missed
TKT14907,2025-02-24,2025-02-26,OK,Sales,Pune,Access,Medium,Identity & Access Team,Closed,Desktop,54,4,EMP2024,2.25,Missed
TKT16843,2024-01-04,2024-01-04,OK,Marketing,Delhi,Software,critical,Software Support,Resolved,Laptop,2.2,5,EMP1202,0.092,Met
TKT11119,2025-05-01,2025-05-01,OK,HR,Mumbai,Hardware,High,Hardware Support,Resolved,Server,4.3,3,EMP1900,0.179,Met
TKT15570,2024-07-01,2024-07-01,OK,Admin,Hyderabad,Network,Medium,Network Support,Resolved,Desktop,7.2,,EMP1776,0.3,Met
TKT10386,2025-05-14,2025-05-15,OK,Admin,Delhi,Printer,Medium,Hardware Support,Resolved,Printer,25.7,4,EMP1474,1.071,Missed
TKT14326,2025-03-30,2025-03-30,OK,Operations,Bangalore,Software,High,Software Support,Resolved,Desktop,4.8,1,EMP1270,0.2,Met
TKT14315,2024-04-04,2024-04-04,OK,Finance,Pune,Network,Medium,Email & Messaging Team,Resolved,Laptop,13.2,4,EMP2190,0.55,Met
TKT10927,2024-03-06,2024-03-06,OK,Operations,Chennai,Software,Medium,Software Support,Resolved,Tablet,8.4,1,EMP1920,0.35,Met
TKT13971,2025-06-18,2025-06-18,OK,Sales,Pune,Software,Critical,Software Support,Closed,Desktop,2.4,4,EMP1135,0.1,Met
TKT13885,2024-11-23,2024-11-23,OK,IT,Hyderabad,Printer,High,Email & Messaging Team,Resolved,Printer,6.2,,EMP1222,0.258,Met
TKT10369,2025-06-04,2025-06-04,OK,Admin,Mumbai,Software, High,Software Support,Resolved,desktop,1.2,3,EMP1912,0.05,Unknown Priority:  High
TKT11883,2024-07-28,2024-07-29,OK,Sales,Pune,Network,Low,Network Support,Resolved,Server,25.6,5,EMP1685,1.067,Met
TKT10119,2024-04-26,2024-04-26,OK,Finance,Chennai,Access,High,Identity & Access Team,Resolved,Laptop,6.7,5,EMP2086,0.279,Met
TKT14134,2024-09-20,2024-09-20,OK,Admin,Bangalore,Printer,Medium,Hardware Support,Resolved,Printer,11.9,3,EMP1088,0.496,Met
TKT10638,2024-11-30,2024-12-01,OK,Legal,Chennai,Access,Medium,Identity & Access Team,Closed,Mobile,36.8,5,EMP1928,1.533,Missed
TKT14681,2024-05-10,2024-05-11,OK,HR,Bangalore,Access,Low,Identity & Access Team,Resolved,Laptop,28.4,4,EMP2340,1.183,Met
TKT14591,2024-10-17,2024-10-18,OK,Legal,Mumbai,Software,Medium,Identity & Access Team,Resolved,Desktop,32.1,4,EMP1616,1.338,Missed
TKT11718,2024-02-10,2024-02-10,OK,Marketing,Mumbai,Access,High,Identity & Access Team,Resolved,Mobile,3.2,5,EMP2093,0.133,Met
TKT16335,2024-02-28,2024-02-24,ERROR,IT,Bangalore,Access,Medium,Identity & Access Team,Resolved,Mobile,12,5,EMP1551,0.5,Met
TKT12698,2024-10-30,2024-11-01,OK,Sales,Mumbai,Email,Medium,Email & Messaging Team,Resolved,Laptop,64.8,,EMP2357,2.7,Missed
TKT15820,2024-03-31,2024-03-31,OK,Finance,Mumbai,Access,Medium,Identity & Access Team,Resolved,Desktop,17.3,3,EMP1614,0.721,Met
TKT12148,2024-01-06,,OK,HR,Chennai,Email,High,Email & Messaging Team,In Progress,Tablet,0,,EMP1294,0,Met
TKT13817,2024-09-19,2024-09-19,OK,Legal,Chennai,Software,High,Software Support,Resolved,Desktop,3.3,2,EMP1285,0.138,Met
TKT14585,2024-02-24,2024-02-24,OK,Sales,Mumbai,NETWORK,High,Network Support,Resolved,Mobile,8.4,4,EMP1854,0.35,Missed
TKT13807,2025-03-01,2025-03-02,OK,Marketing,Pune,Hardware,Medium,Hardware Support,Closed,Laptop,25.7,4,EMP1993,1.071,Missed
TKT11211,2024-04-29,2024-04-30,OK,Sales,Bangalore,Printer,Low,Hardware Support,Closed,Printer,36,4,EMP2369,1.5,Met
TKT14145,2025-06-19,2025-06-19,OK,Finance,Chennai,Software,Medium,Software Support,Resolved,Tablet,9.5,5,EMP1598,0.396,Met
TKT10667,2025-05-13,2025-05-13,OK,Sales,Pune,Hardware,Critical,Hardware Support,Resolved,Desktop,3.3,5,EMP1620,0.138,Met
TKT14316,2024-01-15,2024-01-18,OK,Finance,Chennai,Hardware,Low,Hardware Support,Resolved,Desktop,89.7,5,EMP1485,3.738,Missed
TKT12191,2024-09-04,2024-09-05,OK,Operations,Pune,Email,Low,Email & Messaging Team,Resolved,Mobile,33.5,1,EMP1412,1.396,Met
TKT13722,2025-02-01,2025-02-01,OK,Admin,Pune,Network,Low,Network Support,Resolved,Desktop,14.6,4,EMP1565,0.608,Met
TKT16595,2024-05-23,2024-05-24,OK,Admin,Bangalore,Software,Low,Software Support,Resolved,Desktop,44.9,2,EMP1434,1.871,Met
TKT10288,2024-04-12,,OK,Operations,Pune,Printer,Medium,Hardware Support,Open,Printer,0,,EMP1507,0,Met
TKT14701,2025-01-29,2025-01-26,ERROR,Finance,Pune,Software,MEDIUM,Software Support,Resolved,Tablet,28.3,5,EMP1521,1.179,Missed
TKT11569,2025-01-02,2025-01-02,OK,Legal,Delhi,Hardware,Medium,Hardware Support,Resolved,Laptop,12.7,4,EMP2125,0.529,Met
TKT12373,2024-07-20,2024-07-20,OK,Admin,Pune,Network,High,Network Support,Resolved,Laptop,13.8,5,EMP1574,0.575,Missed
TKT15224,2025-01-13,2025-01-13,OK,Marketing,Pune,Email,Medium,Email & Messaging Team,Resolved,Laptop,19.6,5,EMP1551,0.817,Met
TKT15870,2024-02-07,2024-02-07,OK,Sales,Hyderabad,Access,Low,Identity & Access Team,Resolved,Mobile,8.9,4,EMP1185,0.371,Met
TKT14361,2025-03-10,2025-03-10,OK,Finance,Bangalore,Printer,High,Hardware Support,Resolved,Printer,2.9,5,EMP2055,0.121,Met
TKT12996,2024-01-04,2024-01-05,OK,Sales,Pune,Network,Medium,Network Support,Resolved,Server,38.7,,EMP2376,1.613,Missed
TKT15068,2024-08-13,2024-08-14,OK,HR,Delhi,Printer,Medium,Hardware Support,Resolved,Printer,30.1,,EMP1274,1.254,Missed
TKT13936,2024-03-16,2024-03-17,OK,IT,Mumbai,network,Medium,Software Support,Resolved,Desktop,33.5,2,EMP2304,1.396,Missed
TKT12137,2024-03-17,2024-03-17,OK,Finance,Pune,Access,Medium,Identity & Access Team,Closed,Mobile,19.2,,EMP2352,0.8,Met
TKT16659,2024-02-08,,OK,Admin,Hyderabad,Software,Medium,Software Support,In Progress,Laptop,0,,EMP1455,0,Met
TKT11201,2024-05-16,2024-05-16,OK,IT,Mumbai,Email,Critical,Email & Messaging Team,Closed,Tablet,3,4,EMP1811,0.125,Met
TKT11637,2024-11-24,2024-11-24,OK,Sales,Mumbai,Network,Medium,Network Support,Resolved,Laptop,16.6,2,EMP1493,0.692,Met
TKT12626,2024-09-24,2024-09-25,OK,IT,Pune,Hardware,Medium,Hardware Support,Resolved,Laptop,37.1,1,EMP2216,1.546,Missed
TKT15637,2024-09-06,2024-09-06,OK,IT,Hyderabad,Software,Medium,Software Support,Resolved,Desktop,10.1,3,EMP1444,0.421,Met
TKT15414,2024-03-24,2024-03-24,OK,Unknown,Chennai,Hardware,Low,Hardware Support,Resolved,Server,20.1,5,EMP2025,0.838,Met
TKT13727,2024-02-25,,OK,HR ,Pune,Printer,Medium,Hardware Support,Open,printer,0,,EMP1812,0,Met
TKT16151,2025-06-05,,OK,Finance,Delhi,Software,High,Identity & Access Team,In Progress,Laptop,0,,EMP1927,0,Met
TKT14919,2025-02-15,2025-02-16,OK,Sales,Mumbai,Hardware,Medium,Hardware Support,Resolved,LAPTOP,29.4,5,EMP2139,1.225,Missed
TKT13279,2024-05-16,2024-05-17,OK,Operations,Mumbai,Hardware,MEDIUM,Hardware Support,Resolved,Desktop,26.7,4,EMP1592,1.113,Missed
TKT12158,2024-04-26,2024-04-26,OK,Operations,Delhi,Software,Medium,Software Support,Resolved,Tablet,15.2,4,EMP2344,0.633,Met
TKT13384,2024-04-12,2024-04-13,OK,Marketing,Chennai,Network,Medium,Network Support,Closed,Server,45.8,3,EMP1082,1.908,Missed
TKT15389,2025-02-18,,OK,Marketing,Chennai,Email,Medium,Email & Messaging Team,Open,Desktop,0,,EMP1143,0,Met
TKT13746,2024-11-24,2024-11-24,OK,Admin,Bangalore,Email,Critical,Email & Messaging Team,Resolved,Tablet,1.8,2,EMP1927,0.075,Met
TKT16618,2024-03-12,2024-03-14,OK,HR,Pune,Hardware,Medium,Hardware Support,Resolved,Server,67.5,5,EMP2141,2.813,Missed
TKT16681,2024-04-11,2024-04-11,OK,HR,Pune,Printer,Medium,Hardware Support,Resolved,printer,20.7,4,EMP1582,0.863,Met
TKT11849,2024-08-11,2024-08-11,OK,Sales,Mumbai,Software,High,Software Support,Closed,Desktop,4,5,EMP1208,0.167,Met
TKT12194,2024-05-11,2024-05-11,OK,Admin,Delhi,Email,High,Email & Messaging Team,Resolved,Laptop,4.8,5,EMP1273,0.2,Met
TKT16288,2024-03-22,2024-03-23,OK,IT,Chennai,Email,Medium,Email & Messaging Team,Closed,Mobile,38.2,,EMP2209,1.592,Missed
TKT11983,2024-01-09,,OK,Sales,Bangalore,NETWORK,High,Network Support,Open,Mobile,0,,EMP1424,0,Met
TKT12468,2024-12-31,2025-01-01,OK,Operations,Delhi,Network,Low,Network Support,Resolved,Mobile,35.5,4,EMP1944,1.479,Met
TKT14883,2024-01-22,2024-01-22,OK,Finance,Hyderabad,Email,Critical,Email & Messaging Team,Resolved,Desktop,1.7,4,EMP1388,0.071,Met
TKT13838,2024-08-29,2024-08-30,OK,Finance,Hyderabad,Access,Medium,Identity & Access Team,Resolved,Laptop,24.1,4,EMP2219,1.004,Missed
TKT13449,2024-10-18,,OK,Operations,Mumbai,Printer,Medium,Hardware Support,In Progress,Printer,0,,EMP1178,0,Met
TKT10456,2024-03-20,,OK,Legal,Mumbai,Hardware,High,Hardware Support,In Progress,Server,0,,EMP1664,0,Met
TKT12808,2025-06-21,2025-06-21,OK,Sales,Chennai,Email,Medium,Email & Messaging Team,Resolved,Tablet,18.1,,EMP1944,0.754,Met
TKT13300,2024-03-30,2024-03-30,OK,Marketing,Pune,Software,Medium,Software Support,Resolved,Desktop,17.8,2,EMP1589,0.742,Met
TKT15801,2024-10-21,2024-10-22,OK,Admin,Pune,Printer,Medium,Hardware Support,Resolved,Printer,32.8,4,EMP1856,1.367,Missed
TKT15932,2025-06-01,2025-06-01,OK,HR ,Bangalore,Email,Critical,Email & Messaging Team,Resolved,Tablet,7.4,3,EMP2044,0.308,Missed
TKT14121,2024-06-16,,OK,Marketing,Chennai,Access,Low,Identity & Access Team,In Progress,Desktop,0,,EMP2090,0,Met
TKT15602,2025-05-24,2025-05-24,OK,Finance,Delhi,Access,Medium,Identity & Access Team,Resolved,Mobile,23.1,5,EMP1109,0.963,Met
TKT12803,2024-12-20,2024-12-20,OK,Sales,Chennai,Network,High,Network Support,Resolved,Mobile,2.8,,EMP2261,0.117,Met
TKT14959,2025-01-10,2025-01-11,OK,Sales,Mumbai,Hardware,Medium,Hardware Support,Closed,Desktop,33.1,4,EMP1179,1.379,Missed
TKT10393,2025-04-27,2025-04-27,OK,Admin,Delhi,Email,Medium,Email & Messaging Team,Resolved,Laptop,2.1,5,EMP1986,0.088,Met
TKT13518,2024-05-31,2024-05-31,OK,Finance,Pune,Software,Medium,Software Support,Resolved,DESKTOP,16.7,4,EMP1013,0.696,Met
TKT11746,2024-05-25,,OK,HR,Bangalore,Hardware,High,Hardware Support,Open,Server,0,,EMP1330,0,Met
TKT12596,2024-02-03,2024-02-03,OK,Admin,Delhi,Printer,High,Hardware Support,Resolved,Printer,9.3,5,EMP1833,0.388,Missed
TKT15448,2024-10-08,2024-10-09,OK,Finance,Delhi,Email,Medium,Email & Messaging Team,Resolved,Mobile,29.5,5,EMP1764,1.229,Missed
TKT12694,2025-02-01,2025-02-02,OK,Sales,Mumbai,Software,Low,Software Support,Resolved,Desktop,41.4,2,EMP2133,1.725,Met
TKT11414,2024-01-06,,OK,HR,Delhi,Network,Low,Network Support,Open,Desktop,0,,EMP2395,0,Met
TKT11167,2024-08-07,2024-08-07,OK,Marketing,Bangalore,Hardware,Medium,Hardware Support,Resolved,Server,18.7,4,EMP1928,0.779,Met
TKT13149,2024-06-23,2024-06-24,OK,Operations,Bangalore,Software,Medium,Software Support,Resolved,Desktop,42.3,5,EMP1175,1.763,Missed
TKT16912,2024-05-12,2024-05-12,OK,HR,Mumbai,Access,Critical,Identity & Access Team,Resolved,laptop,7.7,2,EMP2200,0.321,Missed
TKT15923,2024-11-18,2024-11-18,OK,Marketing,Delhi,Printer,Medium,Hardware Support,Resolved,Printer,9,5,EMP1775,0.375,Met
TKT13621,2025-03-01,2025-03-01,OK,Operations,Chennai,Access,Medium,Identity & Access Team,Resolved,MOBILE,3.4,,EMP1747,0.142,Met
TKT14780,2024-08-05,2024-08-05,OK,Legal,Pune,Network,High,Network Support,Resolved,Mobile,11.5,4,EMP1371,0.479,Missed
TKT16677,2024-02-13,2024-02-13,OK,Finance,Mumbai,Access,High,Identity & Access Team,Resolved,Mobile,2.2,3,EMP1723,0.092,Met
TKT15963,2025-01-29,2025-01-29,OK,IT,Hyderabad,Access,Medium,Identity & Access Team,Resolved,Mobile,15.6,4,EMP1117,0.65,Met
TKT16757,2024-05-17,2024-05-17,OK,Marketing,Delhi,Hardware,High,Hardware Support,Resolved,Server,10.7,4,EMP1112,0.446,Missed
TKT12517,2024-12-05,2024-12-06,OK,Legal,Delhi,Software,Medium,Software Support,Closed,Desktop,28.1,3,EMP1778,1.171,Missed
TKT12440,2024-09-07,2024-09-07,OK,Admin,Chennai,Hardware,Medium,Hardware Support,Resolved,LAPTOP,15.4,4,EMP1753,0.642,Met
TKT13046,2024-09-07,,OK,Marketing,Chennai,Email,Medium,Network Support,Open,Mobile,0,,EMP1060,0,Met
TKT12530,2025-05-12,2025-05-13,OK,IT,Pune,Access,Medium,Identity & Access Team,Resolved,Desktop,29.1,,EMP1213,1.213,Missed
TKT12963,2025-05-28,2025-05-28,OK,Marketing,Mumbai,Email,Critical,Email & Messaging Team,Closed,Mobile,1.9,3,EMP1071,0.079,Met
TKT16377,2024-09-17,2024-09-18,OK,Sales,Hyderabad,Software,Medium,Software Support,Resolved,Tablet,42.3,5,EMP1243,1.763,Missed
TKT12477,2025-05-28,2025-05-28,OK,Operations,Chennai,Software,Medium,Software Support,Resolved,Desktop,19.9,4,EMP2162,0.829,Met
TKT12563,2024-05-30,2024-05-31,OK,IT,Pune,Hardware,Low,Hardware Support,Resolved,SERVER,40.6,5,EMP1682,1.692,Met
TKT11940,2024-05-08,,OK,Sales,Hyderabad,Access,High,Identity & Access Team,Open,Desktop,0,,EMP1481,0,Met
TKT10564,2024-01-06,,OK,IT,Mumbai,Software,Low,Software Support,In Progress,Laptop,0,,EMP1855,0,Met
TKT11355,2025-01-11,2025-01-11,OK,Sales,Pune,Network,Critical,Network Support,Resolved,Desktop,2.1,4,EMP2175,0.088,Met
TKT15786,2024-06-15,2024-06-15,OK,Finance,Bangalore,Access,High,Identity & Access Team,Resolved,Laptop,18.7,5,EMP1742,0.779,Missed
TKT10747,2024-06-01,,OK,Sales,Mumbai,Software,Medium,Software Support,Open,Tablet,0,,EMP1814,0,Met
TKT10159,2024-09-28,,OK,Marketing,Chennai,Software,Low,Software Support,Open,Laptop,0,,EMP2333,0,Met
TKT10486,2024-11-12,2024-11-13,OK,Marketing,Delhi,Network,Low,Network Support,Resolved,Laptop,44.8,3,EMP1913,1.867,Met
TKT10348,2025-02-17,2025-02-17,OK,Sales,Chennai,Hardware,High,Hardware Support,Resolved,Server,12.7,4,EMP1844,0.529,Missed
TKT16550,2025-05-20,2025-05-20,OK,Operations,Hyderabad,Software,Low,NA,Resolved,Laptop,20.9,3,EMP1258,0.871,Met
TKT14438,2025-06-14,2025-06-14,OK,Sales,Bangalore,Network,Low,Network Support,Resolved,Mobile,21.6,2,EMP1597,0.9,Met
TKT11393,2025-04-05,,OK,Operations,Bangalore,Hardware,Critical,Hardware Support,Open,Laptop,0,,EMP1489,0,Met
TKT11561,2024-06-03,2024-06-03,OK,Finance,Delhi,Software,Medium,Software Support,Resolved,Desktop,2.9,3,EMP1310,0.121,Met
TKT11988,2024-06-09,2024-06-09,OK,Marketing,Bangalore,Printer,Critical,Hardware Support,Resolved,Printer,5,4,EMP1716,0.208,Missed
TKT12400,2025-04-15,2025-04-15,OK,HR ,Delhi,Hardware,Medium,Hardware Support,Resolved,Laptop,14.8,4,EMP2391,0.617,Met
TKT11516,2025-04-07,,OK,Sales,Mumbai,Network,Medium,Network Support,In Progress,Laptop,0,,EMP1562,0,Met
TKT10801,2025-01-21,2025-01-22,OK,Sales,Delhi,network,Medium,Network Support,Resolved,Laptop,29.7,5,EMP1781,1.238,Missed
TKT15249,2024-04-11,2024-04-11,OK,Legal,Mumbai,Software,High,Software Support,Resolved,Tablet,7.4,5,EMP1343,0.308,Met
TKT10641,2025-02-06,2025-02-06,OK,IT,Delhi,Email,MEDIUM,Email & Messaging Team,Resolved,Tablet,11.1,,EMP1772,0.463,Met
TKT10351,2024-02-16,2024-02-16,OK,Finance,Mumbai,Access,medium,Identity & Access Team,Closed,Desktop,11.5,5,EMP1336,0.479,Met
TKT14839,2025-06-12,2025-06-12,OK,HR,Delhi,Network,High,Network Support,Resolved,Desktop,10.3,3,EMP2009,0.429,Missed
TKT16571,2025-05-26,2025-05-27,OK,Sales,Mumbai,Hardware,Medium,Hardware Support,Resolved,Server,25.7,4,EMP1640,1.071,Missed
TKT14872,2025-02-02,2025-02-02,OK,Finance,Delhi,Hardware,High,Hardware Support,Resolved,Desktop,3.5,4,EMP1105,0.146,Met
TKT15381,2024-08-03,,OK,Operations,Pune,Email,High,Email & Messaging Team,In Progress,Desktop,0,,EMP1119,0,Met
TKT14613,2024-12-23,2024-12-23,OK,Legal,Mumbai,Network,Critical,Network Support,Closed,Mobile,5.4,,EMP1965,0.225,Missed
TKT16485,2024-08-18,2024-08-19,OK,IT,Hyderabad,Email,Low,Email & Messaging Team,Resolved,Tablet,31.7,5,EMP2304,1.321,Met
TKT12893,2024-01-03,,OK,Admin,Hyderabad,Access,Medium,Identity & Access Team,In Progress,Laptop,0,,EMP1998,0,Met
TKT10977,2025-02-17,2025-02-17,OK,Admin,Delhi,Software,High,Software Support,Resolved,Tablet,3.1,5,EMP1138,0.129,Met
TKT12734,2024-06-15,2024-06-16,OK,Marketing,Hyderabad,Hardware,Medium,Hardware Support,Resolved,Laptop,39.2,5,EMP1678,1.633,Missed
TKT10587,2025-03-10,2025-03-12,OK,Finance,Delhi,Software,Low,Software Support,Resolved,Desktop,51.3,4,EMP1848,2.138,Missed
TKT11289,2024-07-29,2024-07-29,OK,Marketing,Bangalore,Hardware,High,Hardware Support,Closed,Laptop,11.2,5,EMP1409,0.467,Missed
TKT16545,2025-03-04,2025-03-05,OK,Marketing,Pune,Software,Medium,Software Support,Resolved,Laptop,46.1,4,EMP1293,1.921,Missed
TKT16536,2024-07-26,2024-07-26,OK,IT,Chennai,Network,Critical,Network Support,Resolved,Laptop,0.3,5,EMP1581,0.013,Met
TKT11383,2024-12-06,2024-12-07,OK,Finance,Chennai,network,Low,Network Support,Resolved,Laptop,43.2,5,EMP1655,1.8,Met
TKT14991,2025-03-01,2025-03-01,OK,IT,Bangalore,Hardware,High,Hardware Support,Closed,Desktop,7.4,3,EMP2078,0.308,Met
TKT13501,2025-03-02,,OK,Admin,Delhi,Email,High,Email & Messaging Team,Open,Laptop,0,,EMP1796,0,Met
TKT16554,2024-03-09,2024-03-09,OK,Admin,Chennai,Software,High,Software Support,Resolved,Desktop,6.2,3,EMP1510,0.258,Met
TKT10021,2024-01-03,2024-01-03,OK,Legal,Pune,Software,high,Software Support,Resolved,Laptop,7.3,5,EMP1799,0.304,Met
TKT16781,2024-01-08,2024-01-08,OK,HR,Bangalore,Software,Medium,Software Support,Resolved,Laptop,7.8,,EMP2246,0.325,Met
TKT12213,2024-02-17,,OK,Finance,Delhi,Network,Medium,Network Support,Open,Laptop,0,,EMP1154,0,Met
TKT12716,2024-07-13,2024-07-14,OK,Sales,Pune,NETWORK,Medium,Network Support,Resolved,Laptop,41.7,2,EMP1663,1.738,Missed
TKT13007,2024-12-20,2024-12-20,OK,Sales,Pune,Access,High,Identity & Access Team,Resolved,Mobile,12.9,5,EMP1450,0.538,Missed
TKT16085,2024-11-07,,OK,Finance,Chennai,Software,Low,Software Support,In Progress,Tablet,0,,EMP1162,0,Met
TKT14002,2025-01-20,2025-01-21,OK,Marketing,Delhi,Hardware,High,Hardware Support,Resolved,Laptop,31.7,,EMP1090,1.321,Missed
TKT12856,2025-06-02,2025-06-03,OK,Finance,Chennai,Hardware,Medium,Hardware Support,Resolved,Server,34.2,4,EMP1981,1.425,Missed
TKT16782,2025-04-19,2025-04-19,OK,Operations,Bangalore,Network,Medium,Network Support,Closed,Desktop,9.3,,EMP2323,0.388,Met
TKT15600,2024-09-25,2024-09-26,OK,Sales,Pune,Email, Low,Email & Messaging Team,Resolved,Desktop,44.7,5,EMP1881,1.863,Unknown Priority:  Low
TKT14824,2024-03-20,2024-03-21,OK,Legal,Mumbai,Network,Low,Network Support,Resolved,Mobile,32.8,3,EMP2059,1.367,Met
TKT16731,2025-06-05,2025-06-05,OK,Operations,Pune,Printer,Low,Hardware Support,Closed,Printer,4.9,3,EMP1595,0.204,Met
TKT10546,2025-03-24,,OK,HR ,Delhi,Email,Medium,Email & Messaging Team,In Progress,Laptop,0,,EMP1388,0,Met
TKT12629,2025-06-18,2025-06-22,OK,Sales,Chennai,Hardware,Low,NA,Resolved,Laptop,98.5,4,EMP1544,4.104,Missed
TKT16742,2024-01-24,2024-01-24,OK,Sales,Bangalore,Network,High,Network Support,Resolved,Server,7.7,,EMP1125,0.321,Met
TKT14459,2024-06-22,,OK,IT,Delhi,Hardware,High,Hardware Support,In Progress,Laptop,0,,EMP1856,0,Met
TKT11159,2024-04-22,2024-04-22,OK,Legal,Mumbai,Network,Medium,Network Support,Resolved,Desktop,17.4,3,EMP1332,0.725,Met
TKT12593,2025-06-15,2025-06-17,OK,Operations,Delhi,NETWORK,Low,Network Support,Resolved,Mobile,56,,EMP1270,2.333,Missed
TKT16074,2024-06-12,2024-06-12,OK,Marketing,Chennai,Hardware,Medium,Hardware Support,Resolved,Server,9.7,3,EMP1957,0.404,Met
TKT15024,2025-02-17,2025-02-19,OK,Marketing,Hyderabad,Network,Medium,Network Support,Resolved,Laptop,52.4,4,EMP1245,2.183,Missed
TKT16901,2024-09-25,2024-09-25,OK,IT,Hyderabad,Email,High,Email & Messaging Team,Resolved,Tablet,18.1,5,EMP1446,0.754,Missed
TKT16244,2024-07-06,2024-07-07,OK,Legal,Hyderabad,Printer,Low,Email & Messaging Team,Resolved,Printer,31.4,5,EMP1971,1.308,Met
TKT15603,2024-07-10,2024-07-10,OK,Finance,Chennai,Software,High,Software Support,Resolved,Laptop,6,5,EMP1038,0.25,Met
TKT13346,2024-01-08,2024-01-08,OK,Sales,Mumbai,Software,High,Software Support,Resolved,Desktop,11.9,3,EMP2145,0.496,Missed
TKT16882,2025-05-03,2025-05-03,OK,Finance,Mumbai,Hardware,Medium,Hardware Support,Resolved,Desktop,1.9,4,EMP2389,0.079,Met
TKT15841,2025-01-23,2025-01-24,OK,Sales,Mumbai,Printer,Medium,Hardware Support,Resolved,Printer,32.9,5,EMP2225,1.371,Missed
TKT16870,2024-07-05,,OK,Marketing,Pune,Network,Low,Network Support,In Progress,Desktop,0,,EMP1520,0,Met
TKT15436,2025-04-13,2025-04-13,OK,HR,Mumbai,Network,Medium,Network Support,Resolved,Mobile,12.3,5,EMP2337,0.513,Met
TKT15997,2025-01-14,2025-01-14,OK,Marketing,Mumbai,Access,Medium,Identity & Access Team,Resolved,Laptop,23.7,3,EMP2054,0.988,Met
TKT12852,2024-11-08,2024-11-11,OK,Legal,Delhi,Software,Low,Software Support,Resolved,Desktop,94.4,4,EMP2147,3.933,Missed
TKT14017,2024-03-12,2024-03-12,OK,Finance,Chennai,Network,Medium,Network Support,Resolved,Laptop,14.4,5,EMP1941,0.6,Met
TKT14730,2024-09-24,,OK,Sales,Chennai,Network,High,Network Support,In Progress,Server,0,,EMP1192,0,Met
TKT13710,2025-04-27,,OK,Sales,Hyderabad,Software,High,Software Support,Open,Desktop,0,,EMP1401,0,Met
TKT10010,2024-04-27,2024-04-29,OK,Sales,Hyderabad,Software,Low,Software Support,Resolved,Laptop,48,,EMP2396,2,Met
TKT15936,2025-06-22,2025-06-22,OK,Operations,Pune,Hardware,High,Hardware Support,Resolved,Server,0,2,EMP1431,0,Met
TKT16491,2025-05-20,,OK,Admin,Bangalore,Network,Low,Network Support,Open,Server,0,,EMP2017,0,Met
TKT11578,2024-08-22,2024-08-22,OK,Operations,Bangalore,network,Critical,Network Support,Resolved,Desktop,5,1,EMP1680,0.208,Missed
TKT13836,2024-02-17,2024-02-18,OK,Sales,Bangalore,Network,Low,Network Support,Resolved,Mobile,46.3,,EMP1134,1.929,Met
TKT14270,2024-04-08,,OK,Sales,Bangalore,network,Medium,Network Support,In Progress,Laptop,0,,EMP1569,0,Met
TKT16027,2024-05-02,2024-05-02,OK,Sales,Bangalore,Hardware,Medium,Hardware Support,Resolved,Desktop,4.6,4,EMP2082,0.192,Met
TKT13880,2024-05-28,2024-05-28,OK,IT,Bangalore,Email,High,Email & Messaging Team,Resolved,Desktop,1.9,5,EMP1783,0.079,Met
TKT12935,2024-08-27,2024-08-30,OK,Operations,Mumbai,Printer,LOW,Hardware Support,Closed,Printer,89.5,4,EMP2105,3.729,Missed
TKT16190,2024-03-07,2024-03-07,OK,Legal,Mumbai,Software,HIGH,Software Support,Closed,Laptop,1.7,3,EMP1621,0.071,Met
TKT15640,2025-02-18,2025-02-18,OK,IT,Hyderabad,Network,Medium,Network Support,Resolved,Laptop,15.1,5,EMP1310,0.629,Met
TKT14370,2024-12-15,2024-12-15,OK,Admin,Pune,Software,High,Software Support,Resolved,Desktop,0.8,3,EMP1551,0.033,Met
TKT12271,2024-10-29,2024-10-29,OK,Sales,Pune,Access,Medium,Identity & Access Team,Closed,Mobile,9.9,5,EMP1551,0.413,Met
TKT13700,2024-07-31,2024-07-31,OK,Operations,Chennai,Software,Medium,Software Support,Resolved,Desktop,11.5,3,EMP2135,0.479,Met
TKT16780,2025-06-16,2025-06-16,OK,Finance,Mumbai,Access,Medium,Identity & Access Team,Resolved,Mobile,14.5,,EMP1460,0.604,Met
TKT11777,2024-07-12,2024-07-12,OK,Operations,Hyderabad,Software,Low,Software Support,Resolved,Desktop,21.1,4,EMP1531,0.879,Met
TKT16532,2024-08-13,2024-08-13,OK,Finance,Chennai,Email,Medium,Email & Messaging Team,Resolved,Desktop,17.5,5,EMP1922,0.729,Met
TKT13883,2024-03-12,2024-03-16,OK,Legal,Pune,Network,Low,Network Support,Resolved,Desktop,109.7,4,EMP2162,4.571,Missed
TKT11536,2024-05-01,,OK,Legal,Chennai,Email,High,Email & Messaging Team,Open,Mobile,0,,EMP1169,0,Met
TKT15473,2024-07-24,2024-07-24,OK,Legal,Mumbai,Software,Critical,Software Support,Closed,Tablet,1.5,3,EMP1403,0.063,Met
TKT13162,2024-01-20,,OK,Legal,Pune,Hardware,High,Hardware Support,In Progress,Desktop,0,,EMP2378,0,Met
TKT12227,2025-01-23,2025-01-23,OK,Sales,Pune,Hardware,CRITICAL,Hardware Support,Resolved,Laptop,3.5,3,EMP1120,0.146,Met
TKT10697,2025-04-08,2025-04-09,OK,Sales,Pune,Hardware,LOW,Hardware Support,Resolved,Server,43.8,4,EMP1691,1.825,Met
TKT10122,2025-04-07,2025-04-07,OK,Sales,Delhi,Access,Medium,Identity & Access Team,Resolved,Laptop,9.4,5,EMP1077,0.392,Met
TKT13874,2024-12-02,,OK,Admin,Chennai,Email,High,Email & Messaging Team,In Progress,Mobile,0,,EMP1611,0,Met
TKT15543,2025-02-05,2025-02-05,OK,Sales,Pune,Email,High,Email & Messaging Team,Resolved,Tablet,14.5,5,EMP2260,0.604,Missed
TKT12526,2024-04-22,2024-04-23,OK,Operations,Hyderabad,Network,Low,Network Support,Resolved,Desktop,24.2,5,EMP1811,1.008,Met
TKT11462,2024-09-20,2024-09-20,OK,Admin,Mumbai,Network,High,Network Support,Closed,Desktop,10.9,5,EMP2202,0.454,Missed
TKT10240,2024-05-21,2024-05-21,OK,IT,Mumbai,NETWORK,Medium,Network Support,Resolved,Mobile,23.8,3,EMP2177,0.992,Met
TKT11760,2024-12-08,2024-12-08,OK,Finance,Pune,Access,High,Identity & Access Team,Resolved,Mobile,14,3,EMP1372,0.583,Missed
TKT12294,2024-08-13,2024-08-14,OK,Finance,Mumbai,Hardware,Medium,Hardware Support,Resolved,Laptop,24.8,3,EMP1755,1.033,Missed
TKT10069,2024-08-18,2024-08-19,OK,Sales,Delhi,Email,Medium,Email & Messaging Team,Resolved,Desktop,24.3,3,EMP2326,1.013,Missed
TKT12174,2025-03-23,2025-03-23,OK,Marketing,Mumbai,Software,High,Software Support,Resolved,Tablet,5.3,5,EMP2354,0.221,Met
TKT10549,2025-05-15,2025-05-16,OK,Operations,Chennai,Network,Medium,Network Support,Closed,Laptop,37.2,5,EMP2339,1.55,Missed
TKT13974,2025-06-08,2025-06-09,OK,Admin,Pune,Network,Low,Network Support,Resolved,Laptop,44,4,EMP1152,1.833,Met
TKT11793,2024-12-17,2024-12-17,OK,HR,Bangalore,Printer,High,Hardware Support,Closed,Printer,2.4,4,EMP1789,0.1,Met
TKT14150,2024-10-02,2024-10-02,OK,Admin,Pune,Network,High,Network Support,Closed,Server,1,3,EMP1026,0.042,Met
TKT13581,2025-06-06,2025-06-07,OK,Operations,Mumbai,Network,Medium,Network Support,Resolved,Server,28,1,EMP1255,1.167,Missed
TKT11754,2024-08-04,2024-08-05,OK,IT,Mumbai,Software,Medium,Software Support,Resolved,Desktop,25.6,4,EMP2210,1.067,Missed
TKT12266,2025-02-16,2025-02-16,OK,Operations,Delhi,Access,High,Identity & Access Team,Closed,Laptop,1,4,EMP2221,0.042,Met
TKT15481,2024-01-24,2024-01-24,OK,Admin,Hyderabad,Software,Medium,Software Support,Resolved,Laptop,21,5,EMP1346,0.875,Met
TKT10728,2024-11-15,2024-11-15,OK,IT,Bangalore,Software,High,Software Support,Resolved,Laptop,1.4,5,EMP2197,0.058,Met
TKT14746,2025-05-04,2025-05-05,OK,Unknown,Pune,Access,Low,Identity & Access Team,Resolved,Desktop,42.5,5,EMP1002,1.771,Met
TKT16393,2024-05-04,2024-05-06,OK,Marketing,Mumbai,Email,Low,Email & Messaging Team,Resolved,Laptop,48.8,4,EMP1393,2.033,Missed
TKT13795,2025-05-10,2025-05-10,OK,Admin,Pune,Software,Critical,Software Support,Resolved,Desktop,7.3,3,EMP2354,0.304,Missed
TKT11109,2025-02-22,2025-02-22,OK,Sales,Pune,Network,High,Network Support,Resolved,Laptop,9.7,3,EMP1046,0.404,Missed
TKT14088,2024-11-22,2024-11-22,OK,Finance,Pune,Access,Low,Identity & Access Team,Closed,Mobile,8.2,,EMP1653,0.342,Met
TKT16869,2024-12-06,2024-12-07,OK,Admin,Mumbai,Network,medium,Hardware Support,Resolved,Mobile,25.5,2,EMP1891,1.063,Missed
TKT10109,2025-06-03,2025-06-08,OK,Operations,Chennai,Access,Low,Identity & Access Team,Resolved,Desktop,130.1,4,EMP1435,5.421,Missed
TKT16647,2024-03-15,2024-03-16,OK,Finance,Mumbai,Access,Low,Identity & Access Team,Resolved,Laptop,42.3,5,EMP1489,1.763,Met
TKT11604,2024-03-10,2024-03-11,OK,Finance,Bangalore,Printer,Medium,Hardware Support,Resolved,Printer,28.4,5,EMP1870,1.183,Missed
TKT10228,2024-03-11,2024-03-11,OK,Operations,Pune,Access,Low,Identity & Access Team,Closed,Desktop,18.1,3,EMP1837,0.754,Met
TKT10547,2024-11-11,2024-11-11,OK,Finance,Pune,Access,Medium,Identity & Access Team,Closed,Laptop,23.2,5,EMP2023,0.967,Met
TKT10924,2024-10-28,2024-10-28,OK,Operations,Hyderabad,Hardware,Medium,Network Support,Resolved,Server,5.5,4,EMP1956,0.229,Met
TKT16578,2024-04-12,2024-04-12,OK,IT,Bangalore,Software,Medium,Software Support,Resolved,Laptop,8.3,4,EMP2059,0.346,Met
TKT10275,2024-05-25,,OK,Sales,Delhi,Hardware,High,Identity & Access Team,Open,Desktop,0,,EMP1573,0,Met
TKT14449,2025-06-16,,OK,Legal,Mumbai,Access,Medium,Identity & Access Team,In Progress,Desktop,0,,EMP1519,0,Met
TKT16405,2024-08-27,,OK,Legal,Bangalore,Email,Medium,Email & Messaging Team,In Progress,Tablet,0,,EMP2258,0,Met
TKT14372,2024-01-27,2024-01-27,OK,Finance,Bangalore,Network,High,Network Support,Resolved,Laptop,1.6,5,EMP1890,0.067,Met
TKT16829,2024-10-08,2024-10-09,OK,Finance,Pune,Software,Medium,Software Support,Resolved,Desktop,37.8,4,EMP1023,1.575,Missed
TKT13287,2025-01-09,2025-01-09,OK,Legal,Pune,Printer,Medium,Hardware Support,Resolved,Printer,18.1,1,EMP2304,0.754,Met
TKT16314,2024-08-26,2024-08-26,OK,Legal,Chennai,Access,High,Identity & Access Team,Resolved,Mobile,4.3,3,EMP1198,0.179,Met
TKT13205,2024-06-13,2024-06-16,OK,Admin,Bangalore,Network,Medium,Network Support,Resolved,desktop,80.1,3,EMP1580,3.338,Missed
TKT14698,2024-07-20,2024-07-22,OK,Finance,Mumbai,Access,Low,Identity & Access Team,Closed,Laptop,63.1,5,EMP1081,2.629,Missed
TKT15099,2024-02-18,2024-02-18,OK,Sales,Chennai,Software,Critical,Email & Messaging Team,Closed,Laptop,12.2,3,EMP1475,0.508,Missed
TKT14795,2024-02-12,2024-02-12,OK,Finance,Bangalore,Software,High,Software Support,Closed,Tablet,4.9,3,EMP1390,0.204,Met
TKT14019,2024-03-17,2024-03-18,OK,HR ,Chennai,Access,Medium,Identity & Access Team,Resolved,Mobile,37.7,4,EMP1567,1.571,Missed
TKT14482,2025-04-20,,OK,Legal,Mumbai,Access,Medium,Identity & Access Team,Open,Mobile,0,,EMP1662,0,Met
TKT10271,2025-06-12,2025-06-12,OK,Operations,Mumbai,Network,Medium,Network Support,Resolved,Laptop,5.7,,EMP1094,0.238,Met
TKT11085,2025-06-30,2025-07-01,OK,Finance,Delhi,Email,Low,Email & Messaging Team,Resolved,Tablet,30,5,EMP1146,1.25,Met
TKT12181,2024-11-05,2024-11-05,OK,Marketing,Bangalore,Email,Medium,Email & Messaging Team,Resolved,Desktop,22.2,4,EMP2285,0.925,Met
TKT10821,2024-08-09,,OK,Finance,Chennai,Hardware,High,Hardware Support,Open,Laptop,0,,EMP2211,0,Met
TKT12801,2024-11-25,2024-11-25,OK,Finance,Bangalore,Software,Medium,Software Support,Resolved,Tablet,12.8,3,EMP2221,0.533,Met
TKT16547,2024-04-08,2024-04-10,OK,HR,Bangalore,network,MEDIUM,Hardware Support,Resolved,SERVER,69.7,,EMP2278,2.904,Missed
TKT14776,2025-04-26,2025-04-26,OK,Sales,Pune,Access,Medium,Identity & Access Team,Closed,Desktop,21.4,3,EMP1894,0.892,Met
TKT14586,2024-12-11,2024-12-12,OK,Admin,Chennai,Hardware,Medium,Hardware Support,Resolved,Desktop,28.3,4,EMP2367,1.179,Missed
TKT10567,2025-02-19,,OK,Operations,Chennai,Access,Critical,Identity & Access Team,In Progress,Laptop,0,,EMP1378,0,Met
TKT13908,2024-07-01,2024-07-01,OK,Operations,Mumbai,Hardware,MEDIUM,Hardware Support,Resolved,Desktop,18.3,5,EMP2172,0.763,Met
TKT14350,2024-12-01,2024-12-02,OK,Operations,Bangalore,Hardware,Low,Hardware Support,Resolved,server,40.3,5,EMP1844,1.679,Met
TKT11880,2024-10-24,2024-10-24,OK,Legal,Mumbai,Software,High,Software Support,Resolved,Laptop,8.5,5,EMP1504,0.354,Missed
TKT13811,2025-04-29,2025-05-01,OK,Admin,Hyderabad,Software,Medium,Software Support,Resolved,TABLET,58.1,,EMP1799,2.421,Missed
TKT16823,2024-04-05,2024-04-05,OK,IT,Mumbai,Email,Medium,Email & Messaging Team,Resolved,Laptop,12,2,EMP1227,0.5,Met
TKT15499,2024-11-23,,OK,Operations,Mumbai,Access,Critical,Identity & Access Team,In Progress,Mobile,0,,EMP1112,0,Met
TKT16766,2025-05-23,2025-05-23,OK,Operations,Delhi,Hardware,High,Hardware Support,Resolved,Desktop,0.9,3,EMP2077,0.038,Met
TKT11706,2024-05-09,2024-05-11,OK,Operations,Bangalore,Network,Medium,Network Support,Closed,Desktop,50.8,2,EMP2284,2.117,Missed
TKT11667,2024-01-05,2024-01-05,OK,Legal,Pune,Network,Medium,Network Support,Resolved,Server,9.1,5,EMP1990,0.379,Met
TKT15408,2024-07-15,2024-07-15,OK,Sales,Pune,Email,Medium,Email & Messaging Team,Resolved,Laptop,12.8,2,EMP1658,0.533,Met
TKT11874,2024-05-04,2024-05-04,OK,Finance,Chennai,Hardware,High,Hardware Support,Closed,Server,9.7,4,EMP2178,0.404,Missed
TKT11593,2024-11-07,,OK,Operations,Pune,Email,Critical,Email & Messaging Team,In Progress,Tablet,0,,EMP2095,0,Met
TKT11330,2024-04-03,2024-04-04,OK,Sales,Delhi,Email,Medium,Email & Messaging Team,Resolved,Desktop,42.9,,EMP2002,1.788,Missed
TKT16495,2024-02-25,2024-02-25,OK,IT,Bangalore,Email,High,Email & Messaging Team,Resolved,Desktop,16.5,4,EMP1309,0.688,Missed
TKT14864,2024-11-05,2024-11-05,OK,Finance,Bangalore,Email,Medium,Email & Messaging Team,Resolved,Laptop,12.5,4,EMP1212,0.521,Met
TKT14184,2024-07-24,2024-07-25,OK,Sales,Delhi,Network,Medium,Network Support,Resolved,Server,35.3,3,EMP1286,1.471,Missed
TKT12110,2024-12-22,2024-12-23,OK,HR ,Pune,Software,Medium,Software Support,Resolved,TABLET,31.8,3,EMP2288,1.325,Missed
TKT12512,2024-01-10,2024-01-15,OK,Finance,Bangalore,Email,Low,Email & Messaging Team,Resolved,Desktop,129.4,4,EMP1572,5.392,Missed
TKT12946,2025-05-08,2025-05-08,OK,Unknown,Mumbai,Access,Medium,Identity & Access Team,Resolved,Mobile,15.1,1,EMP1395,0.629,Met
TKT10642,2025-04-18,,OK,Legal,Mumbai,Printer,Low,Hardware Support,In Progress,Printer,0,,EMP1406,0,Met
TKT10482,2024-05-25,2024-05-27,OK,IT,Chennai,Software,Medium,Software Support,Resolved,LAPTOP,59.5,4,EMP1949,2.479,Missed
TKT11038,2024-12-03,,OK,Sales,Mumbai,Email,Medium,Email & Messaging Team,Open,Laptop,0,,EMP1264,0,Met
TKT12399,2025-05-30,2025-05-30,OK,Finance,Pune,Printer,Medium,Hardware Support,Resolved,Printer,18.2,4,EMP1818,0.758,Met
TKT10639,2024-11-17,2024-11-18,OK,Marketing,Pune,Software,Medium,Software Support,Resolved,Laptop,31.9,3,EMP2179,1.329,Missed
TKT12378,2024-04-12,2024-04-13,OK,Operations,Mumbai,Network,Medium,Network Support,Resolved,Server,41.5,5,EMP1228,1.729,Missed
TKT11860,2024-10-12,2024-10-12,OK,Sales,Pune,Software,High,Software Support,Resolved,Desktop,9.8,5,EMP1781,0.408,Missed
TKT12967,2025-06-21,2025-06-21,OK,Legal,Chennai,Network,High,Network Support,Resolved,Server,1.8,4,EMP2290,0.075,Met
TKT16249,2024-04-28,2024-04-28,OK,Operations,Mumbai,Network,Critical,Network Support,Resolved,Desktop,0.8,5,EMP1632,0.033,Met
TKT12330,2025-06-20,2025-06-20,OK,Operations,Mumbai,Software,High,Software Support,Resolved,Tablet,1.5,5,EMP1480,0.063,Met
TKT11665,2024-04-21,,OK,Finance,Pune,Software,Critical,Software Support,In Progress,Desktop,0,,EMP2345,0,Met
TKT10218,2024-11-30,,OK,Finance,Mumbai,Network,Medium,Network Support,Open,Mobile,0,,EMP1060,0,Met
TKT13946,2024-02-21,2024-02-21,OK,Legal,Chennai,Access,Medium,Identity & Access Team,Resolved,Desktop,17.6,1,EMP1291,0.733,Met
TKT11691,2025-01-23,2025-01-23,OK,HR,Mumbai,Network,Medium,Network Support,Resolved,Laptop,23.5,5,EMP1641,0.979,Met
TKT11429,2024-01-17,2024-01-17,OK,Finance,Mumbai,Software,High,Software Support,Resolved,Laptop,9.3,5,EMP1156,0.388,Missed
TKT16323,2024-01-27,2024-01-30,OK,Marketing,Mumbai,Network,Low,Network Support,Closed,Desktop,75.4,5,EMP1707,3.142,Missed
TKT11740,2025-03-29,2025-03-29,OK,IT,Chennai,Software,High,Software Support,Resolved,Laptop,0.8,3,EMP1464,0.033,Met
TKT12183,2025-06-02,2025-06-02,OK,Operations,Pune,Network,High,Network Support,Closed,Desktop,6.3,2,EMP2355,0.263,Met
TKT13730,2024-04-28,2024-04-29,OK,Admin,Mumbai,Software,Low,Software Support,Resolved,Tablet,25.4,4,EMP1821,1.058,Met
TKT14667,2024-06-06,2024-06-09,OK,Finance,Mumbai,Network,Low,Network Support,Resolved,Laptop,75.1,3,EMP1433,3.129,Missed
TKT15305,2024-02-27,2024-02-27,OK,Finance,Chennai,Software,Medium,Software Support,Resolved,Laptop,14.6,,EMP2233,0.608,Met
TKT12960,2024-02-20,2024-02-20,OK,Legal,Pune,Hardware,Critical,Hardware Support,Resolved,Laptop,1.8,1,EMP1444,0.075,Met
TKT13537,2024-10-05,2024-10-05,OK,IT,Delhi,Email,HIGH,Email & Messaging Team,Resolved,Laptop,2.6,4,EMP1074,0.108,Met
TKT14062,2024-11-30,2024-11-30,OK,IT,Hyderabad,Printer,Critical,Hardware Support,Resolved,Printer,2.9,4,EMP2213,0.121,Met
TKT11111,2024-07-30,,OK,HR,Bangalore,Access,High,Identity & Access Team,In Progress,Laptop,0,,EMP2182,0,Met
TKT11692,2024-06-02,2024-06-02,OK,HR,Pune,Software,High,Software Support,Resolved,Laptop,0.9,4,EMP1448,0.038,Met
TKT14735,2025-06-08,2025-06-10,OK,Operations,Hyderabad,Access,Low,Identity & Access Team,Resolved,Mobile,56.2,5,EMP2283,2.342,Missed
TKT11977,2025-03-04,2025-03-04,OK,Sales,Mumbai,Network,Medium,Network Support,Resolved,Desktop,12.9,,EMP1171,0.538,Met
TKT13507,2025-06-05,2025-06-05,OK,Operations,Bangalore,Access,Medium,Identity & Access Team,Resolved,Mobile,14.3,,EMP2201,0.596,Met
TKT11837,2024-03-03,2024-03-03,OK,Legal,Hyderabad,Network,High,Network Support,Resolved,Mobile,19.9,3,EMP1037,0.829,Missed
TKT11444,2024-10-09,2024-10-09,OK,Sales,Bangalore,Software,High,Software Support,Resolved,Desktop,4.5,5,EMP1691,0.188,Met
TKT13638,2025-05-04,2025-05-04,OK,IT,Mumbai,Software,High,Software Support,Resolved,Desktop,0,3,EMP2313,0,Met
TKT12574,2024-08-22,2024-08-23,OK,Admin,Chennai,Software,Low,Software Support,Resolved,Desktop,26,5,EMP1611,1.083,Met
TKT16123,2024-10-04,,OK,HR,Bangalore,Email,High,Email & Messaging Team,Open,Mobile,0,,EMP1961,0,Met
TKT12172,2024-05-17,2024-05-21,OK,Marketing,Bangalore,Software,Low,NA,Resolved,Laptop,103.9,4,EMP1054,4.329,Missed
TKT12753,2024-12-15,2024-12-15,OK,Sales,Mumbai,Software,Medium,Software Support,Resolved,tablet,3.3,4,EMP2187,0.138,Met
TKT13412,2024-11-03,2024-11-04,OK,Sales,Pune,Network,Low,Network Support,Resolved,Laptop,32.1,2,EMP2235,1.338,Met
TKT14455,2025-02-11,2025-02-11,OK,Legal,Hyderabad,Software,Medium,Software Support,Resolved,Desktop,4.8,5,EMP1067,0.2,Met
TKT12676,2024-12-16,2024-12-17,OK,HR,Pune,Network,Low,Email & Messaging Team,Resolved,Laptop,28.4,3,EMP1175,1.183,Met
TKT10133,2025-05-07,2025-05-07,OK,Sales,Mumbai,Network,High,Network Support,Resolved,server,7.8,2,EMP1760,0.325,Met
TKT16173,2024-05-19,2024-05-19,OK,Admin,Mumbai,Printer,Low,Hardware Support,Resolved,Printer,19.1,5,EMP1438,0.796,Met
TKT15688,2024-12-18,2024-12-20,OK,Operations,Delhi,Network,Low,Network Support,Resolved,Server,64.5,3,EMP1006,2.688,Missed
TKT15143,2024-06-12,2024-06-12,OK,Operations,Delhi,Email,Medium,Email & Messaging Team,Resolved,Tablet,19.1,4,EMP1134,0.796,Met
TKT12032,2024-11-08,2024-11-08,OK,Legal,Pune,Access,Medium,Identity & Access Team,Resolved,Mobile,6.3,4,EMP2000,0.263,Met
TKT16064,2025-03-01,2025-03-01,OK,HR,Hyderabad,Access,High,Identity & Access Team,Resolved,Desktop,2.1,3,EMP2087,0.088,Met
TKT15080,2024-11-25,2024-11-25,OK,IT,Mumbai,Network,High,Network Support,Resolved,Laptop,3,3,EMP1373,0.125,Met
TKT14109,2024-10-31,,OK,Legal,Bangalore,Software,Medium,Software Support,Open,Laptop,0,,EMP1250,0,Met
TKT10604,2024-07-04,,OK,Admin,Chennai,Software,Medium,Software Support,Open,Tablet,0,,EMP1726,0,Met
TKT11965,2024-10-09,2024-10-09,OK,Marketing,Mumbai,Hardware,High,Hardware Support,Closed,laptop,7.9,5,EMP2021,0.329,Met
TKT11557,2024-10-11,2024-10-11,OK,HR,Bangalore,Email,Medium,Email & Messaging Team,Resolved,Laptop,19.3,4,EMP1618,0.804,Met
TKT15278,2024-09-26,2024-09-26,OK,Operations,Bangalore,Software,High,Software Support,Resolved,Laptop,13.7,3,EMP2190,0.571,Missed
TKT16825,2025-04-29,2025-04-29,OK,Operations,Mumbai,Email,Medium,Email & Messaging Team,Resolved,Desktop,6.4,3,EMP2165,0.267,Met
TKT13713,2025-06-26,2025-06-28,OK,Marketing,Mumbai,Hardware,Low,Hardware Support,Resolved,Desktop,65.2,3,EMP2261,2.717,Missed
TKT14231,2025-04-18,2025-04-18,OK,Finance,Pune,Email,Medium,NA,Closed,Tablet,3.5,1,EMP1178,0.146,Met
TKT12723,2024-06-01,2024-06-01,OK,Finance,Delhi,Hardware,Medium,Hardware Support,Resolved,Desktop,15.8,3,EMP1376,0.658,Met
TKT13711,2024-01-11,2024-01-15,OK,Finance,Delhi,Software,Low,Software Support,Resolved,Tablet,103.4,,EMP2234,4.308,Missed
TKT15227,2025-02-09,2025-02-09,OK,Marketing,Chennai,Software,Critical,Software Support,Resolved,Tablet,2.2,,EMP1431,0.092,Met
TKT13593,2025-01-22,2025-01-22,OK,IT,Pune,Printer,High,Hardware Support,Resolved,Printer,1.1,4,EMP1388,0.046,Met
TKT15769,2025-03-28,2025-03-28,OK,Marketing,Hyderabad,Access,High,Hardware Support,Resolved,Desktop,17.7,5,EMP1396,0.738,Missed
TKT16254,2025-05-10,,OK,Unknown,Bangalore,Software,Critical,Software Support,Open,Tablet,0,,EMP2236,0,Met
TKT13901,2024-06-26,2024-06-27,OK,Operations,Mumbai,Network,Medium,Network Support,Resolved,Desktop,41.4,5,EMP2315,1.725,Missed
TKT11710,2024-06-14,2024-06-15,OK,Sales,Mumbai,Software,Medium,Software Support,Resolved,Laptop,25,5,EMP2225,1.042,Missed
TKT13206,2024-10-22,2024-10-22,OK,Sales,Pune,Printer,High,Hardware Support,Closed,Printer,2.1,2,EMP1501,0.088,Met
TKT11608,2025-04-26,2025-04-26,OK,Finance,Pune,Hardware,Critical,Hardware Support,Closed,Desktop,6.9,,EMP1991,0.288,Missed
TKT10405,2025-03-25,2025-03-31,OK,Sales,Delhi,Network,LOW,Network Support,Resolved,Desktop,159.7,5,EMP1021,6.654,Missed
TKT15239,2025-06-14,,OK,Operations,Pune,Software,Medium,Software Support,Open,Laptop,0,,EMP1320,0,Met
TKT16396,2024-03-08,,OK,Admin,Mumbai,Printer,Low,Hardware Support,In Progress,Printer,0,,EMP2352,0,Met
TKT14678,2024-10-29,2024-10-29,OK,Sales,Bangalore,Printer,Medium,Hardware Support,Resolved,Printer,0.3,5,EMP1054,0.013,Met
TKT16444,2025-05-19,2025-05-19,OK,Finance,Bangalore,Network,Low,Network Support,Resolved,Server,19.5,5,EMP2038,0.813,Met
TKT16184,2025-05-01,2025-05-01,OK,Admin,Mumbai,Network,Medium,Network Support,Closed,Server,8.4,4,EMP1275,0.35,Met
TKT11319,2024-02-04,2024-02-05,OK,Sales,Delhi,Network,Medium,Network Support,Resolved,Laptop,28.3,5,EMP1571,1.179,Missed
TKT14071,2024-09-01,2024-09-01,OK,Sales,Mumbai,Printer, High,Hardware Support,Resolved,Printer,4.4,2,EMP1500,0.183,Unknown Priority:  High
TKT14781,2024-03-28,2024-03-28,OK,Admin,Hyderabad,Hardware,Medium,Hardware Support,Resolved,Server,13.4,4,EMP1915,0.558,Met
TKT15330,2025-03-29,2025-03-30,OK,Sales,Pune,Software,High,Software Support,Resolved,Desktop,32.6,,EMP1007,1.358,Missed
TKT10256,2025-03-08,,OK,Marketing,Bangalore,Software,CRITICAL,Software Support,Open,Laptop,0,,EMP1270,0,Met
TKT15435,2024-01-22,,OK,HR,Hyderabad,Printer,Medium,Hardware Support,In Progress,Printer,0,,EMP2054,0,Met
TKT16541,2024-11-04,2024-11-05,OK,Legal,Pune,Software,Low,Software Support,Resolved,Desktop,40.8,5,EMP1273,1.7,Met
TKT15467,2025-04-08,2025-04-08,OK,Marketing,Mumbai,Email,High,Email & Messaging Team,Resolved,Laptop,7.8,3,EMP1739,0.325,Met
TKT16505,2025-06-27,,OK,Marketing,Delhi,Hardware,Low,Hardware Support,Open,Laptop,0,,EMP1929,0,Met
TKT13860,2024-02-25,2024-02-28,OK,Sales,Mumbai,Hardware,Low,Hardware Support,Closed,Desktop,80.7,2,EMP2072,3.363,Missed
TKT12542,2024-12-20,,OK,Marketing,Chennai,Software,Low,Software Support,In Progress,Desktop,0,,EMP1431,0,Met
TKT11443,2024-08-13,2024-08-13,OK,IT,Bangalore,Email,Critical,Email & Messaging Team,Resolved,Desktop,5.2,3,EMP2303,0.217,Missed
TKT11148,2025-03-18,2025-03-18,OK,Admin,Pune,Hardware,High,Hardware Support,Resolved,Desktop,9.6,3,EMP1043,0.4,Missed
TKT12187,2025-02-02,2025-02-02,OK,Sales,Hyderabad,Email,High,Email & Messaging Team,Closed,Tablet,4.8,4,EMP1361,0.2,Met
TKT14871,2024-12-15,2024-12-16,OK,Operations,Mumbai,Email,Low,Email & Messaging Team,Resolved,Laptop,45.5,2,EMP2329,1.896,Met
TKT13541,2025-04-01,,OK,Admin,Bangalore,Network,Medium,Network Support,Open,Server,0,,EMP1750,0,Met
TKT11973,2024-11-03,2024-11-03,OK,IT,Delhi,Hardware,Medium,Identity & Access Team,Resolved,Laptop,6.6,4,EMP1093,0.275,Met
TKT15832,2024-09-28,2024-09-28,OK,Sales,Delhi,Network,High,Network Support,Resolved,Laptop,18.2,4,EMP1348,0.758,Missed
TKT14217,2024-01-26,2024-01-26,OK,Finance,Mumbai,Access,Medium,Identity & Access Team,Resolved,Mobile,15.9,5,EMP2120,0.663,Met
TKT15871,2025-02-05,2025-02-06,OK,Marketing,Delhi,Email,Low,Email & Messaging Team,Resolved,Laptop,25.7,4,EMP1731,1.071,Met
TKT11613,2024-09-09,,OK,Finance,Pune,Access,High,Identity & Access Team,Open,Desktop,0,,EMP1781,0,Met
TKT11869,2024-06-12,2024-06-12,OK,IT,Mumbai,Network,High,Network Support,Resolved,Mobile,4.4,,EMP2071,0.183,Met
TKT16038,2025-06-30,2025-06-30,OK,Operations,Hyderabad,Hardware,Medium,Hardware Support,Resolved,Server,10.8,3,EMP1231,0.45,Met
TKT10769,2024-08-11,2024-08-11,OK,HR,Mumbai,Access,High,Identity & Access Team,Resolved,Laptop,5.8,4,EMP1841,0.242,Met
TKT16873,2025-01-12,2025-01-16,OK,Operations,Mumbai,Printer, Low,Hardware Support,Resolved,Printer,98.4,2,EMP1136,4.1,Unknown Priority:  Low
TKT15135,2024-07-17,2024-07-17,OK,Legal,Chennai,Access,High,Identity & Access Team,Resolved,Laptop,4.4,5,EMP2330,0.183,Met
TKT10023,2025-06-27,,OK,Marketing,Bangalore,Access,Critical,Identity & Access Team,In Progress,Mobile,0,,EMP1322,0,Met
TKT12633,2024-05-29,2024-05-30,OK,Operations,Delhi,Hardware,Low,Hardware Support,Resolved,Server,29.5,3,EMP1924,1.229,Met
TKT11744,2024-07-06,2024-07-07,OK,Legal,Chennai,Software,Low,Software Support,Resolved,Tablet,31.4,,EMP1183,1.308,Met
TKT15019,2025-04-29,2025-04-29,OK,Sales,Mumbai,Hardware,Medium,Hardware Support,Resolved,Desktop,19,4,EMP2182,0.792,Met
TKT11544,2025-06-29,2025-06-29,OK,Unknown,Mumbai,Hardware,High,Hardware Support,Resolved,Desktop,3.9,4,EMP1338,0.163,Met
TKT12816,2024-03-19,2024-03-19,OK,Sales,Chennai,Hardware,Low,Hardware Support,Resolved,Laptop,3.1,1,EMP1429,0.129,Met
TKT14208,2025-05-31,2025-05-31,OK,Finance,Pune,Access,High,Identity & Access Team,Closed,Desktop,11,5,EMP1713,0.458,Missed
TKT11270,2024-09-09,2024-09-10,OK,Operations,Chennai,Hardware,Low,Hardware Support,Resolved,Desktop,24.2,,EMP1428,1.008,Met
TKT15048,2024-02-02,2024-02-02,OK,Sales,Bangalore,Network,Medium,Network Support,Closed,Mobile,22.3,4,EMP1898,0.929,Met
TKT10173,2024-05-21,2024-05-22,OK,HR,Delhi,Software,Medium,NA,Closed,Tablet,37.9,4,EMP2062,1.579,Missed
TKT10574,2024-05-31,2024-06-03,OK,Finance,Chennai,Hardware,Low,Hardware Support,Resolved,Desktop,89.3,3,EMP2016,3.721,Missed
TKT14641,2025-03-29,2025-03-29,OK,Marketing,Bangalore,Hardware,Critical,Hardware Support,Resolved,Desktop,4,1,EMP1963,0.167,Met
TKT11540,2024-08-15,,OK,Sales,Mumbai,Software,Low,Software Support,Open,Desktop,0,,EMP1866,0,Met
TKT12547,2025-01-05,2025-01-05,OK,Operations,Bangalore,Printer,High,Hardware Support,Closed,Printer,17.3,4,EMP2027,0.721,Missed
TKT11496,2025-02-16,,OK,Sales,Bangalore,Network,High,Network Support,In Progress,mobile,0,,EMP1843,0,Met
TKT10756,2025-05-17,2025-05-17,OK,Sales,Pune,Printer,Medium,Hardware Support,Resolved,Printer,19.1,1,EMP1942,0.796,Met
TKT14298,2025-03-23,2025-03-24,OK,Marketing,Mumbai,Email,Medium,Email & Messaging Team,Resolved,Laptop,28.1,4,EMP1070,1.171,Missed
TKT13127,2024-08-05,2024-08-05,OK,Marketing,Bangalore,Printer,Medium,Hardware Support,Resolved,Printer,6.4,5,EMP2284,0.267,Met
TKT14382,2025-05-09,2025-05-10,OK,IT,Mumbai,Network,MEDIUM,Network Support,Resolved,Laptop,27.7,,EMP2108,1.154,Missed
TKT11704,2024-05-10,2024-05-10,OK,Finance,Delhi,Software,Critical,Software Support,Resolved,Laptop,8.7,,EMP2280,0.363,Missed
TKT11483,2024-08-16,2024-08-16,OK,IT,Bangalore,Printer,High,Hardware Support,Resolved,Printer,6.8,5,EMP1602,0.283,Met
TKT15265,2024-07-12,2024-07-13,OK,IT,Pune,Access,Medium,Identity & Access Team,Resolved,Mobile,31.7,5,EMP1850,1.321,Missed
TKT10589,2024-10-23,2024-10-23,OK,Sales,Bangalore,Access,medium,Identity & Access Team,Closed,Laptop,10,5,EMP2134,0.417,Met
TKT14472,2024-08-15,2024-08-15,OK,Marketing,Pune,Software,Critical,Software Support,Resolved,Laptop,7.3,3,EMP1926,0.304,Missed
TKT10539,2024-03-16,2024-03-16,OK,IT,Delhi,Network,Medium,Identity & Access Team,Resolved,Server,14,4,EMP1567,0.583,Met
TKT14943,2024-06-21,2024-06-21,OK,Finance,Bangalore,Software,Critical,Software Support,Resolved,Tablet,2.7,3,EMP1044,0.113,Met
TKT11441,2024-05-18,2024-05-19,OK,Admin,Mumbai,Access,LOW,Identity & Access Team,Resolved,Desktop,40,4,EMP1108,1.667,Met
TKT10355,2024-09-11,,OK,Finance,Delhi,Access,High,Identity & Access Team,Open,Desktop,0,,EMP1560,0,Met
TKT12711,2024-06-18,2024-06-20,OK,HR,Chennai,Hardware,Medium,Hardware Support,Resolved,Server,52,5,EMP1381,2.167,Missed
TKT11294,2025-01-16,,OK,Sales,Bangalore,NETWORK,Critical,Network Support,Open,Desktop,0,,EMP1155,0,Met
TKT14112,2024-09-08,,OK,Legal,Pune,Software,Low,Software Support,In Progress,Laptop,0,,EMP2251,0,Met
TKT11005,2024-08-11,2024-08-11,OK,Legal,Bangalore,NETWORK,Critical,Network Support,Resolved,Server,1.4,5,EMP1836,0.058,Met
TKT11072,2024-05-15,2024-05-16,OK,Legal,Hyderabad,Hardware,MEDIUM,Hardware Support,Closed,Server,36.3,5,EMP1635,1.513,Missed
TKT12000,2025-05-23,2025-05-23,OK,Sales,Hyderabad,Software,Medium,Software Support,Resolved,Laptop,10.9,4,EMP1822,0.454,Met
TKT12033,2024-02-22,2024-02-23,OK,Operations,Mumbai,Software,Low,Software Support,Resolved,Desktop,43.5,2,EMP1811,1.813,Met
TKT11328,2024-05-29,2024-05-29,OK,Marketing,Mumbai,Access,Medium,Identity & Access Team,Resolved,Laptop,9.8,3,EMP2313,0.408,Met
TKT13561,2024-07-24,2024-07-25,OK,Sales,Delhi,Software,Medium,Software Support,Resolved,Desktop,24.5,,EMP1972,1.021,Missed
TKT11326,2025-02-04,,OK,Operations,Pune,Hardware,Medium,Hardware Support,In Progress,Server,0,,EMP1921,0,Met
TKT16513,2025-01-24,2025-01-25,OK,Admin,Bangalore,Network,Medium,Network Support,Resolved,Desktop,32,4,EMP2267,1.333,Missed
TKT10327,2024-03-13,2024-03-13,OK,Sales,Bangalore,Hardware,High,Hardware Support,Resolved,Server,5.6,,EMP1967,0.233,Met
TKT11571,2024-03-28,2024-03-28,OK,HR,Mumbai,Software,Critical,Software Support,Resolved,Laptop,1,4,EMP1883,0.042,Met
TKT15862,2024-05-07,2024-05-09,OK,Admin,Chennai,Software,Medium,Software Support,Closed,Laptop,49.8,4,EMP1432,2.075,Missed
TKT11548,2024-08-07,,OK,Admin,Hyderabad,Hardware,High,Hardware Support,In Progress,Server,0,,EMP1843,0,Met
TKT12268,2025-01-02,2025-01-03,OK,Legal,Pune,Software,Low,Software Support,Resolved,Laptop,36.9,5,EMP1313,1.538,Met
TKT13029,2024-07-20,,OK,Admin,Mumbai,Hardware, Critical,Hardware Support,In Progress,Laptop,0,,EMP2168,0,Unknown Priority:  Critical
TKT16748,2024-11-20,2024-11-20,OK,HR,Chennai,Email,Critical,Email & Messaging Team,Resolved,Laptop,2,5,EMP1060,0.083,Met
TKT15368,2025-01-31,2025-02-01,OK,IT,Delhi,Software,Low,Software Support,Resolved,Tablet,34.6,5,EMP1554,1.442,Met
TKT16033,2025-02-07,,OK,Admin,Pune,Email,High,Email & Messaging Team,Open,Laptop,0,,EMP1036,0,Met
TKT16791,2024-06-08,2024-06-09,OK,Legal,Bangalore,Email,Low,Email & Messaging Team,Closed,Desktop,42.6,5,EMP1901,1.775,Met
TKT14460,2025-04-25,2025-04-27,OK,Finance,Delhi,Software,Medium,Software Support,Resolved,Tablet,63.1,5,EMP1114,2.629,Missed
TKT15952,2025-01-06,2025-01-06,OK,IT,Pune,Printer,Low,Hardware Support,Resolved,Printer,17.5,5,EMP1633,0.729,Met
TKT13573,2024-09-26,2024-09-29,OK,Sales,Pune,Hardware,Low,Hardware Support,Closed,Server,89.2,,EMP2197,3.717,Missed
TKT12693,2024-07-19,2024-07-19,OK,Legal,Delhi,Access,High,Identity & Access Team,Closed,Mobile,0.9,5,EMP2147,0.038,Met
TKT13519,2024-10-15,2024-10-15,OK,HR,Bangalore,Network,Medium,Network Support,Closed,Desktop,17.9,4,EMP1009,0.746,Met
TKT15798,2024-09-08,2024-09-08,OK,Sales,Bangalore,Access,Medium,Identity & Access Team,Resolved,Desktop,23.1,5,EMP1602,0.963,Met
TKT12765,2024-10-30,2024-11-01,OK,Admin,Pune,Network,LOW,Network Support,Resolved,Laptop,56.5,5,EMP1580,2.354,Missed
TKT10565,2024-04-10,2024-04-10,OK,Admin,Pune,Software,Medium,Software Support,Resolved,TABLET,16.9,2,EMP1926,0.704,Met
TKT15417,2024-12-15,2024-12-15,OK,Legal,Delhi,Hardware,Low,Hardware Support,Closed,Desktop,19,3,EMP2346,0.792,Met
TKT15617,2025-01-20,2025-01-20,OK,IT,Pune,Software,Medium,Software Support,Resolved,Desktop,18.5,5,EMP1591,0.771,Met
TKT14582,2024-09-20,2024-09-20,OK,Admin,Mumbai,Software,High,Software Support,Resolved,Tablet,6.8,5,EMP1071,0.283,Met
TKT11121,2024-12-18,,OK,IT,Delhi,Access,LOW,Identity & Access Team,In Progress,Mobile,0,,EMP2318,0,Met
TKT16712,2025-06-08,2025-06-10,OK,HR,Bangalore,network,Low,Network Support,Resolved,Mobile,54.7,5,EMP2154,2.279,Missed
TKT13269,2024-12-25,2024-12-25,OK,HR,Hyderabad,Access,Critical,Identity & Access Team,Resolved,Mobile,0.9,5,EMP1859,0.038,Met
TKT15204,2024-08-10,2024-08-10,OK,HR ,Pune,Software,Medium,Software Support,Closed,Desktop,2.5,3,EMP1357,0.104,Met
TKT13209,2024-06-07,2024-06-08,OK,Finance,Chennai,Printer,Medium,Hardware Support,Resolved,Printer,33.6,5,EMP1420,1.4,Missed
TKT13231,2024-05-14,2024-05-14,OK,HR,Pune,network,Critical,Network Support,Closed,Desktop,0.9,3,EMP2089,0.038,Met
TKT15320,2024-01-29,2024-01-29,OK,Sales,Chennai,Software,Medium,Software Support,Resolved,Desktop,10.8,5,EMP1131,0.45,Met
TKT14005,2024-12-07,2024-12-07,OK,Operations,Pune,Network,Medium,Network Support,Resolved,Laptop,5.6,,EMP2333,0.233,Met
TKT10127,2025-02-05,2025-02-05,OK,Admin,Bangalore,Network,High,Network Support,Resolved,Server,11.1,5,EMP1264,0.463,Missed
TKT13347,2024-12-01,2024-12-01,OK,Finance,Bangalore,Hardware,High,Hardware Support,Resolved,Server,9.1,5,EMP1015,0.379,Missed
TKT12962,2024-10-06,2024-10-06,OK,Operations,Delhi,Software,high,Software Support,Closed,Tablet,4.3,3,EMP1870,0.179,Met
TKT14456,2025-06-12,,OK,Admin,Delhi,Software,Low,Software Support,In Progress,Laptop,0,,EMP1117,0,Met
TKT11118,2024-02-06,2024-02-06,OK,Operations,Mumbai,Access,High,Identity & Access Team,Resolved,Desktop,0,3,EMP1286,0,Met
TKT12961,2025-02-20,2025-02-20,OK,Finance,Chennai,Access,Low,Identity & Access Team,Resolved,laptop,8.7,,EMP1087,0.363,Met
TKT10955,2024-10-07,2024-10-08,OK,Operations,Hyderabad,Hardware,Medium,Hardware Support,Resolved,Desktop,33.7,5,EMP2283,1.404,Missed
TKT16796,2025-02-03,2025-02-03,OK,IT,Bangalore,Hardware,High,Hardware Support,Resolved,desktop,1.4,4,EMP2126,0.058,Met
TKT13217,2025-04-06,2025-04-06,OK,IT,Hyderabad,Software,Critical,Software Support,Resolved,Tablet,4.8,5,EMP1433,0.2,Missed
TKT14624,2024-07-12,2024-07-12,OK,Finance,Mumbai,Software,Medium,Identity & Access Team,Resolved,Laptop,3.3,,EMP1594,0.138,Met
TKT11173,2025-03-10,2025-03-10,OK,Operations,Delhi,Email,High,Email & Messaging Team,Resolved,desktop,7.3,5,EMP1414,0.304,Met
TKT12901,2024-09-08,2024-09-08,OK,Admin,Bangalore,Email,Medium,Email & Messaging Team,Resolved,Laptop,11.7,2,EMP1998,0.488,Met
TKT14995,2025-06-12,,OK,IT,Pune,Network,High,Network Support,In Progress,Desktop,0,,EMP2120,0,Met
TKT16995,2025-03-29,2025-03-29,OK,Sales,Delhi,Software,Medium,Software Support,Closed,Laptop,22.7,4,EMP2242,0.946,Met
TKT10342,2024-03-01,2024-03-01,OK,Sales,Chennai,Access,Medium,Identity & Access Team,Resolved,Laptop,21.2,5,EMP1326,0.883,Met
TKT11377,2024-05-16,2024-05-16,OK,Finance,Hyderabad,Access, Medium,Software Support,Resolved,Desktop,20.4,,EMP1596,0.85,Unknown Priority:  Medium
TKT16963,2024-10-10,2024-10-11,OK,Legal,Delhi,Network,Medium,Network Support,Resolved,Mobile,29,5,EMP2099,1.208,Missed
TKT11183,2025-01-26,2025-01-26,OK,Finance,Chennai,Access,Medium,Identity & Access Team,Resolved,Desktop,22.4,4,EMP1086,0.933,Met
TKT10416,2024-05-03,2024-05-03,OK,Sales,Hyderabad,Network,High,Network Support,Resolved,Desktop,9,5,EMP2061,0.375,Missed
TKT13967,2025-04-08,2025-04-08,OK,Legal,Bangalore,Network,Medium,Network Support,Closed,Server,7.4,5,EMP2153,0.308,Met
TKT15846,2024-04-03,2024-04-03,OK,Marketing,Mumbai,Hardware,Critical,Hardware Support,Resolved,Server,1,3,EMP2198,0.042,Met
TKT16746,2025-06-01,2025-06-01,OK,Admin,Delhi,Access,High,Identity & Access Team,Resolved,Mobile,20.3,3,EMP1654,0.846,Missed
TKT12846,2024-06-26,2024-06-28,OK,HR,Hyderabad,Access,MEDIUM,Identity & Access Team,Resolved,Desktop,64.5,5,EMP2193,2.688,Missed
TKT12523,2025-01-30,,OK,Sales,Bangalore,Network,Low,Network Support,Open,Server,0,,EMP1320,0,Met
TKT12895,2024-11-05,2024-11-05,OK,Marketing,Bangalore,Network,Medium,Network Support,Resolved,Server,19.2,5,EMP2002,0.8,Met
TKT12585,2024-03-03,2024-03-05,OK,IT,Delhi,Software,Low,Software Support,Resolved,Tablet,58.2,3,EMP1019,2.425,Missed
TKT11981,2025-01-14,2025-01-14,OK,Operations,Pune,Software,Medium,Software Support,Closed,Laptop,23.7,,EMP2333,0.988,Met
TKT11625,2025-02-22,,OK,IT,Hyderabad,Email,Low,Email & Messaging Team,Open,Desktop,0,,EMP1538,0,Met
TKT13862,2024-03-03,2024-03-05,OK,Legal,Pune,Network,Medium,Network Support,Closed,Mobile,53.4,2,EMP2089,2.225,Missed
TKT11958,2025-01-28,2025-01-28,OK,Legal,Hyderabad,Network,Low,Network Support,Closed,Laptop,1.8,4,EMP2233,0.075,Met
TKT12786,2024-01-21,2024-01-21,OK,Sales,Pune,Software,High,Software Support,Resolved,Tablet,1.1,5,EMP2069,0.046,Met
TKT14972,2025-06-30,2025-06-30,OK,Sales,Pune,Network,High,Network Support,Closed,LAPTOP,6.5,5,EMP1520,0.271,Met
TKT10092,2025-01-09,2025-01-09,OK,Sales,Pune,Email,High,Email & Messaging Team,Resolved,Desktop,7,3,EMP2087,0.292,Met
TKT13345,2024-06-16,2024-06-16,OK,Finance,Mumbai,Software,Medium,Software Support,Resolved,Desktop,19.8,5,EMP2121,0.825,Met
TKT11567,2024-12-24,,OK,IT,Pune,Email,Medium,Email & Messaging Team,Open,Mobile,0,,EMP1779,0,Met
TKT11619,2025-02-18,2025-02-18,OK,HR,Bangalore,Software,Medium,Software Support,Resolved,Desktop,20.4,5,EMP1780,0.85,Met
TKT11106,2025-01-06,2025-01-06,OK,Admin,Bangalore,Hardware,High,Hardware Support,Resolved,Desktop,1.9,5,EMP2290,0.079,Met
TKT11687,2025-02-21,2025-02-21,OK,IT,Mumbai,Software,High,Software Support,Resolved,laptop,12.1,4,EMP1997,0.504,Missed
TKT10828,2025-02-16,,OK,Sales,Mumbai,Access,Low,Identity & Access Team,In Progress,Mobile,0,,EMP1976,0,Met
TKT10806,2025-01-20,2025-01-20,OK,Operations,Mumbai,Email,Medium,Email & Messaging Team,Resolved,Desktop,15.8,,EMP1120,0.658,Met
TKT14896,2024-01-08,2024-01-09,OK,Marketing,Bangalore,Printer,Medium,Hardware Support,Resolved,Printer,33,3,EMP2300,1.375,Missed
TKT13255,2024-05-22,,OK,Legal,Mumbai,Access,High,Identity & Access Team,In Progress,Mobile,0,,EMP1102,0,Met
TKT11982,2025-01-15,2025-01-16,OK,Sales,Pune,Software,Medium,Software Support,Resolved,Desktop,32.8,5,EMP1233,1.367,Missed
TKT16743,2024-04-22,2024-04-24,OK,HR,Chennai,Printer,Medium,Hardware Support,Resolved,Printer,55.4,3,EMP1433,2.308,Missed
TKT12024,2025-05-03,2025-05-03,OK,Finance,Delhi,Software,Medium,Software Support,Resolved,DESKTOP,12,,EMP1860,0.5,Met
TKT10314,2025-02-20,2025-02-20,OK,Operations,Mumbai,Access,Medium,Identity & Access Team,Resolved,Desktop,8.7,5,EMP1992,0.363,Met
TKT15221,2024-06-18,2024-06-18,OK,Operations,Bangalore,Network,Medium,Network Support,Resolved,Laptop,10.6,,EMP1586,0.442,Met
TKT14875,2025-05-30,2025-05-30,OK,Admin,Pune,Email,Critical,Email & Messaging Team,Resolved,Laptop,1.3,5,EMP1464,0.054,Met
TKT14296,2024-09-17,2024-09-17,OK,Marketing,Mumbai,Network,High,Network Support,Resolved,Server,3.7,4,EMP2021,0.154,Met
TKT12781,2025-02-12,2025-02-13,OK,Finance,Hyderabad,Software,Medium,Hardware Support,Resolved,Tablet,32.5,4,EMP2069,1.354,Missed
TKT10623,2024-11-16,2024-11-17,OK,Sales,Mumbai,Network,Low,Network Support,Resolved,Server,46.3,3,EMP1409,1.929,Met
TKT12454,2025-03-20,2025-03-20,OK,Admin,Hyderabad,Access,Medium,Identity & Access Team,Resolved,desktop,14.4,4,EMP1880,0.6,Met
TKT12969,2025-02-12,2025-02-12,OK,Marketing,Bangalore,Hardware,High,Hardware Support,Closed,Laptop,6.5,3,EMP1891,0.271,Met
TKT13505,2024-05-04,2024-05-04,OK,Legal,Bangalore,Network,MEDIUM,Network Support,Resolved,Desktop,22.2,3,EMP2023,0.925,Met
TKT14027,2025-01-06,2025-01-07,OK,Sales,Pune,Access,Medium,Identity & Access Team,Resolved,Laptop,32.9,,EMP1011,1.371,Missed
TKT11292,2024-09-11,,OK,Operations,Hyderabad,Software,Medium,Software Support,In Progress,Tablet,0,,EMP1159,0,Met
TKT16169,2024-01-10,,OK,Sales,Pune,Printer,Medium,Network Support,Open,Printer,0,,EMP1150,0,Met
TKT11678,2024-01-20,2024-01-20,OK,Legal,Pune,Network,High,Network Support,Resolved,Mobile,6.4,3,EMP1291,0.267,Met
TKT15169,2025-04-04,2025-04-04,OK,Operations,Chennai,Network,Medium,Network Support,Closed,Mobile,15.9,5,EMP1592,0.663,Met
TKT16892,2025-01-15,2025-01-15,OK,Sales,Hyderabad,Access,Low,Identity & Access Team,Closed,Desktop,20.6,2,EMP1170,0.858,Met
TKT11060,2025-04-30,2025-04-30,OK,Operations,Mumbai,Software,High,Software Support,Closed,Desktop,5.3,4,EMP1727,0.221,Met
TKT15137,2025-01-11,,OK,Legal,Chennai,Email,High,Email & Messaging Team,In Progress,Laptop,0,,EMP1205,0,Met
TKT16058,2025-03-25,2025-03-25,OK,Operations,Bangalore,Software,High,Software Support,Resolved,Laptop,4.7,4,EMP1698,0.196,Met
TKT10726,2024-12-13,2024-12-13,OK,Operations,Delhi,Software,Medium,Software Support,Resolved,Tablet,21.2,,EMP2333,0.883,Met
TKT11899,2024-02-27,2024-02-27,OK,Operations,Pune,Software,High,Software Support,Resolved,Tablet,17.5,1,EMP1310,0.729,Missed
TKT12795,2024-08-23,,OK,Operations,Chennai,Network,Low,Network Support,In Progress,Mobile,0,,EMP1909,0,Met
TKT10658,2024-10-16,2024-10-16,OK,Admin,Hyderabad,Email,Medium,Email & Messaging Team,Closed,Laptop,13.9,5,EMP1661,0.579,Met
TKT14770,2024-12-29,2024-12-29,OK,Finance,Bangalore,Software,Medium,Software Support,Resolved,Laptop,13.8,5,EMP2074,0.575,Met
TKT15995,2025-02-24,,OK,HR ,Delhi,Access,Medium,Network Support,In Progress,Laptop,0,,EMP1473,0,Met
TKT12821,2025-04-16,2025-04-16,OK,Sales,Pune,Network,High,Network Support,Closed,Desktop,3.2,5,EMP1186,0.133,Met
TKT15273,2024-10-17,,OK,Operations,Bangalore,Software,High,Software Support,In Progress,Desktop,0,,EMP1474,0,Met
TKT16029,2024-03-12,,OK,Legal,Pune,Network,Low,Network Support,In Progress,Server,0,,EMP2169,0,Met
TKT11732,2025-05-25,,OK,Sales,Hyderabad,Access,High,Identity & Access Team,In Progress,Mobile,0,,EMP1099,0,Met
TKT16763,2024-10-24,,OK,Unknown,Bangalore,Hardware,High,Hardware Support,Open,Server,0,,EMP2316,0,Met
TKT14297,2025-03-25,2025-03-25,OK,HR,Chennai,Network,High,Network Support,Resolved,Desktop,5.5,1,EMP1297,0.229,Met
TKT16833,2025-02-03,2025-02-03,OK,IT,Mumbai,Network,High,Email & Messaging Team,Resolved,Mobile,5.7,5,EMP1743,0.238,Met
TKT16699,2024-02-08,2024-02-08,OK,Marketing,Pune,Network,High,Network Support,Resolved,Laptop,3,3,EMP2153,0.125,Met
TKT10477,2024-05-20,2024-05-20,OK,Sales,Bangalore,Software,Medium,Software Support,Resolved,Desktop,12.9,1,EMP1335,0.538,Met
TKT13306,2025-05-02,2025-05-02,OK,Operations,Pune,Printer,High,Hardware Support,Resolved,Printer,0.9,,EMP1913,0.038,Met
TKT15955,2024-05-25,,OK,Finance,Chennai,Software,High,Software Support,Open,Tablet,0,,EMP1178,0,Met
TKT14888,2024-10-16,2024-10-16,OK,Marketing,Mumbai,Email,High,Email & Messaging Team,Resolved,Laptop,3.3,4,EMP2276,0.138,Met
TKT15987,2024-02-25,2024-02-26,OK,Sales,Hyderabad,Software,Low,Software Support,Resolved,Laptop,37.4,3,EMP1053,1.558,Met
TKT16867,2024-12-29,2024-12-29,OK,HR,Mumbai,Access,Critical,Identity & Access Team,Resolved,Laptop,0.4,4,EMP2355,0.017,Met
TKT16764,2024-12-30,2024-12-30,OK,Marketing,Delhi,Network,Critical,Network Support,Resolved,Mobile,3.2,4,EMP1735,0.133,Met
TKT12298,2024-05-09,,OK,Sales,Mumbai,Printer,Low,Hardware Support,In Progress,Printer,0,,EMP1916,0,Met
TKT13816,2025-01-04,2025-01-05,OK,IT,Pune,Email,Medium,NA,Resolved,Mobile,26.7,4,EMP1094,1.113,Missed
TKT12447,2024-06-01,2024-06-02,OK,HR,Delhi,Email,Medium,Email & Messaging Team,Resolved,Mobile,29.1,4,EMP1602,1.213,Missed
TKT10599,2024-03-21,2024-03-21,OK,Operations,Mumbai,Email,High,Email & Messaging Team,Resolved,Desktop,10.2,5,EMP1870,0.425,Missed
TKT14782,2025-05-08,,OK,HR,Pune,Software,High,Software Support,In Progress,Tablet,0,,EMP1027,0,Met
TKT14757,2024-09-07,2024-09-07,OK,Operations,Bangalore,Network,Medium,Network Support,Resolved,Mobile,16.7,,EMP2347,0.696,Met
TKT12238,2024-05-01,,OK,Legal,Pune,Email,High,Email & Messaging Team,In Progress,Tablet,0,,EMP1827,0,Met
TKT15111,2024-02-19,2024-02-19,OK,Operations,Mumbai,Hardware,Critical,Hardware Support,Resolved,Server,4.2,4,EMP1915,0.175,Missed
TKT10940,2024-07-29,2024-07-29,OK,HR,Mumbai,Hardware,High,Hardware Support,Resolved,Laptop,18.1,4,EMP1159,0.754,Missed
TKT13315,2024-07-13,2024-07-13,OK,Marketing,Pune,Network,Medium,Network Support,Resolved,Desktop,19.4,4,EMP2241,0.808,Met
TKT11794,2025-04-07,2025-04-07,OK,Operations,Hyderabad,Access,High,Identity & Access Team,Resolved,Laptop,10.4,2,EMP2174,0.433,Missed
TKT10861,2025-01-26,2025-01-28,OK,HR,Hyderabad,Software,Low,Software Support,Resolved,Tablet,50.8,4,EMP2339,2.117,Missed
TKT12250,2025-01-02,,OK,Admin,Bangalore,Software,Medium,Software Support,In Progress,Tablet,0,,EMP1872,0,Met
TKT12160,2024-08-13,2024-08-13,OK,Legal,Delhi,Email,High,Email & Messaging Team,Resolved,Desktop,5.8,,EMP1344,0.242,Met
TKT15696,2024-08-16,2024-08-16,OK,IT,Pune,Software,Critical,Software Support,Resolved,Laptop,3.7,5,EMP1898,0.154,Met
TKT10854,2024-04-30,2024-04-30,OK,IT,Chennai,Email,Low,Network Support,Resolved,Tablet,5.8,4,EMP1893,0.242,Met
TKT15639,2025-05-03,,OK,Legal,Mumbai,Software,Medium,Software Support,Open,Laptop,0,,EMP1425,0,Met
TKT10375,2024-05-27,,OK,Sales,Bangalore,Network,Medium,Network Support,Open,Server,0,,EMP1610,0,Met
TKT13392,2024-10-24,,OK,IT,Hyderabad,Network,Critical,Network Support,In Progress,Server,0,,EMP1858,0,Met
TKT11535,2024-12-13,2024-12-15,OK,Finance,Delhi,Software,Low,Software Support,Resolved,Desktop,62.3,4,EMP2204,2.596,Missed
TKT11811,2024-05-16,,OK,Operations,Pune,Hardware,Medium,Hardware Support,Open,Desktop,0,,EMP2379,0,Met
TKT11387,2024-05-23,2024-05-23,OK,Legal,Pune,Hardware,High,Hardware Support,Resolved,Desktop,6.9,4,EMP1491,0.288,Met
TKT14486,2024-03-18,,OK,Sales,Delhi,Hardware,Low,Hardware Support,In Progress,Server,0,,EMP2222,0,Met
TKT12579,2025-01-05,2025-01-05,OK,Operations,Mumbai,Network,Medium,Network Support,Resolved,Laptop,10.2,5,EMP1918,0.425,Met
TKT16572,2025-03-17,2025-03-17,OK,Sales,Chennai,Software,Medium,Software Support,Resolved,Laptop,22.3,,EMP1061,0.929,Met
TKT13558,2024-07-14,2024-07-14,OK,Admin,Pune,Hardware,Medium,Hardware Support,Resolved,Desktop,20.5,,EMP1703,0.854,Met
TKT11325,2025-01-05,2025-01-05,OK,Sales,Hyderabad,Network,High,Network Support,Closed,Mobile,4.8,4,EMP1461,0.2,Met
TKT11179,2025-04-22,2025-04-22,OK,Admin,Mumbai,Hardware,Low,Hardware Support,Resolved,Desktop,9,5,EMP1872,0.375,Met
TKT10794,2024-05-22,2024-05-22,OK,Admin,Chennai,Email, Critical,Email & Messaging Team,Closed,Tablet,2.8,5,EMP1052,0.117,Unknown Priority:  Critical
TKT14732,2025-03-03,2025-03-03,OK,IT,Chennai,Hardware,Medium,Hardware Support,Closed,Laptop,13.1,,EMP1144,0.546,Met
TKT15453,2024-01-04,2024-01-04,OK,Admin,Pune,Network,High,Network Support,Closed,Mobile,1.8,5,EMP2264,0.075,Met
TKT14689,2024-04-15,2024-04-15,OK,Sales,Delhi,Hardware,High,NA,Resolved,Desktop,13.5,5,EMP1644,0.563,Missed
TKT15789,2025-01-01,2025-01-01,OK,Sales,Bangalore,Network,Medium,Network Support,Closed,Server,17.7,4,EMP1320,0.738,Met
TKT15633,2024-03-06,2024-03-06,OK,IT,Pune,Email,Medium,Email & Messaging Team,Closed,tablet,13.7,3,EMP1794,0.571,Met
TKT12342,2024-11-23,,OK,Sales,Delhi,Access,Low,Identity & Access Team,Open,Laptop,0,,EMP1861,0,Met
TKT14725,2025-06-08,2025-06-09,OK,Admin,Bangalore,Access,Medium,Identity & Access Team,Resolved,Mobile,32.1,4,EMP1623,1.338,Missed
TKT13471,2024-02-04,2024-02-05,OK,Finance,Pune,Access,Low,Identity & Access Team,Resolved,Mobile,43.4,3,EMP1466,1.808,Met
TKT13830,2024-03-22,,OK,Sales,Chennai,Access,Low,Identity & Access Team,In Progress,Desktop,0,,EMP1351,0,Met
TKT13682,2024-11-12,2024-11-12,OK,HR,Chennai,Access,Low,Identity & Access Team,Closed,Desktop,7.8,1,EMP2000,0.325,Met
TKT14511,2024-04-28,2024-04-28,OK,Sales,Mumbai,Hardware,High,Hardware Support,Resolved,Laptop,2.9,3,EMP1895,0.121,Met
TKT11800,2024-10-23,2024-10-23,OK,Sales,Hyderabad,Email,Medium,Email & Messaging Team,Resolved,Desktop,13,5,EMP1602,0.542,Met
TKT14435,2024-10-12,2024-10-17,OK,Operations,Delhi,Network,Low,Network Support,Resolved,Server,122.5,5,EMP1100,5.104,Missed
TKT11831,2024-01-10,2024-01-10,OK,Marketing,Hyderabad,Hardware,High,Hardware Support,Resolved,Desktop,11.8,5,EMP1910,0.492,Missed
TKT16725,2024-03-12,,OK,IT,Pune,Network,Medium,Network Support,In Progress,Server,0,,EMP1723,0,Met
TKT11030,2024-01-09,2024-01-09,OK,Finance,Delhi,Software,High,Software Support,Resolved,Tablet,12.4,4,EMP1503,0.517,Missed
TKT15723,2025-05-14,,OK,Sales,Bangalore,Access,Low,Identity & Access Team,In Progress,Mobile,0,,EMP1005,0,Met
TKT11690,2025-05-17,2025-05-17,OK,HR,Chennai,Hardware,Medium,Hardware Support,Resolved,Laptop,12,5,EMP1938,0.5,Met
TKT14892,2025-05-09,2025-05-10,OK,Sales,Chennai,Network,Medium,Network Support,Resolved,Desktop,28.6,1,EMP1145,1.192,Missed
TKT15690,2025-04-01,2025-04-01,OK,Operations,Chennai,Email,Medium,Email & Messaging Team,Resolved,Tablet,3.7,3,EMP2284,0.154,Met
TKT15902,2025-01-26,2025-01-27,OK,Operations,Chennai,Network,Medium,Network Support,Resolved,Laptop,26.7,5,EMP1954,1.113,Missed
TKT16318,2024-04-04,,OK,IT,Mumbai,Software,Critical,Software Support,Open,Laptop,0,,EMP1899,0,Met
TKT14216,2024-05-30,2024-05-30,OK,Marketing,Bangalore,Email,Low,Email & Messaging Team,Resolved,Mobile,6.2,,EMP2346,0.258,Met
TKT13524,2025-04-24,2025-04-25,OK,Operations,Chennai,Network,Medium,Hardware Support,Resolved,Desktop,31.4,5,EMP1484,1.308,Missed
TKT11409,2024-03-21,2024-03-21,OK,Sales,Pune,Network,High,Network Support,Resolved,Desktop,3.3,4,EMP1474,0.138,Met
TKT14006,2024-05-23,2024-05-23,OK,Operations,Hyderabad,Hardware,Critical,Hardware Support,Resolved,Server,1.4,4,EMP1438,0.058,Met
TKT15863,2024-08-09,,OK,Marketing,Delhi,Network,Low,Network Support,Open,Laptop,0,,EMP2357,0,Met
TKT14843,2025-03-18,,OK,IT,Bangalore,Access,High,Identity & Access Team,Open,Laptop,0,,EMP2090,0,Met
TKT11893,2024-08-26,,OK,Finance,Mumbai,Network,Critical,Network Support,In Progress,Desktop,0,,EMP1174,0,Met
TKT11368,2024-06-16,,OK,Operations,Chennai,Hardware,Medium,NA,Open,Laptop,0,,EMP1076,0,Met
TKT12055,2024-11-30,2024-11-30,OK,HR,Hyderabad,Software,Medium,Software Support,Closed,Desktop,11.9,1,EMP1061,0.496,Met
TKT16598,2024-09-19,2024-09-19,OK,Marketing,Delhi,Network,Medium,Network Support,Closed,Laptop,16.7,,EMP2175,0.696,Met
TKT10808,2024-12-11,2024-12-14,OK,Operations,Mumbai,Email,Low,Email & Messaging Team,Resolved,Laptop,0,5,EMP1865,0,Met
TKT13648,2025-01-12,,OK,Admin,Delhi,Access,High,Identity & Access Team,In Progress,Laptop,0,,EMP2254,0,Met
TKT15610,2025-06-02,2025-06-02,OK,IT,Pune,network,High,Network Support,Closed,Server,5.5,5,EMP1742,0.229,Met
TKT14164,2024-08-05,2024-08-06,OK,Sales,Pune,Access,Medium,Identity & Access Team,Resolved,Laptop,32.1,5,EMP1050,1.338,Missed
TKT12354,2025-02-08,2025-02-08,OK,Sales,Delhi,Network,Medium,Network Support,Resolved,Mobile,6.2,4,EMP1665,0.258,Met
TKT10860,2024-01-11,2024-01-12,OK,Marketing,Delhi,Hardware,Medium,Hardware Support,Resolved,Laptop,24.4,5,EMP1728,1.017,Missed
TKT10044,2025-03-29,,OK,Legal,Bangalore,Email, Medium,Email & Messaging Team,Open,Mobile,0,,EMP2254,0,Unknown Priority:  Medium
TKT15790,2024-11-23,2024-11-23,OK,Marketing,Bangalore,Network,Medium,Network Support,Resolved,Server,6.9,3,EMP1643,0.288,Met
TKT13529,2024-04-22,2024-04-22,OK,Legal,Bangalore,Email,Medium,Email & Messaging Team,Resolved,Laptop,11.4,5,EMP2381,0.475,Met
TKT14209,2025-03-21,2025-03-21,OK,Legal,Delhi,Hardware,MEDIUM,Hardware Support,Resolved,Server,23.6,1,EMP1167,0.983,Met
TKT14670,2024-05-22,2024-05-22,OK,Marketing,Pune,Network,Medium,Network Support,Resolved,Desktop,19,3,EMP1940,0.792,Met
TKT16099,2025-05-19,2025-05-20,OK,Legal,Pune,Access,Medium,Identity & Access Team,Resolved,Desktop,26.5,2,EMP1641,1.104,Missed
TKT15907,2024-05-20,2024-05-24,OK,Legal,Mumbai,Software,Low,Software Support,Resolved,Laptop,109,4,EMP1175,4.542,Missed
TKT16175,2024-01-13,2024-01-14,OK,HR,Chennai,Hardware,Low,Hardware Support,Resolved,Desktop,30.4,4,EMP1827,1.267,Met
TKT11144,2025-02-24,2025-02-24,OK,Sales,Pune,Printer,High,Hardware Support,Resolved,printer,2.9,4,EMP1875,0.121,Met
TKT12684,2025-02-13,,OK,HR,Pune,Printer,Critical,Hardware Support,Open,Printer,0,,EMP1950,0,Met
TKT13314,2024-03-20,2024-03-20,OK,IT,Mumbai,Printer,high,Hardware Support,Resolved,Printer,3.9,3,EMP1451,0.163,Met
TKT16894,2024-01-09,2024-01-09,OK,Admin,Bangalore,NETWORK,Medium,Network Support,Resolved,Server,18.2,5,EMP2291,0.758,Met
TKT14693,2025-02-22,2025-02-22,OK,HR,Delhi,NETWORK,Medium,Network Support,Closed,Laptop,23.7,5,EMP1511,0.988,Met
TKT16922,2025-02-24,,OK,Legal,Chennai,Access,High,Identity & Access Team,Open,Laptop,0,,EMP1669,0,Met
TKT16859,2025-02-13,2025-02-13,OK,IT,Pune,Hardware,High,Hardware Support,Closed,Desktop,14.3,4,EMP1265,0.596,Missed
TKT10328,2024-07-24,2024-07-24,OK,Sales,Chennai,Hardware,High,Hardware Support,Resolved,Laptop,4.3,4,EMP1701,0.179,Met
TKT12052,2024-09-15,2024-09-18,OK,Finance,Chennai,Software,Low,Software Support,Resolved,Laptop,74.5,,EMP2189,3.104,Missed
TKT12648,2025-06-01,2025-06-01,OK,Sales,Bangalore,Email,High,Email & Messaging Team,Resolved,Tablet,10.4,4,EMP1086,0.433,Missed
TKT14801,2024-12-07,2024-12-07,OK,IT,Hyderabad,Email,Medium,Email & Messaging Team,Closed,Laptop,23.2,1,EMP2134,0.967,Met
TKT15876,2024-12-13,2024-12-14,OK,Sales,Pune,Email,Low,Email & Messaging Team,Closed,Desktop,29.1,4,EMP2206,1.213,Met
TKT12994,2025-03-25,,OK,Finance,Pune,Hardware,Medium,Hardware Support,In Progress,Laptop,0,,EMP1028,0,Met
TKT12582,2025-05-19,2025-05-19,OK,Operations,Bangalore,Network,High,Network Support,Resolved,Mobile,11.7,,EMP1166,0.488,Missed
TKT10278,2024-06-17,2024-06-17,OK,IT,Mumbai,network,High,Network Support,Resolved,Laptop,16.4,4,EMP1920,0.683,Missed
TKT10520,2025-01-26,2025-01-26,OK,IT,Chennai,Email,High,Email & Messaging Team,Resolved,Tablet,4.2,4,EMP1831,0.175,Met
TKT13216,2024-12-07,2024-12-07,OK,Finance,Mumbai,Software,High,Software Support,Resolved,Laptop,3.7,4,EMP2320,0.154,Met
TKT13782,2024-08-12,2024-08-13,OK,Operations,Hyderabad,Email,Medium,Email & Messaging Team,Closed,Mobile,44.4,5,EMP1787,1.85,Missed
TKT15998,2024-07-26,2024-07-26,OK,Finance,Bangalore,Software,High,Software Support,Resolved,Laptop,10.3,1,EMP1200,0.429,Missed
TKT16149,2024-06-28,2024-06-28,OK,Finance,Hyderabad,Access,High,Identity & Access Team,Resolved,Desktop,16.9,5,EMP1258,0.704,Missed
TKT15452,2024-07-23,2024-07-24,OK,HR,Mumbai,Hardware,Low,Hardware Support,Resolved,Desktop,27.6,3,EMP1810,1.15,Met
TKT16021,2024-06-04,2024-06-06,OK,IT,Hyderabad,Hardware,Low,Hardware Support,Closed,Server,50.4,3,EMP1722,2.1,Missed
TKT10782,2024-05-07,,OK,Sales,Bangalore,Software,Medium,Software Support,Open,laptop,0,,EMP1788,0,Met
TKT14299,2024-08-31,2024-09-03,OK,Marketing,Mumbai,Printer,Low,Hardware Support,Resolved,Printer,79.5,4,EMP1152,3.313,Missed
TKT11597,2025-02-05,2025-02-05,OK,Operations,Mumbai,Network,Medium,Network Support,Resolved,DESKTOP,11.1,,EMP2184,0.463,Met
TKT14171,2025-03-15,,OK,Finance,Bangalore,Network,Low,Network Support,Open,Mobile,0,,EMP1477,0,Met
TKT14137,2024-09-13,2024-09-13,OK,HR,Mumbai,Network,High,Network Support,Resolved,Mobile,4.9,,EMP1555,0.204,Met
TKT14206,2024-08-09,2024-08-13,OK,HR,Chennai,Software,Low,Software Support,Resolved,Tablet,97.9,5,EMP1680,4.079,Missed
TKT16315,2025-05-06,2025-05-06,OK,Sales,Chennai,network,Critical,Network Support,Resolved,Mobile,5.7,5,EMP1857,0.238,Missed
TKT14289,2024-01-21,2024-01-21,OK,Marketing,Mumbai,Network,High,Network Support,Closed,Server,11.1,4,EMP1052,0.463,Missed
TKT16615,2025-03-23,,OK,Admin,Mumbai,Email,Low,Email & Messaging Team,In Progress,Desktop,0,,EMP1167,0,Met
TKT16282,2024-07-08,2024-07-08,OK,Operations,Bangalore,Printer,Medium,Hardware Support,Resolved,Printer,13.7,3,EMP1858,0.571,Met
TKT16114,2024-03-26,2024-03-26,OK,Legal,Bangalore,Email,Medium,Email & Messaging Team,Resolved,Mobile,4.6,5,EMP2320,0.192,Met
TKT16482,2024-04-13,2024-04-14,OK,Operations,Bangalore,Network,Medium,Network Support,Resolved,Server,44.7,4,EMP2067,1.863,Missed
TKT15163,2024-06-14,2024-06-14,OK,IT,Delhi,Software,High,Software Support,Closed,Tablet,11.6,5,EMP2382,0.483,Missed
TKT12729,2025-02-09,,OK,Admin,Delhi,network,Low,Network Support,In Progress,Laptop,0,,EMP1452,0,Met
TKT10410,2024-12-13,2024-12-14,OK,Legal,Chennai,Software,Medium,Email & Messaging Team,Closed,DESKTOP,40.8,5,EMP1939,1.7,Missed
TKT14803,2024-12-07,2024-12-07,OK,Finance,Pune,Hardware,High,Hardware Support,Closed,Server,8.3,4,EMP1929,0.346,Missed
TKT11674,2024-11-21,,OK,Operations,Mumbai,Hardware,Medium,Hardware Support,Open,Desktop,0,,EMP1466,0,Met
TKT11015,2024-05-08,2024-05-08,OK,Finance,Mumbai,Software,High,Software Support,Resolved,Laptop,20.6,5,EMP2101,0.858,Missed
TKT10917,2024-01-26,2024-01-26,OK,Finance,Pune,Network,Medium,Network Support,Resolved,Laptop,12,,EMP1267,0.5,Met
TKT16428,2024-05-16,2024-05-16,OK,Finance,Hyderabad,Hardware,High,Hardware Support,Resolved,Desktop,2.3,2,EMP1374,0.096,Met
TKT11323,2024-09-06,2024-09-06,OK,Finance,Bangalore,Hardware,Medium,Hardware Support,Resolved,Laptop,13.1,3,EMP1983,0.546,Met
TKT16447,2024-12-15,2024-12-15,OK,Finance,Mumbai,Software,Medium,Software Support,Resolved,Laptop,8.9,5,EMP1351,0.371,Met
TKT13484,2024-08-08,,OK,Sales,Hyderabad,Printer,High,Hardware Support,Open,Printer,0,,EMP2295,0,Met
TKT13328,2024-07-27,2024-07-27,OK,Finance,Mumbai,Access,High,Identity & Access Team,Closed,Laptop,2.5,,EMP2011,0.104,Met
TKT16225,2024-06-02,2024-06-02,OK,Admin,Hyderabad,Network,Medium,Network Support,Resolved,Laptop,22.2,5,EMP1151,0.925,Met
TKT10178,2025-04-28,2025-04-28,OK,HR,Pune,Email,High,Email & Messaging Team,Resolved,Laptop,9.2,3,EMP1205,0.383,Missed
TKT16654,2024-09-03,2024-09-03,OK,Admin,Mumbai,Email,Medium,Email & Messaging Team,Resolved,Desktop,14.3,5,EMP1026,0.596,Met
TKT14142,2024-08-12,2024-08-12,OK,Legal,Mumbai,Software,Medium,Software Support,Resolved,Desktop,6.1,4,EMP1469,0.254,Met
TKT10334,2024-09-18,2024-09-18,OK,Admin,Pune,Network,Medium,Network Support,Resolved,Laptop,18.1,4,EMP2095,0.754,Met
TKT13040,2024-12-02,2024-12-02,OK,Admin,Chennai,Network,Medium,Network Support,Resolved,mobile,12.8,5,EMP2351,0.533,Met
TKT15875,2024-12-24,2024-12-25,OK,IT,Delhi,Hardware,Medium,Hardware Support,Resolved,Server,24.1,4,EMP1963,1.004,Missed
TKT13796,2024-05-04,2024-05-04,OK,Operations,Chennai,Software,Medium,Software Support,Closed,Laptop,22.2,4,EMP2195,0.925,Met
TKT16202,2024-06-10,2024-06-10,OK,Operations,Pune,Hardware,Low,Hardware Support,Closed,Laptop,18.8,4,EMP2301,0.783,Met
TKT13374,2025-02-02,2025-02-02,OK,Admin,Delhi,Printer,Medium,Hardware Support,Closed,Printer,21.3,4,EMP1233,0.888,Met
TKT12608,2024-05-30,,OK,Finance,Pune,Software,High,Software Support,In Progress,Laptop,0,,EMP2394,0,Met
TKT11551,2024-01-21,2024-01-21,OK,Marketing,Delhi,Email,High,Email & Messaging Team,Resolved,Mobile,14.3,5,EMP2169,0.596,Missed
TKT15889,2024-08-26,2024-08-26,OK,Sales,Delhi,Hardware,Medium,Hardware Support,Resolved,Server,7.4,2,EMP1760,0.308,Met
TKT13370,2024-05-01,2024-05-04,OK,Sales,Pune,network,Low,Network Support,Resolved,Mobile,75.4,1,EMP1737,3.142,Missed
TKT10964,2025-04-17,,OK,IT,Hyderabad,Access,Medium,Identity & Access Team,Open,Desktop,0,,EMP1056,0,Met
TKT12389,2024-09-05,2024-09-05,OK,Sales,Chennai,Network,High,Network Support,Resolved,Desktop,6.1,1,EMP1820,0.254,Met
TKT13372,2024-11-28,2024-11-28,OK,HR,Delhi,Hardware,High,Hardware Support,Resolved,Server,1.5,,EMP1402,0.063,Met
TKT10233,2024-03-28,,OK,Marketing,Bangalore,Hardware,CRITICAL,Hardware Support,In Progress,Desktop,0,,EMP1237,0,Met
TKT10077,2024-10-25,,OK,Sales,Mumbai,Email,High,Hardware Support,In Progress,Tablet,0,,EMP2042,0,Met
TKT16425,2024-09-07,2024-09-10,OK,IT,Pune,Hardware,Low,Hardware Support,Closed,server,93.8,4,EMP2132,3.908,Missed
TKT10234,2025-05-02,2025-05-02,OK,Legal,Delhi,Hardware,High,Hardware Support,Resolved,Server,9,5,EMP1199,0.375,Missed
TKT10257,2024-05-20,,OK,Sales,Mumbai,Network,Low,NA,In Progress,Server,0,,EMP1783,0,Met
TKT16865,2024-08-27,2024-08-27,OK,Legal,Pune,Email,High,Email & Messaging Team,Resolved,Tablet,1.8,4,EMP2170,0.075,Met
TKT12882,2025-03-06,2025-03-06,OK,Marketing,Bangalore,Network,Medium,Network Support,Resolved,Mobile,18.9,5,EMP1353,0.788,Met
TKT15037,2024-04-16,,OK,Admin,Delhi,Software,Medium,Software Support,Open,Tablet,0,,EMP1596,0,Met
TKT13587,2024-09-01,2024-09-03,OK,Legal,Delhi,Access,Medium,Identity & Access Team,Resolved,Laptop,61.7,4,EMP1253,2.571,Missed
TKT10155,2025-02-23,2025-02-24,OK,Marketing,Pune,Hardware,Low,Hardware Support,Resolved,Server,27.1,5,EMP2177,1.129,Met
TKT14873,2025-05-19,2025-05-19,OK,Sales,Bangalore,Hardware,Medium,Hardware Support,Resolved,Laptop,18.5,2,EMP1283,0.771,Met
TKT10855,2024-03-03,2024-03-04,OK,Admin,Bangalore,Network,Medium,Network Support,Resolved,Desktop,28.9,4,EMP1389,1.204,Missed
TKT14555,2024-10-15,2024-10-16,OK,IT,Pune,Access,Low,Identity & Access Team,Resolved,Laptop,43.3,4,EMP1543,1.804,Met
TKT14483,2024-04-05,2024-04-06,OK,Legal,Delhi,Software,Medium,Software Support,Resolved,Desktop,30.6,5,EMP2048,1.275,Missed
TKT13481,2024-12-11,2024-12-13,OK,Marketing,Chennai,Network,Medium,NA,Resolved,Server,61.8,,EMP1963,2.575,Missed
TKT11395,2024-12-02,2024-12-02,OK,Marketing,Bangalore,Software,Medium,Software Support,Resolved,Desktop,3.8,3,EMP1362,0.158,Met
TKT12562,2024-06-19,2024-06-19,OK,Sales,Bangalore,NETWORK,High,Network Support,Closed,Desktop,8.7,5,EMP1154,0.363,Missed
TKT15899,2024-09-06,,OK,Sales,Bangalore,network,Critical,Network Support,Open,desktop,0,,EMP2065,0,Met
TKT16811,2024-09-20,2024-09-20,OK,Legal,Mumbai,Printer,Medium,Hardware Support,Resolved,Printer,12.3,3,EMP1021,0.513,Met
TKT10387,2024-02-10,,OK,Finance,Pune,Email,Medium,Email & Messaging Team,In Progress,Tablet,0,,EMP2328,0,Met
TKT12718,2024-03-10,2024-03-11,OK,Operations,Pune,Email,Low,NA,Closed,mobile,47.7,,EMP2155,1.988,Met
TKT16517,2025-01-19,2025-01-19,OK,Finance,Mumbai,Network,High,Network Support,Resolved,Desktop,7.3,1,EMP1623,0.304,Met
TKT14009,2025-05-14,2025-05-15,OK,Finance,Delhi,Printer,Medium,Hardware Support,Resolved,Printer,25.2,5,EMP1275,1.05,Missed
TKT11406,2024-11-03,2024-11-05,OK,Legal,Mumbai,Hardware,Low,NA,Resolved,Laptop,57.5,,EMP2361,2.396,Missed
TKT15355,2024-08-11,2024-08-12,OK,Sales,Mumbai,Access,Medium,Identity & Access Team,Resolved,Laptop,25.3,3,EMP1471,1.054,Missed
TKT11469,2024-10-26,2024-10-26,OK,Finance,Bangalore,Access,Low,Identity & Access Team,Resolved,Mobile,9.8,4,EMP1462,0.408,Met
TKT10780,2025-05-07,2025-05-07,OK,Marketing,Pune,Access,High,Identity & Access Team,Resolved,Desktop,1.3,5,EMP1147,0.054,Met
TKT11489,2024-08-09,,OK,IT,Chennai,Hardware,Medium,Hardware Support,In Progress,Laptop,0,,EMP1030,0,Met
TKT15823,2024-03-14,2024-03-15,OK,Sales,Pune,Network,Low,Network Support,Resolved,Mobile,41.2,4,EMP2210,1.717,Met
TKT14877,2024-12-30,2024-12-31,OK,Finance,Pune,Printer,Low,Hardware Support,Resolved,Printer,26.2,3,EMP1780,1.092,Met
TKT11154,2025-01-01,,OK,HR,Hyderabad,Access,High,Identity & Access Team,Open,Laptop,0,,EMP1648,0,Met
TKT12483,2024-12-29,2024-12-29,OK,Legal,Delhi,Access,Medium,Identity & Access Team,Resolved,Laptop,5.3,2,EMP1137,0.221,Met
TKT14630,2025-06-11,2025-06-11,OK,Finance,Delhi,Hardware,Medium,Hardware Support,Resolved,Desktop,12.2,4,EMP1523,0.508,Met
TKT12223,2024-03-24,2024-03-25,OK,Admin,Delhi,Hardware,Low,Hardware Support,Resolved,Laptop,45.7,5,EMP1320,1.904,Met
TKT14098,2024-10-23,2024-10-23,OK,Admin,Chennai,Network,Medium,Network Support,Resolved,Laptop,18.8,4,EMP2309,0.783,Met
TKT11480,2025-03-06,2025-03-06,OK,Admin,Hyderabad,Software,High,Software Support,Resolved,Tablet,8.6,4,EMP2278,0.358,Missed
TKT12011,2024-11-24,2024-11-25,OK,Sales,Chennai,Access,Medium,Identity & Access Team,Resolved,MOBILE,41,4,EMP1895,1.708,Missed
TKT15399,2024-06-05,2024-06-05,OK,Marketing,Delhi,Access,High,Network Support,Resolved,Laptop,8.3,1,EMP1616,0.346,Missed
TKT16528,2025-04-28,2025-04-30,OK,Marketing,Pune,Network,Low,Network Support,Closed,Desktop,62.7,5,EMP1112,2.613,Missed
TKT15646,2024-10-31,2024-11-01,OK,Admin,Delhi,Hardware,Medium,Hardware Support,Resolved,Laptop,32.5,5,EMP1197,1.354,Missed
TKT11709,2025-03-26,,OK,Sales,Mumbai,Network,Low,Network Support,In Progress,Desktop,0,,EMP1935,0,Met
TKT14520,2024-06-05,2024-06-05,OK,Sales,Mumbai,NETWORK,High,Network Support,Resolved,Mobile,8.9,2,EMP2154,0.371,Missed
TKT12188,2024-04-27,2024-04-27,OK,Marketing,Mumbai,Hardware,High,Hardware Support,Closed,Desktop,7.7,1,EMP1869,0.321,Met
TKT16946,2025-02-12,2025-02-12,OK,Legal,Mumbai,Software,High,Software Support,Resolved,Desktop,2.8,5,EMP1934,0.117,Met
TKT13170,2025-04-12,2025-04-13,OK,IT,Mumbai,Software,Medium,Software Support,Closed,Laptop,25.2,5,EMP1773,1.05,Missed
TKT11782,2024-02-08,2024-02-09,OK,Marketing,Delhi,Printer,Medium,Hardware Support,Resolved,Printer,25.8,4,EMP1618,1.075,Missed
TKT14256,2024-05-16,2024-05-16,OK,Admin,Pune,Hardware,Medium,Hardware Support,Resolved,Server,10.4,3,EMP1335,0.433,Met
TKT12746,2025-06-12,2025-06-12,OK,Admin,Pune,Software,medium,Software Support,Resolved,Tablet,10.1,3,EMP2201,0.421,Met
TKT10856,2025-02-03,2025-02-03,OK,Operations,Chennai,Printer,High,Hardware Support,Resolved,Printer,8.9,3,EMP1820,0.371,Missed
TKT13987,2025-01-14,2025-01-14,OK,Finance,Delhi,Hardware,Medium,Hardware Support,Resolved,Laptop,14.9,4,EMP1210,0.621,Met
TKT14368,2024-10-01,2024-10-01,OK,Marketing,Bangalore,Printer,Medium,Hardware Support,Resolved,Printer,1.9,4,EMP2062,0.079,Met
TKT10282,2024-03-07,2024-03-07,OK,Sales,Delhi,Software,Medium,Software Support,Resolved,Laptop,20.7,,EMP1404,0.863,Met
TKT16047,2024-01-18,2024-01-18,OK,Operations,Bangalore,NETWORK,High,Network Support,Resolved,Desktop,10.5,,EMP2040,0.438,Missed
TKT14061,2024-11-27,2024-11-27,OK,Sales,Chennai,Access,Medium,Identity & Access Team,Closed,Desktop,17.9,4,EMP1714,0.746,Met
TKT14855,2025-04-16,2025-04-16,OK,Sales,Pune,Software,Medium,Software Support,Resolved,Tablet,7.1,3,EMP1558,0.296,Met
TKT14308,2024-05-23,2024-05-27,OK,Marketing,Pune,Software,Low,Software Support,Closed,Desktop,102.9,5,EMP1781,4.288,Missed
TKT10584,2024-10-11,2024-10-11,OK,HR,Mumbai,Hardware,Medium,Hardware Support,Resolved,Server,11.9,4,EMP1400,0.496,Met
TKT11970,2025-05-07,2025-05-09,OK,Finance,Bangalore,Network,Medium,Network Support,Closed,Mobile,60.7,,EMP2088,2.529,Missed
TKT13526,2024-02-10,,OK,HR,Chennai,Software,Medium,Software Support,Open,Tablet,0,,EMP2179,0,Met
TKT13890,2024-12-31,2024-12-31,OK,HR,Mumbai,Access,Medium,Hardware Support,Resolved,Desktop,9.3,,EMP1420,0.388,Met
TKT14352,2024-10-16,2024-10-16,OK,Sales,Mumbai,Network,High,Network Support,Closed,Mobile,4.7,3,EMP1705,0.196,Met
TKT12261,2024-02-11,2024-02-11,OK,Operations,Bangalore,Network,Medium,Network Support,Resolved,Mobile,0.9,4,EMP2226,0.038,Met
TKT10516,2024-04-02,2024-04-03,OK,Marketing,Delhi,Software, Low,Software Support,Resolved,Tablet,38.9,5,EMP1445,1.621,Unknown Priority:  Low
TKT12752,2024-12-17,2024-12-17,OK,Finance,Mumbai,Email,High,Email & Messaging Team,Resolved,Tablet,6.9,3,EMP1583,0.288,Met
TKT12580,2024-05-05,2024-05-05,OK,Legal,Bangalore,Hardware,High,Hardware Support,Closed,Server,5.4,,EMP1053,0.225,Met
TKT13843,2024-12-01,2024-12-01,OK,IT,Pune,Hardware,High,Hardware Support,Resolved,Laptop,0.8,,EMP2251,0.033,Met
TKT16144,2024-12-14,2024-12-14,OK,IT,Hyderabad,Software,Medium,Software Support,Resolved,Laptop,13.6,4,EMP1189,0.567,Met
TKT11461,2024-12-14,2024-12-14,OK,Sales,Chennai,NETWORK,Medium,Network Support,Resolved,LAPTOP,14.3,4,EMP1076,0.596,Met
TKT16207,2024-11-13,2024-11-13,OK,Operations,Delhi,Email,Medium,Email & Messaging Team,Resolved,Tablet,5.2,1,EMP2140,0.217,Met
TKT16784,2025-01-03,2025-01-03,OK,Sales,Delhi,Network,Medium,Network Support,Closed,SERVER,7.9,5,EMP1921,0.329,Met
TKT10830,2024-12-28,2024-12-28,OK,Marketing,Mumbai,Access,Medium,Identity & Access Team,Resolved,Desktop,4.3,3,EMP1959,0.179,Met
TKT11623,2024-01-07,,OK,Finance,Mumbai,Printer,medium,Email & Messaging Team,Open,Printer,0,,EMP2099,0,Met
TKT10931,2024-11-23,2024-11-25,OK,Legal,Chennai,NETWORK,Low,NA,Resolved,Mobile,66.7,5,EMP1405,2.779,Missed
TKT13110,2024-09-01,2024-09-01,OK,Marketing,Mumbai,Hardware,High,NA,Closed,Server,4.3,2,EMP1062,0.179,Met
TKT10070,2025-04-24,2025-04-24,OK,HR,Pune,Access,Medium,Identity & Access Team,Resolved,Desktop,5.1,5,EMP1622,0.213,Met
TKT10389,2024-12-19,2024-12-20,OK,Marketing,Chennai,Software,Medium,Software Support,Resolved,Tablet,26.8,5,EMP1997,1.117,Missed
TKT13487,2024-04-07,,OK,Finance,Hyderabad,Printer,Medium,Hardware Support,In Progress,Printer,0,,EMP2027,0,Met
TKT11972,2024-07-04,2024-07-04,OK,Operations,Chennai,Hardware,Critical,Hardware Support,Closed,Desktop,1.6,4,EMP1785,0.067,Met
TKT10699,2024-03-31,2024-03-31,OK,Marketing,Mumbai,Email,High,Email & Messaging Team,Closed,Tablet,1.2,4,EMP1339,0.05,Met
TKT13038,2025-01-07,2025-01-07,OK,Sales,Hyderabad,Software,Critical,Software Support,Closed,Desktop,0,,EMP1243,0,Met
TKT10748,2025-04-17,2025-04-17,OK,HR,Delhi,Network,HIGH,Network Support,Closed,Mobile,14.2,4,EMP1697,0.592,Missed
TKT13640,2025-03-27,2025-03-28,OK,Finance,Delhi,Software,Medium,Software Support,Resolved,Desktop,31.1,4,EMP2322,1.296,Missed
TKT13965,2024-10-18,2024-10-18,OK,Legal,Delhi,Access,Medium,Identity & Access Team,Resolved,Laptop,12.6,4,EMP1844,0.525,Met
TKT12237,2024-03-26,2024-03-26,OK,Finance,Mumbai,Software,High,Software Support,Resolved,Desktop,6.3,4,EMP1051,0.263,Met
TKT15628,2024-07-13,2024-07-14,OK,Marketing,Bangalore,NETWORK,Medium,Network Support,Resolved,Mobile,39.1,3,EMP2162,1.629,Missed
TKT14324,2025-02-12,,OK,Marketing,Mumbai,Access,Medium,Identity & Access Team,In Progress,Laptop,0,,EMP1172,0,Met
TKT11036,2024-08-08,2024-08-08,OK,Sales,Chennai,Software,Medium,Software Support,Resolved,Desktop,12.9,5,EMP1837,0.538,Met
TKT13550,2024-02-15,2024-02-15,OK,Finance,Mumbai,Access,Medium,Identity & Access Team,Resolved,Mobile,19,4,EMP2396,0.792,Met
TKT13242,2025-06-12,2025-06-12,OK,Marketing,Mumbai,Hardware,Critical,Hardware Support,Closed,Laptop,3.7,,EMP1951,0.154,Met
TKT15165,2024-09-06,2024-09-06,OK,Marketing,Bangalore,Network,Critical,Network Support,Closed,Mobile,3.6,4,EMP2114,0.15,Met
TKT11096,2024-03-21,2024-03-21,OK,IT,Pune,Software,Medium,Software Support,Resolved,Laptop,8.8,,EMP1691,0.367,Met
TKT16652,2025-05-07,2025-05-07,OK,Sales,Hyderabad,network,High,Software Support,Resolved,Desktop,4.8,1,EMP1668,0.2,Met
TKT14014,2024-04-26,2024-04-26,OK,IT,Pune,Network,Medium,Network Support,Resolved,Laptop,14.9,1,EMP1917,0.621,Met
TKT10190,2025-04-01,,OK,IT,Bangalore,Network,High,Network Support,In Progress,Laptop,0,,EMP1113,0,Met
TKT10947,2025-02-18,2025-02-18,OK,Finance,Pune,Email,Medium,Email & Messaging Team,Resolved,Laptop,16,3,EMP1802,0.667,Met
TKT11055,2024-12-04,2024-12-06,OK,Sales,Hyderabad,Network, Medium,Network Support,Resolved,Laptop,49.8,4,EMP1193,2.075,Unknown Priority:  Medium
TKT13294,2024-12-29,2024-12-29,OK,IT,Hyderabad,Access,Medium,Identity & Access Team,Resolved,Laptop,7.1,4,EMP1702,0.296,Met
TKT14269,2024-06-16,2024-06-16,OK,Legal,Pune,Access,High,Identity & Access Team,Resolved,Desktop,21.1,5,EMP1445,0.879,Missed
TKT12834,2025-02-26,2025-02-28,OK,Admin,Bangalore,Software,Low,Identity & Access Team,Resolved,Desktop,56.8,4,EMP1049,2.367,Missed
TKT12256,2024-04-12,2024-04-13,OK,Finance,Hyderabad,Printer,Medium,Hardware Support,Resolved,Printer,27.5,3,EMP1995,1.146,Missed
TKT10272,2025-01-12,2025-01-17,OK,Finance,Bangalore,Hardware,Low,Hardware Support,Resolved,Server,127.8,5,EMP1410,5.325,Missed
TKT13658,2025-03-23,2025-03-23,OK,Operations,Chennai,Hardware,Medium,Hardware Support,Resolved,Server,22.2,4,EMP2068,0.925,Met
TKT16132,2024-05-18,2024-05-20,OK,Sales,Pune,Access,medium,Identity & Access Team,Resolved,Mobile,64.5,5,EMP2355,2.688,Missed
TKT15356,2025-06-05,2025-06-05,OK,Finance,Mumbai,Access,Low,Identity & Access Team,Closed,Mobile,9.1,5,EMP2202,0.379,Met
TKT14300,2025-06-01,2025-06-02,OK,Finance,Delhi,Access,Medium,Identity & Access Team,Resolved,Mobile,43,5,EMP1234,1.792,Missed
TKT10715,2024-11-06,2024-11-06,OK,Sales,Mumbai,Network,High,Network Support,Resolved,Server,6.5,4,EMP1452,0.271,Met
TKT12409,2025-03-14,2025-03-14,OK,Marketing,Pune,Hardware,High,Hardware Support,Resolved,Server,4.1,4,EMP2020,0.171,Met
TKT14274,2024-09-05,2024-09-05,OK,Marketing,Bangalore,Access,Critical,Identity & Access Team,Resolved,Mobile,2,5,EMP1066,0.083,Met
TKT11361,2025-03-01,2025-03-02,OK,Admin,Mumbai,Hardware,Medium,Hardware Support,Resolved,Laptop,32.3,3,EMP1105,1.346,Missed
TKT15584,2025-02-10,2025-02-10,OK,Marketing,Mumbai,Software,Low,Software Support,Resolved,Laptop,13.4,5,EMP1012,0.558,Met
TKT10873,2024-10-12,,OK,Sales,Chennai,Printer,Low,Hardware Support,Open,Printer,0,,EMP1296,0,Met
TKT13747,2024-10-11,2024-10-11,OK,Marketing,Delhi,NETWORK,Critical,Network Support,Resolved,Server,1.9,4,EMP2308,0.079,Met
TKT10929,2024-11-22,2024-11-23,OK,Operations,Mumbai,Network,Medium,Network Support,Resolved,Server,29.5,3,EMP1022,1.229,Missed
TKT16525,2024-12-09,2024-12-09,OK,Marketing,Pune,Software,High,Software Support,Resolved,Laptop,5.5,4,EMP2103,0.229,Met
TKT10981,2025-03-20,2025-03-20,OK,Marketing,Pune,Hardware,Medium,Hardware Support,Closed,Laptop,14.4,3,EMP2082,0.6,Met
TKT15195,2024-10-26,2024-10-26,OK,Operations,Delhi,Network,High,Network Support,Resolved,Laptop,14.6,4,EMP1816,0.608,Missed
TKT12643,2024-08-16,2024-08-19,OK,Finance,Mumbai,Printer,Low,Hardware Support,Resolved,Printer,93.8,3,EMP1635,3.908,Missed
TKT11070,2024-03-29,2024-03-30,OK,Legal,Hyderabad,Hardware,Medium,Hardware Support,Resolved,Desktop,41.8,,EMP2159,1.742,Missed
TKT16503,2025-02-23,2025-02-23,OK,Finance,Pune,network,Medium,Network Support,Resolved,Server,19.5,5,EMP1540,0.813,Met
TKT10431,2025-03-16,2025-03-17,OK,IT,Bangalore,Network,Low,Identity & Access Team,Resolved,Server,36.2,5,EMP1599,1.508,Met
TKT13364,2025-03-01,2025-03-01,OK,Finance,Mumbai,Access,High,Identity & Access Team,Resolved,Desktop,3.9,5,EMP1433,0.163,Met
TKT13282,2024-12-29,2024-12-31,OK,Admin,Hyderabad,Hardware,Low,Hardware Support,Closed,Laptop,67.1,3,EMP2100,2.796,Missed
TKT12270,2024-02-29,2024-03-02,OK,Sales,Pune,Hardware,Low,Hardware Support,Resolved,Server,64.9,4,EMP1286,2.704,Missed
TKT13402,2025-04-27,2025-04-27,OK,Operations,Bangalore,Access,Medium,Identity & Access Team,Resolved,Laptop,10.3,5,EMP2133,0.429,Met
TKT10825,2024-04-01,2024-04-01,OK,Finance,Bangalore,Network,High,Network Support,Resolved,Mobile,2.7,,EMP1743,0.113,Met
TKT16073,2024-11-21,2024-11-22,OK,Finance,Pune,Software,Medium,Software Support,Closed,Laptop,36.6,4,EMP1838,1.525,Missed
TKT16081,2024-01-10,2024-01-10,OK,Marketing,Bangalore,Email,Critical,Email & Messaging Team,Resolved,Tablet,6,,EMP1956,0.25,Missed
TKT13533,2025-05-17,2025-05-18,OK,Operations,Bangalore,Network,Low,Network Support,Resolved,Laptop,36.7,5,EMP2151,1.529,Met
TKT15051,2025-01-21,2025-01-21,OK,Finance,Bangalore,Access,High,Identity & Access Team,Closed,Desktop,5.4,4,EMP1490,0.225,Met
TKT10805,2024-02-05,2024-02-05,OK,Legal,Bangalore,Software,Medium,Software Support,Closed,Tablet,11.1,4,EMP2226,0.463,Met
TKT15717,2024-05-19,2024-05-21,OK,Legal,Delhi,Software,Medium,Software Support,Resolved,Desktop,71.4,4,EMP1082,2.975,Missed
TKT16721,2025-06-08,,OK,Operations,Chennai,Software,Medium,NA,In Progress,Laptop,0,,EMP2283,0,Met
TKT16221,2025-06-24,,OK,Sales,Pune,Network,High,Network Support,Open,Server,0,,EMP1923,0,Met
TKT11267,2024-06-12,2024-06-12,OK,Legal,Chennai,Hardware,High,Hardware Support,Resolved,Desktop,6.5,,EMP1998,0.271,Met
TKT15641,2024-04-01,2024-04-01,OK,HR,Mumbai,Access,Critical,Identity & Access Team,Resolved,Laptop,7.2,5,EMP2214,0.3,Missed
TKT16789,2024-06-29,2024-06-29,OK,Sales,Mumbai,Access,Critical,Identity & Access Team,Resolved,LAPTOP,1.7,3,EMP1864,0.071,Met
TKT13805,2024-09-16,2024-09-18,OK,Sales,Pune,Software,Medium,Software Support,Resolved,Desktop,49.6,5,EMP1258,2.067,Missed
TKT15721,2024-03-27,2024-03-27,OK,Admin,Delhi,Software,Medium,Software Support,Resolved,Tablet,7.7,,EMP2196,0.321,Met
TKT12671,2024-03-13,2024-03-13,OK,HR,Hyderabad,Access,High,Identity & Access Team,Resolved,Desktop,8.2,,EMP1500,0.342,Missed
TKT13969,2025-03-26,2025-03-26,OK,Admin,Pune,Access,Critical,Identity & Access Team,Resolved,Laptop,10.9,,EMP1132,0.454,Missed
TKT10417,2024-09-26,2024-09-26,OK,Finance,Pune,Software,High,Software Support,Resolved,Desktop,21.8,5,EMP1485,0.908,Missed
TKT16082,2025-06-17,2025-06-18,OK,Marketing,Bangalore,Email,Low,Email & Messaging Team,Resolved,Laptop,36.9,5,EMP1650,1.538,Met
TKT12625,2024-12-28,2024-12-28,OK,Sales,Pune,Network,critical,Network Support,Resolved,Laptop,8.2,4,EMP1989,0.342,Missed
TKT12019,2025-03-05,2025-03-05,OK,IT,Bangalore,Network,Medium,Network Support,Resolved,Laptop,20.6,,EMP1043,0.858,Met
TKT16594,2025-05-12,2025-05-12,OK,Operations,Hyderabad,Network,Medium,Email & Messaging Team,Resolved,Mobile,15.5,5,EMP1483,0.646,Met
TKT11967,2024-04-10,2024-04-10,OK,Admin,Pune,Software,Critical,Software Support,Resolved,Desktop,2.5,4,EMP1274,0.104,Met
TKT12544,2024-09-25,2024-09-27,OK,Sales,Mumbai,network,Low,Network Support,Closed,Laptop,51.8,3,EMP2098,2.158,Missed
TKT16010,2024-04-29,2024-04-29,OK,Finance,Mumbai,Email,Medium,Email & Messaging Team,Resolved,Laptop,20.5,3,EMP1646,0.854,Met
TKT14222,2025-03-03,2025-03-03,OK,IT,Pune,Software,Critical,Software Support,Resolved,Tablet,1.5,4,EMP1511,0.063,Met
TKT10956,2025-03-03,2025-03-03,OK,Sales,Hyderabad,Software,High,Software Support,Resolved,Desktop,7.6,1,EMP1565,0.317,Met
TKT10084,2024-03-11,2024-03-12,OK,Finance,Mumbai,Access,Medium,Identity & Access Team,Resolved,Mobile,43.4,5,EMP1480,1.808,Missed
TKT15411,2024-09-27,,OK,Legal,Hyderabad,Email,Medium,Email & Messaging Team,In Progress,Tablet,0,,EMP1196,0,Met
TKT10958,2024-10-22,2024-10-22,OK,HR,Delhi,Software,High,Software Support,Resolved,Laptop,9,1,EMP1132,0.375,Missed
TKT15463,2024-11-02,2024-11-02,OK,Operations,Hyderabad,Hardware,Medium,Hardware Support,Resolved,Server,8.8,4,EMP1614,0.367,Met
TKT11826,2024-02-14,2024-02-15,OK,Operations,Hyderabad,network, Low,Network Support,Resolved,Mobile,37.6,5,EMP1865,1.567,Unknown Priority:  Low
TKT15549,2024-01-23,2024-01-23,OK,Finance,Chennai,NETWORK,Low,Network Support,Closed,Server,20.6,5,EMP1817,0.858,Met
TKT14901,2024-12-13,2024-12-13,OK,Legal,Pune,Hardware,Critical,Hardware Support,Resolved,Desktop,6.4,,EMP1108,0.267,Missed
TKT11268,2025-06-15,2025-06-15,OK,Finance,Hyderabad,Network,High,Network Support,Resolved,Server,1.1,4,EMP2012,0.046,Met
TKT16893,2024-04-29,2024-04-29,OK,Finance,Mumbai,Hardware,High,Hardware Support,Resolved,Laptop,3.5,4,EMP1747,0.146,Met
TKT13633,2025-05-18,2025-05-18,OK,Sales,Pune,Software,Medium,Software Support,Resolved,Desktop,17.5,4,EMP1532,0.729,Met
TKT16413,2024-02-27,2024-02-29,OK,Legal,Mumbai,Access,Low,Identity & Access Team,Resolved,Mobile,56.5,4,EMP1910,2.354,Missed
TKT13956,2024-04-17,2024-04-17,OK,Operations,Hyderabad,Network,Medium,Network Support,Resolved,Laptop,10.5,5,EMP1560,0.438,Met
TKT15267,2024-03-08,2024-03-08,OK,IT,Delhi,Software,Medium,Software Support,Resolved,Laptop,13.1,5,EMP1068,0.546,Met
TKT15886,2025-06-06,2025-06-07,OK,Finance,Chennai,Network,Medium,Network Support,Resolved,Mobile,41.5,4,EMP1354,1.729,Missed
TKT10045,2025-05-01,2025-05-01,OK,Operations,Chennai,Hardware,Low,Hardware Support,Closed,Laptop,19.2,3,EMP1921,0.8,Met
TKT10504,2024-11-14,2024-11-15,OK,Operations,Pune,Access,Medium,Identity & Access Team,Resolved,Mobile,29.1,4,EMP1090,1.213,Missed
TKT15980,2024-03-13,,OK,Admin,Hyderabad,Software,High,Software Support,In Progress,Tablet,0,,EMP1832,0,Met
TKT15023,2024-07-21,2024-07-21,OK,Sales,Pune,Software,High,Software Support,Resolved,Desktop,18.7,5,EMP1772,0.779,Missed
TKT16183,2024-02-17,2024-02-17,OK,HR,Delhi,Access,Critical,Identity & Access Team,Resolved,Mobile,7.2,4,EMP1589,0.3,Missed
TKT11301,2024-12-21,2024-12-21,OK,Marketing,Mumbai,Email,Medium,Email & Messaging Team,Closed,Mobile,10.1,4,EMP1833,0.421,Met
TKT14086,2024-03-14,2024-03-14,OK,Legal,Bangalore,Network,High,Network Support,Resolved,Desktop,1.7,5,EMP1815,0.071,Met
TKT16723,2024-09-05,2024-09-06,OK,Sales,Bangalore,Hardware,Medium,Hardware Support,Closed,Server,46.1,5,EMP1820,1.921,Missed
TKT14538,2024-12-05,2024-12-05,OK,Sales,Bangalore,Software,High,Network Support,Resolved,Tablet,10,1,EMP1373,0.417,Missed
TKT11655,2025-01-12,2025-01-12,OK,Marketing,Chennai,Network,Critical,Email & Messaging Team,Closed,Laptop,2.1,,EMP1285,0.088,Met
TKT13051,2024-12-03,2024-12-05,OK,Sales,Bangalore,Network, Low,Hardware Support,Closed,Server,70.1,3,EMP2306,2.921,Unknown Priority:  Low
TKT10840,2024-09-13,2024-09-13,OK,Finance,Bangalore,Network,High,Network Support,Closed,Desktop,7.6,4,EMP1463,0.317,Met
TKT16206,2024-01-20,2024-01-20,OK,Sales,Bangalore,Email,Critical,Email & Messaging Team,Closed,Laptop,3.2,5,EMP1373,0.133,Met
TKT11818,2024-01-04,,OK,IT,Pune,Network,High,Network Support,In Progress,Desktop,0,,EMP1658,0,Met
TKT10916,2024-09-23,2024-09-24,OK,HR,Mumbai,Access,High,Identity & Access Team,Closed,Mobile,25.2,4,EMP2132,1.05,Missed
TKT10736,2025-01-16,2025-01-16,OK,Finance,Delhi,Email,High,Email & Messaging Team,Resolved,Tablet,8,4,EMP2353,0.333,Met
TKT14204,2025-04-23,2025-04-24,OK,Legal,Pune,Access,Medium,Identity & Access Team,Resolved,Laptop,42.6,,EMP1775,1.775,Missed
TKT16806,2025-04-22,2025-04-22,OK,Admin,Mumbai,NETWORK,Medium,Network Support,Resolved,Server,5.7,,EMP2104,0.238,Met
TKT15538,2024-06-29,2024-06-30,OK,Sales,Delhi,Access,Medium,Identity & Access Team,Resolved,Laptop,40.4,4,EMP1526,1.683,Missed
TKT15136,2024-04-07,2024-04-08,OK,HR,Pune,Network,Medium,Network Support,Resolved,Laptop,47,5,EMP2048,1.958,Missed
TKT15326,2025-06-04,,OK,Sales,Chennai,Network,High,Network Support,In Progress,Desktop,0,,EMP2255,0,Met
TKT16739,2025-04-27,,OK,Sales,Bangalore,Hardware,Medium,Hardware Support,Open,Laptop,0,,EMP1126,0,Met
TKT10065,2024-02-24,2024-02-27,OK,Finance,Hyderabad,Software,Low,Software Support,Resolved,Laptop,78.1,4,EMP1310,3.254,Missed
TKT10762,2025-03-24,2025-03-24,OK,IT,Delhi,Software,Critical,Software Support,Closed,Laptop,4.3,3,EMP1287,0.179,Missed
TKT10910,2025-03-30,2025-03-30,OK,Marketing,Bangalore,Hardware,Medium,Hardware Support,Resolved,Server,11.3,1,EMP2030,0.471,Met
TKT13164,2024-07-01,2024-07-02,OK,IT,Pune,Access,Medium,Identity & Access Team,Resolved,Mobile,46.4,,EMP1994,1.933,Missed
TKT15513,2025-05-23,2025-05-23,OK,Marketing,Pune,Software,Medium,Software Support,Closed,Laptop,16.9,2,EMP1952,0.704,Met
TKT15299,2024-02-03,2024-02-04,OK,Sales,Pune,Access,Medium,Identity & Access Team,Resolved,Mobile,36,,EMP1953,1.5,Missed
TKT15756,2024-12-12,2024-12-12,OK,Sales,Delhi,Email,Critical,Email & Messaging Team,Resolved,Laptop,3.8,,EMP1660,0.158,Met
TKT10296,2024-05-24,,OK,Finance,Bangalore,Email,Low,Email & Messaging Team,In Progress,Laptop,0,,EMP1678,0,Met
TKT11581,2025-03-23,,OK,HR,Delhi,Email,High,Email & Messaging Team,In Progress,Tablet,0,,EMP1806,0,Met
TKT12087,2024-06-19,2024-06-19,OK,Finance,Hyderabad,Software,Medium,Software Support,Resolved,Desktop,6.2,2,EMP2102,0.258,Met
TKT16258,2025-03-06,2025-03-07,OK,Finance,Pune,Software,Low,Software Support,Resolved,Desktop,38,5,EMP2024,1.583,Met
TKT10398,2025-05-03,2025-05-07,OK,IT,Chennai,Email,Low,Email & Messaging Team,Resolved,Tablet,117.7,,EMP1476,4.904,Missed
TKT14115,2024-06-26,2024-06-26,OK,Legal,Bangalore,Network,High,Network Support,Closed,Desktop,9.7,5,EMP1660,0.404,Missed
TKT16879,2025-04-09,2025-04-09,OK,Legal,Bangalore,Email,Medium,Email & Messaging Team,Resolved,Tablet,14.4,3,EMP2189,0.6,Met
TKT10716,2025-02-09,,OK,Sales,Mumbai,Email, Medium,Email & Messaging Team,Open,Desktop,0,,EMP1227,0,Unknown Priority:  Medium
TKT11253,2024-04-26,,OK,HR,Mumbai,Network,Medium,Network Support,In Progress,server,0,,EMP1047,0,Met
TKT14292,2025-01-08,2025-01-09,OK,IT,Hyderabad,Network,Low,Network Support,Resolved,Laptop,44.6,4,EMP2069,1.858,Met
TKT14939,2025-01-01,2025-01-01,OK,Admin,Bangalore,Hardware,MEDIUM,Hardware Support,Resolved,Desktop,10.7,4,EMP1557,0.446,Met
TKT10204,2025-01-03,2025-01-04,OK,Admin,Bangalore,Access,Medium,Identity & Access Team,Resolved,Desktop,37.4,,EMP2050,1.558,Missed
TKT14389,2024-02-18,2024-02-18,OK,Operations,Delhi,Network,High,Network Support,Resolved,Laptop,21.7,,EMP2233,0.904,Missed
TKT12162,2024-03-29,2024-03-26,ERROR,Finance,Hyderabad,Network,Critical,Network Support,Resolved,Desktop,1.4,5,EMP1760,0.058,Met
TKT14290,2024-10-27,2024-10-27,OK,Legal,Delhi,Access,Critical,NA,Resolved,Laptop,3.2,1,EMP2167,0.133,Met
TKT15894,2024-06-03,2024-06-04,OK,Operations,Hyderabad,Software,Low,Software Support,Resolved,Desktop,25.6,5,EMP1498,1.067,Met
TKT16778,2024-01-27,2024-01-27,OK,Sales,Pune,NETWORK,Low,Network Support,Resolved,Desktop,11.1,5,EMP1197,0.463,Met
TKT16195,2024-01-15,2024-01-18,OK,Legal,Pune,network,Low,Network Support,Resolved,Mobile,80.4,,EMP1550,3.35,Missed
TKT15388,2024-01-20,2024-01-21,OK,HR,Chennai,Access,Medium,Identity & Access Team,Resolved,Mobile,44,,EMP1446,1.833,Missed
TKT10005,2024-12-29,2024-12-31,OK,Admin,Chennai,Email,Medium,Email & Messaging Team,Resolved,Mobile,55.8,5,EMP1429,2.325,Missed
TKT10176,2024-05-29,2024-05-30,OK,Admin,Delhi,Hardware,medium,Hardware Support,Closed,Desktop,46.7,5,EMP1594,1.946,Missed
TKT10413,2024-09-04,2024-09-04,OK,Marketing,Pune,Access,Low,Identity & Access Team,Resolved,Mobile,16.7,3,EMP1543,0.696,Met
TKT12350,2024-08-26,2024-08-26,OK,Admin,Pune,Software,High,Software Support,Resolved,Tablet,0.7,,EMP1971,0.029,Met
TKT11991,2024-06-19,2024-06-19,OK,Finance,Bangalore,Software,Medium,Software Support,Resolved,Laptop,22.3,4,EMP2132,0.929,Met
TKT11431,2025-04-05,2025-04-05,OK,Sales,Pune,Network,Medium,Network Support,Resolved,Server,11.4,5,EMP1428,0.475,Met
TKT11941,2024-04-23,2024-04-23,OK,IT,Mumbai,Network,Critical,Network Support,Resolved,Mobile,0.4,5,EMP1308,0.017,Met
TKT14120,2025-04-21,2025-04-21,OK,Operations,Chennai,Printer,Medium,Hardware Support,Resolved,Printer,22.2,5,EMP1778,0.925,Met
TKT12293,2024-04-06,2024-04-06,OK,Operations,Bangalore,Hardware,Critical,Hardware Support,Resolved,Server,1,5,EMP1201,0.042,Met
TKT14675,2025-06-02,2025-06-03,OK,IT,Mumbai,Network,Low,Network Support,Closed,Desktop,38.8,4,EMP1129,1.617,Met
TKT16241,2024-03-06,2024-03-06,OK,Legal,Hyderabad,Hardware,Low,Hardware Support,Resolved,Server,8.9,5,EMP2102,0.371,Met
TKT15856,2024-02-02,2024-02-02,OK,Operations,Delhi,Hardware,High,Hardware Support,Resolved,Desktop,13.8,5,EMP1980,0.575,Missed
TKT10421,2024-12-08,2024-12-10,OK,Sales,Delhi,Network,Low,Network Support,Resolved,Laptop,49.3,4,EMP1532,2.054,Missed
TKT13857,2025-05-08,,OK,IT,Bangalore,Printer,Medium,Hardware Support,In Progress,Printer,0,,EMP1093,0,Met
TKT10603,2024-04-11,,OK,Marketing,Pune,Network,High,Network Support,Open,Laptop,0,,EMP1438,0,Met
TKT15845,2024-01-28,2024-01-29,OK,Finance,Bangalore,Software,Low,Software Support,Resolved,Desktop,45,3,EMP1138,1.875,Met
TKT12564,2025-01-16,2025-01-18,OK,Sales,Delhi,Hardware,Low,Hardware Support,Resolved,Desktop,56.5,5,EMP1439,2.354,Missed
TKT13327,2024-09-10,,OK,IT,Pune,Software,Medium,Software Support,In Progress,Laptop,0,,EMP2115,0,Met
TKT15083,2024-12-20,2024-12-20,OK,Finance,Bangalore,Network,High,Network Support,Resolved,Mobile,8.4,4,EMP1001,0.35,Missed
TKT16713,2024-12-26,2024-12-26,OK,HR,Delhi,Email,Critical,Email & Messaging Team,Resolved,Laptop,6.1,4,EMP1057,0.254,Missed
TKT15734,2024-04-13,2024-04-13,OK,Legal,Pune,Software,HIGH,Software Support,Resolved,Desktop,8.2,5,EMP1047,0.342,Missed
TKT16332,2024-04-15,2024-04-15,OK,Marketing,Pune,Hardware, High,Hardware Support,Closed,Desktop,13.4,3,EMP1701,0.558,Unknown Priority:  High
TKT14775,2024-01-11,,OK,Admin,Delhi,network,Low,Network Support,Open,Desktop,0,,EMP1302,0,Met
TKT13442,2024-06-12,2024-06-12,OK,Sales,Pune,Email,Medium,Email & Messaging Team,Resolved,Laptop,1.7,,EMP2227,0.071,Met
TKT11577,2024-02-01,2024-02-01,OK,Finance,Pune,Network,Medium,Network Support,Resolved,Laptop,8.9,,EMP1221,0.371,Met
TKT10583,2024-04-29,2024-04-29,OK,Operations,Hyderabad,Hardware,High,Hardware Support,Resolved,Laptop,20.9,4,EMP1630,0.871,Missed
TKT13138,2025-03-01,2025-03-05,OK,IT,Chennai,Network,Low,Network Support,Resolved,Laptop,96.7,,EMP2251,4.029,Missed
TKT11216,2024-02-18,2024-02-18,OK,Legal,Delhi,Software,High,Software Support,Resolved,Laptop,4.8,4,EMP1620,0.2,Met
TKT12875,2024-08-25,,OK,Admin,Pune,Hardware,Low,Hardware Support,In Progress,Desktop,0,,EMP2023,0,Met
TKT11227,2024-01-15,2024-01-16,OK,Operations,Delhi,Software,Low,Software Support,Resolved,Tablet,24.3,5,EMP1312,1.013,Met
TKT15379,2025-02-16,2025-02-16,OK,Finance,Pune,Software,Medium,Software Support,Resolved,Desktop,18.2,1,EMP1238,0.758,Met
TKT11486,2025-06-16,2025-06-16,OK,HR,Bangalore,Hardware,Medium,Hardware Support,Resolved,Server,7.5,4,EMP1283,0.313,Met
TKT14551,2025-01-18,2025-01-22,OK,Finance,Bangalore,Access,Medium,Identity & Access Team,Resolved,Desktop,98.2,4,EMP2199,4.092,Missed
TKT11677,2024-11-12,2024-11-12,OK,Legal,Bangalore,Software,High,Software Support,Resolved,Laptop,20.5,4,EMP1056,0.854,Missed
TKT13152,2024-11-05,2024-11-07,OK,Sales,Pune,Email,Low,Email & Messaging Team,Resolved,Laptop,59.3,4,EMP1087,2.471,Missed
TKT14043,2024-04-21,2024-04-22,OK,Legal,Bangalore,Email,MEDIUM,Email & Messaging Team,Resolved,Mobile,31,5,EMP1279,1.292,Missed
TKT14598,2024-08-02,,OK,Operations,Chennai,Network,High,Network Support,In Progress,Mobile,0,,EMP1463,0,Met
TKT13332,2024-04-25,2024-04-25,OK,HR,Pune,Hardware,Medium,Hardware Support,Resolved,Desktop,13.1,4,EMP1374,0.546,Met
TKT13615,2024-10-31,2024-10-31,OK,Sales,Bangalore,Network,Critical,Network Support,Resolved,Desktop,3.2,3,EMP1944,0.133,Met
TKT12100,2024-02-28,2024-03-01,OK,Admin,Delhi,Software,Low,Software Support,Resolved,Desktop,52.5,5,EMP2089,2.188,Missed
TKT13268,2024-01-25,2024-01-25,OK,HR ,Chennai,Email, Medium,Email & Messaging Team,Resolved,Desktop,12.2,5,EMP1029,0.508,Unknown Priority:  Medium
TKT15699,2024-04-05,2024-04-08,OK,Operations,Pune,Hardware,Low,Hardware Support,Resolved,Desktop,93.8,4,EMP1898,3.908,Missed
TKT11801,2025-04-20,2025-04-20,OK,Legal,Mumbai,Email,Medium,Email & Messaging Team,Resolved,Mobile,17.1,1,EMP1042,0.713,Met
TKT11191,2024-07-01,2024-07-02,OK,IT,Pune,Software,Low,Software Support,Resolved,Tablet,45.5,2,EMP1815,1.896,Met
TKT10753,2024-03-12,2024-03-13,OK,Finance,Pune,Email,Medium,Email & Messaging Team,Resolved,mobile,36.7,4,EMP1931,1.529,Missed
TKT12307,2025-01-25,2025-01-26,OK,Admin,Bangalore,NETWORK,Medium,Network Support,Resolved,Mobile,30.9,,EMP1046,1.288,Missed
TKT16565,2024-11-25,2024-11-25,OK,Legal,Bangalore,Access,Medium,Identity & Access Team,Resolved,Laptop,19.9,4,EMP2014,0.829,Met
TKT15030,2025-04-30,2025-05-02,OK,Operations,Chennai,Network,Low,Network Support,Resolved,LAPTOP,59.2,,EMP1176,2.467,Missed
TKT14327,2024-07-03,2024-07-03,OK,IT,Delhi,Email,critical,Email & Messaging Team,Closed,Laptop,1.4,5,EMP2071,0.058,Met
TKT12981,2025-06-19,2025-06-19,OK,IT,Hyderabad,Hardware,High,Hardware Support,Resolved,Server,10.6,5,EMP2091,0.442,Missed
TKT14761,2024-05-16,2024-05-16,OK,Legal,Delhi,Hardware,Medium,Hardware Support,Resolved,Server,19.7,4,EMP1233,0.821,Met
TKT16301,2025-03-18,2025-03-19,OK,Legal,Mumbai,Hardware,Low,Hardware Support,Resolved,Desktop,32.2,,EMP2038,1.342,Met
TKT13970,2024-08-09,,OK,IT,Chennai,Software,Medium,Software Support,In Progress,Laptop,0,,EMP1787,0,Met
TKT15223,2024-07-19,,OK,Sales,Hyderabad,Access,Medium,Identity & Access Team,Open,Laptop,0,,EMP2263,0,Met
TKT10739,2024-08-02,,OK,IT,Pune,Access,Low,Identity & Access Team,In Progress,Mobile,0,,EMP1166,0,Met
TKT14609,2024-10-14,2024-10-16,OK,IT,Pune,Printer,Low,Hardware Support,Closed,Printer,50.6,4,EMP1595,2.108,Missed
TKT16214,2024-06-21,2024-06-21,OK,Sales,Delhi,Hardware,Medium,Hardware Support,Resolved,Desktop,21,5,EMP1768,0.875,Met
TKT10473,2024-11-12,,OK,IT,Bangalore,NETWORK,High,NA,In Progress,Desktop,0,,EMP2072,0,Met
TKT11652,2025-06-16,2025-06-16,OK,Sales,Mumbai,Hardware,CRITICAL,Hardware Support,Resolved,Desktop,14.3,4,EMP2301,0.596,Missed
TKT12358,2024-05-22,2024-05-23,OK,Operations,Pune,Printer,Medium,Hardware Support,Resolved,Printer,40.6,,EMP2208,1.692,Missed
TKT16066,2024-03-19,,OK,IT,Pune,Network,Medium,Network Support,In Progress,laptop,0,,EMP2289,0,Met
TKT15026,2024-12-17,2024-12-17,OK,Finance,Chennai,Access,Low,Identity & Access Team,Resolved,laptop,23,2,EMP2082,0.958,Met
TKT14580,2024-01-18,,OK,Finance,Delhi,Access,Low,Identity & Access Team,Open,Desktop,0,,EMP1030,0,Met
TKT12322,2025-04-18,2025-04-18,OK,HR,Chennai,Access,Critical,Identity & Access Team,Resolved,Desktop,5.6,4,EMP1366,0.233,Missed
TKT15288,2024-10-20,2024-10-20,OK,Legal,Chennai,Hardware,Medium,Hardware Support,Closed,Laptop,20.3,5,EMP1146,0.846,Met
TKT14493,2024-08-18,2024-08-18,OK,IT,Hyderabad,Hardware,Medium,Hardware Support,Closed,Server,16.6,5,EMP1134,0.692,Met
TKT10626,2024-03-06,2024-03-06,OK,HR,Bangalore,Hardware,Medium,Hardware Support,Resolved,Desktop,22.1,4,EMP2298,0.921,Met
TKT11854,2024-10-31,2024-10-31,OK,Sales,Mumbai,Hardware,Medium,Hardware Support,Closed,Desktop,10.8,,EMP1897,0.45,Met
TKT16284,2024-08-06,2024-08-06,OK,Operations,Bangalore,Printer,Medium,Hardware Support,Closed,Printer,18.1,5,EMP1037,0.754,Met
TKT10380,2024-06-21,,OK,Marketing,Mumbai,Software,Medium,Software Support,Open,Desktop,0,,EMP1009,0,Met
TKT12860,2025-03-26,2025-03-26,OK,Operations,Pune,Printer,Medium,Software Support,Closed,Printer,4.1,,EMP1063,0.171,Met
TKT15608,2024-03-08,2024-03-08,OK,Operations,Bangalore,Software,Medium,Software Support,Closed,Laptop,2.7,,EMP1385,0.113,Met
TKT14034,2024-12-13,2024-12-13,OK,IT,Hyderabad,Software,Medium,Software Support,Resolved,Laptop,15.1,4,EMP1465,0.629,Met
TKT13530,2025-05-29,2025-05-29,OK,Sales,Delhi,Email,Critical,Email & Messaging Team,Closed,Desktop,1.6,4,EMP2352,0.067,Met
TKT15054,2024-04-23,2024-04-23,OK,Legal,Bangalore,Network,Medium,Network Support,Resolved,Mobile,8.1,4,EMP1014,0.338,Met
TKT12195,2024-08-14,,OK,IT,Bangalore,Network,Low,Network Support,Open,Mobile,0,,EMP1862,0,Met
TKT10150,2025-02-11,2025-02-11,OK,HR,Bangalore,Hardware,Medium,Hardware Support,Resolved,Laptop,10.3,3,EMP1643,0.429,Met
TKT12241,2024-04-12,2024-04-13,OK,IT,Pune,network,Medium,Software Support,Closed,Mobile,32.2,,EMP1420,1.342,Missed
TKT12411,2025-05-21,2025-05-22,OK,Operations,Delhi,Hardware,Medium,Hardware Support,Resolved,Laptop,46.4,3,EMP1424,1.933,Missed
TKT14527,2024-07-18,2024-07-18,OK,IT,Hyderabad,Printer,High,Hardware Support,Closed,Printer,7.3,5,EMP1417,0.304,Met
TKT12490,2025-01-19,,OK,Operations,Pune,Software,High,Software Support,In Progress,Laptop,0,,EMP1676,0,Met
TKT14879,2024-11-24,2024-11-24,OK,Operations,Pune,Network,High,Network Support,Resolved,Server,3.6,4,EMP1382,0.15,Met
TKT14794,2025-05-02,2025-05-02,OK,Legal,Delhi,Access,Medium,Identity & Access Team,Resolved,Mobile,15.4,3,EMP2173,0.642,Met
TKT11556,2024-08-03,2024-08-04,OK,Marketing,Hyderabad,Email,Medium,Email & Messaging Team,Resolved,Tablet,25.8,4,EMP1762,1.075,Missed
TKT16948,2025-06-04,,OK,Legal,Delhi,Network,MEDIUM,Network Support,In Progress,Server,0,,EMP1913,0,Met
TKT10360,2024-02-03,2024-02-03,OK,Admin,Delhi,network,Critical,Network Support,Closed,Desktop,3.6,2,EMP1734,0.15,Met
TKT16998,2024-06-21,2024-06-21,OK,Finance,Pune,Access,LOW,Identity & Access Team,Resolved,Mobile,17.5,4,EMP2202,0.729,Met
TKT13765,2024-10-22,2024-10-23,OK,Operations,Pune,Hardware,Low,Hardware Support,Closed,Server,35.5,3,EMP1212,1.479,Met
TKT15941,2025-05-31,2025-05-31,OK,Admin,Delhi,Software,High,Software Support,Resolved,Laptop,16.2,3,EMP2210,0.675,Missed
TKT10878,2024-01-27,2024-01-27,OK,Admin,Mumbai,Email,Critical,Email & Messaging Team,Resolved,Desktop,1.1,5,EMP1869,0.046,Met
TKT11411,2024-02-23,2024-02-23,OK,Legal,Delhi,network,Low,Network Support,Resolved,Server,12.3,5,EMP1280,0.513,Met
TKT10353,2025-05-31,2025-05-31,OK,Admin,Chennai,Software,Medium,Software Support,Resolved,Tablet,20.8,,EMP1275,0.867,Met
TKT15101,2024-04-22,2024-04-22,OK,IT,Hyderabad,Printer,Medium,Hardware Support,Closed,printer,14.7,5,EMP2348,0.613,Met
TKT15555,2024-10-15,2024-10-16,OK,Admin,Mumbai,Software,medium,Software Support,Resolved,Laptop,30,3,EMP1468,1.25,Missed
TKT11358,2024-02-07,2024-02-11,OK,Legal,Mumbai,Hardware,LOW,Hardware Support,Resolved,Desktop,104,5,EMP1423,4.333,Missed
TKT14053,2024-06-16,,OK,Marketing,Delhi,Hardware,Medium,Hardware Support,In Progress,Server,0,,EMP2153,0,Met
TKT10408,2024-07-18,2024-07-18,OK,Marketing,Delhi,Software,Medium,Software Support,Resolved,Desktop,21.1,,EMP1931,0.879,Met
TKT17000,2024-07-06,2024-07-07,OK,Operations,Mumbai,network,Medium,Network Support,Closed,Desktop,25.6,4,EMP1356,1.067,Missed
TKT13308,2025-02-27,2025-02-27,OK,IT,Chennai,Software,High,Software Support,Resolved,Desktop,7.9,5,EMP2082,0.329,Met
TKT12601,2024-11-14,2024-11-14,OK,Marketing,Delhi,Access, Medium,Identity & Access Team,Resolved,Desktop,6.7,1,EMP1293,0.279,Unknown Priority:  Medium
TKT16628,2024-03-28,2024-03-28,OK,Marketing,Bangalore,Printer,Medium,Hardware Support,Resolved,Printer,16.1,,EMP2169,0.671,Met
TKT11931,2024-09-05,2024-09-05,OK,Finance,Bangalore,Hardware,High,Hardware Support,Resolved,Laptop,7.2,2,EMP2069,0.3,Met
TKT16529,2025-04-14,2025-04-15,OK,Operations,Chennai,Network,Low,Hardware Support,Resolved,Laptop,47.7,5,EMP2370,1.988,Met
TKT13344,2024-03-20,2024-03-20,OK,Admin,Pune,Email,High,Email & Messaging Team,Closed,Mobile,13.1,5,EMP2245,0.546,Missed
TKT13491,2025-03-03,2025-03-03,OK,Operations,Delhi,Network,High,Network Support,Resolved,Server,10.7,,EMP1353,0.446,Missed
TKT11202,2024-11-18,2024-11-18,OK,Sales,Delhi,Hardware,Medium,Hardware Support,Resolved,Desktop,2.7,,EMP1013,0.113,Met
TKT15302,2024-08-06,2024-08-06,OK,Operations,Delhi,Software,HIGH,Software Support,Resolved,Laptop,13.8,5,EMP2118,0.575,Missed
TKT15122,2024-09-27,,OK,Marketing,Pune,Software,Low,Software Support,Open,Laptop,0,,EMP1057,0,Met
TKT12525,2025-03-27,2025-03-27,OK,Operations,Pune,Hardware,Medium,Hardware Support,Resolved,Laptop,10.3,3,EMP2084,0.429,Met
TKT13691,2025-01-05,,OK,Sales,Pune,Network,medium,Network Support,In Progress,Desktop,0,,EMP1289,0,Met
TKT14830,2025-01-09,2025-01-09,OK,IT,Pune,Software,Medium,Software Support,Resolved,Laptop,10.1,2,EMP1532,0.421,Met
TKT13979,2024-10-11,2024-10-11,OK,Sales,Delhi,Network,Medium,Network Support,Closed,Desktop,6.6,,EMP1334,0.275,Met
TKT13275,2025-01-05,2025-01-05,OK,HR,Mumbai,Access,HIGH,Identity & Access Team,Resolved,Laptop,6.6,4,EMP1083,0.275,Met
TKT11681,2024-04-23,2024-04-24,OK,IT,Hyderabad,network,Low,Network Support,Resolved,Laptop,34,5,EMP1690,1.417,Met
TKT14374,2025-01-04,,OK,IT,Pune,Hardware,High,Hardware Support,In Progress,Laptop,0,,EMP1501,0,Met
TKT15308,2025-05-07,2025-05-07,OK,Operations,Pune,Software,Medium,Software Support,Resolved,Tablet,9.4,5,EMP1827,0.392,Met
TKT13091,2024-02-11,2024-02-11,OK,Operations,Delhi,Network,High,Network Support,Resolved,Laptop,4.5,2,EMP2035,0.188,Met
TKT12361,2024-05-06,2024-05-06,OK,Marketing,Hyderabad,Software,Medium,Software Support,Resolved,Tablet,21.2,3,EMP1208,0.883,Met
TKT10137,2025-06-24,2025-06-25,OK,Operations,Bangalore,Software,Low,Software Support,Closed,Laptop,45,3,EMP1866,1.875,Met
TKT12383,2024-11-21,2024-11-21,OK,Finance,Bangalore,Hardware,High,Hardware Support,Closed,Laptop,6.9,4,EMP1974,0.288,Met
TKT14844,2025-01-01,2025-01-01,OK,Operations,Delhi,Email,Medium,Email & Messaging Team,Resolved,Mobile,20.2,4,EMP1974,0.842,Met
TKT14345,2024-11-22,2024-11-22,OK,Sales,Bangalore,Email,High,Email & Messaging Team,Resolved,Mobile,0.5,5,EMP1991,0.021,Met
TKT14436,2024-07-28,2024-07-28,OK,Legal,Delhi,Access,High,Identity & Access Team,Resolved,Laptop,6.5,5,EMP1831,0.271,Met
TKT14874,2025-03-01,2025-03-01,OK,HR,Mumbai,Network,Low,Network Support,Resolved,Mobile,8.4,3,EMP1556,0.35,Met
TKT14759,2024-05-05,2024-05-06,OK,Sales,Bangalore,Access,Medium,Identity & Access Team,Resolved,Laptop,34.7,5,EMP1916,1.446,Missed
TKT12049,2025-06-27,,OK,HR,Bangalore,Email,Medium,Email & Messaging Team,Open,Mobile,0,,EMP1332,0,Met
TKT14044,2024-12-30,2025-01-02,OK,Admin,Mumbai,Hardware,Medium,Identity & Access Team,Resolved,Desktop,82,5,EMP1783,3.417,Missed
TKT16297,2024-07-01,2024-07-01,OK,HR ,Pune,Printer,High,Hardware Support,Resolved,Printer,7.3,4,EMP2345,0.304,Met
TKT13808,2025-04-06,2025-04-07,OK,IT,Bangalore,Printer,Low,Network Support,Resolved,Printer,24.3,,EMP1958,1.013,Met
TKT11846,2025-03-11,2025-03-11,OK,Operations,Pune,Hardware,High,Hardware Support,Resolved,Desktop,1.5,5,EMP1365,0.063,Met
TKT14921,2025-02-06,2025-02-06,OK,Finance,Mumbai,Software,Low,Software Support,Resolved,Laptop,19.9,5,EMP2237,0.829,Met
TKT15443,2024-03-08,2024-03-08,OK,Marketing,Bangalore,Hardware,High,Email & Messaging Team,Closed,Server,11.4,3,EMP1413,0.475,Missed
TKT11345,2025-03-28,2025-03-28,OK,Sales,Chennai,Software,High,Software Support,Resolved,Tablet,6,3,EMP2242,0.25,Met
TKT11817,2024-01-22,2024-01-22,OK,HR,Delhi,Network,Medium,Network Support,Resolved,Mobile,19.5,2,EMP1344,0.813,Met
TKT10991,2025-03-24,2025-03-24,OK,Sales,Mumbai,Hardware,High,Hardware Support,Resolved,Server,10.2,,EMP1241,0.425,Missed
TKT12917,2025-01-30,,OK,Operations,Pune,Printer,Medium,Hardware Support,In Progress,Printer,0,,EMP1605,0,Met
TKT10818,2024-07-30,2024-08-01,OK,HR,Bangalore,Network,Medium,Network Support,Resolved,laptop,57.7,4,EMP2336,2.404,Missed
TKT11575,2024-03-01,2024-03-01,OK,IT,Chennai,Network,Low,Network Support,Resolved,Laptop,13.9,4,EMP1242,0.579,Met
TKT14068,2025-02-15,2025-02-15,OK,Finance,Chennai,Software,Medium,Software Support,Resolved,Laptop,16.6,3,EMP1586,0.692,Met
TKT13440,2025-04-07,2025-04-11,OK,HR,Mumbai,Hardware,Low,Hardware Support,Resolved,Server,98.2,4,EMP1200,4.092,Missed
TKT16612,2025-04-09,2025-04-10,OK,Finance,Mumbai,Network,Low,Network Support,Resolved,Server,41.9,5,EMP1688,1.746,Met
TKT14428,2024-05-25,2024-05-25,OK,Finance,Chennai,Access,Medium,Identity & Access Team,Closed,Laptop,9.4,,EMP1263,0.392,Met
TKT12355,2024-09-04,2024-09-05,OK,Marketing,Delhi,Access,Low,Identity & Access Team,Resolved,Desktop,35.8,2,EMP1651,1.492,Met
TKT12857,2024-09-26,2024-09-26,OK,Legal,Pune,Access,Medium,Identity & Access Team,Resolved,Laptop,6.6,1,EMP2213,0.275,Met
TKT10297,2024-12-09,2024-12-10,OK,Operations,Mumbai,Printer,High,Hardware Support,Closed,Printer,24,3,EMP1914,1,Missed
TKT16649,2024-02-01,2024-02-01,OK,Sales,Delhi,Network,Medium,Network Support,Resolved,laptop,8.2,,EMP1911,0.342,Met
TKT10320,2025-01-20,2025-01-20,OK,HR,Bangalore,Printer,Medium,Hardware Support,Resolved,PRINTER,7.9,3,EMP1714,0.329,Met
TKT16729,2024-06-02,2024-06-03,OK,Finance,Delhi,Access,Medium,Identity & Access Team,Closed,Mobile,24.9,4,EMP1534,1.038,Missed
TKT10663,2024-11-03,2024-11-05,OK,Finance,Bangalore,Network,Low,Network Support,Resolved,Desktop,69.6,3,EMP1509,2.9,Missed
TKT15482,2024-12-22,2024-12-22,OK,Marketing,Pune,Hardware,Critical,Hardware Support,Resolved,Desktop,11.2,4,EMP1326,0.467,Missed
TKT16059,2024-07-20,2024-07-20,OK,Sales,Bangalore,Email,High,Email & Messaging Team,Resolved,Mobile,6.5,5,EMP1013,0.271,Met
TKT12615,2024-05-12,2024-05-12,OK,Sales,Delhi,Software,Medium,Identity & Access Team,Resolved,Tablet,7.4,3,EMP1717,0.308,Met
TKT16090,2024-12-05,,OK,Marketing,Pune,Access,Medium,Identity & Access Team,Open,Desktop,0,,EMP1053,0,Met
TKT10536,2024-04-10,2024-04-06,ERROR,IT,Delhi,Network,Medium,Network Support,Resolved,Laptop,13,4,EMP2075,0.542,Met
TKT14832,2025-04-14,2025-04-14,OK,Operations,Bangalore,Hardware,Medium,Hardware Support,Closed,Laptop,14.4,5,EMP1320,0.6,Met
TKT11588,2025-06-11,2025-06-12,OK,Sales,Bangalore,Network,Low,Network Support,Resolved,Mobile,34.8,3,EMP2371,1.45,Met
TKT10333,2024-06-17,2024-06-17,OK,Sales,Bangalore,Access,High,Identity & Access Team,Closed,Desktop,8.4,3,EMP1826,0.35,Missed
TKT11264,2025-04-20,2025-04-22,OK,IT,Bangalore,Software,Low,Software Support,Resolved,Desktop,62.5,5,EMP1926,2.604,Missed
TKT12858,2024-12-21,2024-12-22,OK,Sales,Mumbai,Software,Medium,Software Support,Resolved,Tablet,24.8,5,EMP1314,1.033,Missed
TKT12986,2024-05-19,2024-05-19,OK,Operations,Chennai,Access,Medium,Identity & Access Team,Resolved,Laptop,16.6,5,EMP1811,0.692,Met
TKT12423,2025-04-17,2025-04-17,OK,Admin,Delhi,Hardware,High,Hardware Support,Resolved,Laptop,3.4,4,EMP1750,0.142,Met
TKT16754,2024-06-08,2024-06-09,OK,Admin,Pune,Access,Medium,Identity & Access Team,Resolved,Laptop,47.6,3,EMP2399,1.983,Missed
TKT12569,2024-02-17,,OK,Finance,Pune,Software,Medium,Software Support,In Progress,Desktop,0,,EMP2173,0,Met
TKT13824,2025-01-29,,OK,Unknown,Pune,Network,High,Network Support,Open,Laptop,0,,EMP1885,0,Met
TKT14657,2024-10-31,,OK,Marketing,Hyderabad,Software,High,Software Support,Open,Laptop,0,,EMP2219,0,Met
TKT12120,2024-04-12,2024-04-12,OK,Operations,Chennai,Email,High,NA,Closed,Laptop,17.8,1,EMP2154,0.742,Missed
TKT14990,2024-12-17,2024-12-17,OK,Operations,Hyderabad,Software,Medium,Software Support,Resolved,Desktop,15.4,5,EMP1615,0.642,Met
TKT10961,2024-04-10,2024-04-10,OK,IT,Pune,Printer,High,Hardware Support,Resolved,Printer,6.8,,EMP1535,0.283,Met
TKT11442,2024-03-26,2024-03-26,OK,HR,Pune,Email,Medium,Email & Messaging Team,Resolved,Laptop,6.2,2,EMP1694,0.258,Met
TKT15295,2024-01-23,2024-01-23,OK,HR,Bangalore,Software,Medium,Software Support,Resolved,Tablet,15.4,,EMP1589,0.642,Met
TKT12016,2025-03-30,2025-04-01,OK,HR,Pune,Network,Medium,Network Support,Closed,Desktop,48.2,4,EMP1081,2.008,Missed
TKT11332,2025-02-25,2025-02-26,OK,IT,Mumbai,Network,Low,Network Support,Resolved,Server,45,4,EMP1570,1.875,Met
TKT13489,2025-03-17,2025-03-17,OK,Finance,Mumbai,Software,Critical,Software Support,Resolved,Laptop,2.7,5,EMP1972,0.113,Met
TKT14900,2024-03-18,2024-03-18,OK,HR,Pune,Hardware,High,Hardware Support,Closed,Laptop,7.1,4,EMP2296,0.296,Met
TKT14113,2024-02-01,,OK,Finance,Mumbai,Access,High,Identity & Access Team,Open,Mobile,0,,EMP1467,0,Met
TKT13676,2024-09-23,2024-09-23,OK,Marketing,Delhi,Hardware,High,Hardware Support,Closed,Laptop,12.1,5,EMP1731,0.504,Missed
TKT14754,2025-03-30,2025-03-31,OK,Operations,Mumbai,Access,Medium,Identity & Access Team,Resolved,Desktop,32.9,5,EMP1475,1.371,Missed
TKT11656,2024-04-02,2024-04-05,OK,Operations,Mumbai,Software,Low,Software Support,Resolved,Desktop,80.7,4,EMP2374,3.363,Missed
TKT10156,2024-07-05,2024-07-05,OK,Marketing,Bangalore,Access,High,Identity & Access Team,Resolved,Mobile,14,5,EMP1264,0.583,Missed
TKT16932,2024-04-01,2024-04-02,OK,Admin,Mumbai,Hardware, Medium,Hardware Support,Resolved,Desktop,40.7,3,EMP1569,1.696,Unknown Priority:  Medium
TKT14489,2024-05-28,2024-05-28,OK,Sales,Bangalore,Network,Medium,Network Support,Resolved,server,19.9,,EMP1202,0.829,Met
TKT11696,2024-08-24,2024-08-25,OK,Legal,Pune,Access,Medium,Identity & Access Team,Resolved,Laptop,37.4,5,EMP1492,1.558,Missed
TKT12748,2024-08-13,,OK,Unknown,Pune,Network,Low,Network Support,In Progress,Mobile,0,,EMP1432,0,Met
TKT11881,2024-06-11,2024-06-11,OK,Finance,Pune,Software,High,Software Support,Resolved,Desktop,4.7,5,EMP2115,0.196,Met
TKT15808,2024-04-13,2024-04-13,OK,Marketing,Delhi,Network,Medium,Network Support,Resolved,Desktop,20.5,3,EMP1930,0.854,Met
TKT11590,2024-06-11,2024-06-13,OK,Finance,Bangalore,Email,Low,Email & Messaging Team,Resolved,Tablet,71.4,1,EMP2353,2.975,Missed
TKT12770,2024-02-08,2024-02-08,OK,Admin,Pune,Network,Medium,Software Support,Resolved,Mobile,15.5,5,EMP1884,0.646,Met
TKT16793,2024-06-24,2024-06-24,OK,HR,Pune,Hardware,High,Hardware Support,Closed,server,9.6,4,EMP2276,0.4,Missed
TKT14277,2024-09-12,2024-09-12,OK,Sales,Bangalore,Software,Medium,Software Support,Resolved,Laptop,10.8,,EMP1751,0.45,Met
TKT11632,2025-05-01,2025-05-02,OK,Sales,Pune,Email,Medium,Email & Messaging Team,Closed,Desktop,46.1,5,EMP1724,1.921,Missed
TKT15985,2024-03-15,2024-03-16,OK,Marketing,Chennai,Email,Medium,Email & Messaging Team,Resolved,Desktop,41.8,,EMP1133,1.742,Missed
TKT14935,2024-11-28,2024-11-29,OK,Legal,Bangalore,Software,medium,Software Support,Resolved,Tablet,39.7,5,EMP2250,1.654,Missed
TKT15616,2024-03-31,2024-04-01,OK,Sales,Chennai,Network,Medium,Software Support,Resolved,Mobile,37.1,2,EMP1706,1.546,Missed
TKT14332,2024-08-09,2024-08-10,OK,Finance,Mumbai,Hardware,Medium,Hardware Support,Resolved,Desktop,37.3,3,EMP1214,1.554,Missed
TKT12607,2025-06-02,2025-06-02,OK,Admin,Bangalore,Hardware,High,Hardware Support,Closed,Laptop,5.2,1,EMP1013,0.217,Met
TKT10555,2024-03-31,2024-04-02,OK,Sales,Mumbai,Printer,Medium,Hardware Support,Closed,Printer,52,4,EMP2284,2.167,Missed
TKT15805,2024-08-10,2024-08-10,OK,IT,Delhi,Email,MEDIUM,Email & Messaging Team,Closed,Tablet,11.2,,EMP1999,0.467,Met
TKT16815,2024-11-22,2024-11-22,OK,Operations,Pune,Email,High,Email & Messaging Team,Resolved,Mobile,9.3,5,EMP2057,0.388,Missed
TKT15623,2025-04-29,,OK,IT,Pune,Software,Medium,Software Support,In Progress,Tablet,0,,EMP1986,0,Met
TKT15579,2024-01-29,2024-01-29,OK,Finance,Bangalore,Hardware,Medium,Hardware Support,Resolved,Desktop,23.3,5,EMP2355,0.971,Met
TKT13717,2025-06-19,,OK,Legal,Pune,Printer,Medium,Hardware Support,Open,Printer,0,,EMP1495,0,Met
TKT13745,2024-09-04,2024-09-04,OK,Sales,Hyderabad,Software,Low,Software Support,Resolved,Desktop,22.9,5,EMP2295,0.954,Met
TKT11276,2024-07-18,2024-07-19,OK,HR,Chennai,NETWORK,Low,Network Support,Closed,Server,34.2,3,EMP2072,1.425,Met
TKT10171,2024-08-21,2024-08-21,OK,Sales,Mumbai,Email,Low,Email & Messaging Team,Resolved,Tablet,23,3,EMP1105,0.958,Met
TKT10687,2024-05-09,2024-05-09,OK,Operations,Mumbai,Network,HIGH,Network Support,Resolved,Server,7.7,,EMP2065,0.321,Met
TKT16154,2024-05-08,2024-05-08,OK,Sales,Pune,Access,Medium,Identity & Access Team,Resolved,Mobile,16.7,2,EMP1113,0.696,Met
TKT10061,2024-12-04,2024-12-04,OK,HR,Delhi,Hardware,Medium,Hardware Support,Resolved,Server,13.2,3,EMP1720,0.55,Met
TKT13752,2025-06-27,2025-06-27,OK,Operations,Hyderabad,Network,Medium,Network Support,Resolved,Desktop,9.8,3,EMP1546,0.408,Met
TKT14979,2024-11-03,2024-11-03,OK,Sales,Bangalore,Software,Medium,Software Support,Resolved,Desktop,8,,EMP1796,0.333,Met
TKT14607,2024-01-30,2024-01-30,OK,Sales,Chennai,Software,Low,Software Support,Resolved,Desktop,16.9,3,EMP1995,0.704,Met
TKT16049,2025-01-24,,OK,IT,Bangalore,Email,Medium,Email & Messaging Team,In Progress,Desktop,0,,EMP2246,0,Met
TKT16215,2024-03-11,2024-03-11,OK,HR ,Delhi,Printer,HIGH,Hardware Support,Resolved,Printer,9.6,4,EMP2046,0.4,Missed
TKT13426,2025-02-01,2025-02-01,OK,Marketing,Bangalore,Software,Low,Software Support,Closed,Tablet,9.2,4,EMP2187,0.383,Met
TKT14816,2024-02-26,2024-02-26,OK,Marketing,Pune,Software,Medium,Software Support,Resolved,tablet,21.9,5,EMP1788,0.913,Met
TKT13570,2025-03-18,2025-03-18,OK,IT,Hyderabad,Access,HIGH,Identity & Access Team,Closed,Mobile,13.5,4,EMP2211,0.563,Missed
TKT14622,2024-12-30,2024-12-30,OK,Sales,Delhi,Hardware,Medium,Hardware Support,Resolved,Server,22.2,,EMP1686,0.925,Met
TKT14766,2025-03-10,2025-03-10,OK,Marketing,Bangalore,Network,Medium,Network Support,Resolved,Server,15.4,,EMP1323,0.642,Met
TKT14076,2024-11-03,2024-11-03,OK,Operations,Bangalore,Access,High,Hardware Support,Resolved,Laptop,5.7,5,EMP2047,0.238,Met
TKT15440,2024-11-27,2024-11-27,OK,HR,Chennai,Software,Medium,Software Support,Resolved,Desktop,15.4,4,EMP2263,0.642,Met
TKT15406,2024-03-30,2024-03-30,OK,Sales,Pune,Email,Medium,Email & Messaging Team,Resolved,Mobile,19.5,1,EMP1972,0.813,Met
TKT16105,2024-07-19,2024-07-19,OK,Sales,Pune,Hardware,Medium,Hardware Support,Resolved,Desktop,11.2,5,EMP2248,0.467,Met
TKT10054,2024-01-27,2024-01-27,OK,HR,Bangalore,Access,High,Identity & Access Team,Resolved,Desktop,18.5,5,EMP1638,0.771,Missed
TKT13228,2024-04-19,2024-04-19,OK,Operations,Bangalore,Email,Medium,Email & Messaging Team,Resolved,Desktop,17.9,5,EMP2083,0.746,Met
TKT15177,2024-12-18,2024-12-19,OK,Finance,Mumbai,Access,Low,Identity & Access Team,Resolved,Mobile,41.1,,EMP1583,1.713,Met
TKT11825,2024-03-05,2024-03-05,OK,Legal,Delhi,Hardware,Low,Hardware Support,Closed,server,16.3,5,EMP2082,0.679,Met
TKT11451,2025-02-24,2025-02-24,OK,Marketing,Delhi,Software,Critical,Software Support,Resolved,desktop,8,,EMP2233,0.333,Missed
TKT11971,2025-06-26,,OK,Operations,Bangalore,Access,High,Identity & Access Team,Open,Desktop,0,,EMP1032,0,Met
TKT16341,2025-03-28,2025-03-28,OK,Legal,Pune,Software,Medium,Software Support,Resolved,Laptop,0,4,EMP1129,0,Met
TKT16233,2024-07-14,2024-07-16,OK,Operations,Chennai,Software,Low,Software Support,Resolved,Laptop,62.7,3,EMP1543,2.613,Missed
TKT16655,2025-02-15,,OK,Finance,Bangalore,Email,High,Email & Messaging Team,In Progress,Desktop,0,,EMP2263,0,Met
TKT11832,2024-11-07,2024-11-08,OK,Marketing,Bangalore,Software,MEDIUM,Software Support,Resolved,Tablet,26.7,4,EMP1128,1.113,Missed
TKT15942,2025-01-12,2025-01-12,OK,HR,Hyderabad,Printer,Medium,Hardware Support,Closed,Printer,3.7,4,EMP1799,0.154,Met
TKT16956,2024-02-26,2024-02-26,OK,Admin,Bangalore,Hardware,Medium,Hardware Support,Closed,Laptop,17.2,,EMP2106,0.717,Met
TKT11193,2024-11-27,,OK,Finance,Hyderabad,Access,Low,Identity & Access Team,Open,Mobile,0,,EMP1460,0,Met
TKT12199,2025-05-12,2025-05-12,OK,Operations,Delhi,Email,Medium,Email & Messaging Team,Resolved,Desktop,12.8,5,EMP1898,0.533,Met
TKT16283,2025-06-13,2025-06-16,OK,Marketing,Chennai,Printer,Low,Hardware Support,Resolved,Printer,82,,EMP1419,3.417,Missed
TKT10935,2024-04-15,,OK,Operations,Bangalore,Email,Low,Email & Messaging Team,In Progress,Mobile,0,,EMP1059,0,Met
TKT16585,2025-04-26,2025-04-27,OK,Legal,Chennai,network,Medium,Network Support,Resolved,Server,25.9,4,EMP1327,1.079,Missed
TKT11889,2024-05-02,2024-05-03,OK,Finance,Bangalore,Software,low,Software Support,Closed,Desktop,34.3,5,EMP1216,1.429,Met
TKT15002,2024-02-29,2024-02-29,OK,Marketing,Pune,Network,Medium,Network Support,Resolved,Mobile,21.9,4,EMP1825,0.913,Met
TKT12265,2024-04-28,2024-04-28,OK,Sales,Hyderabad,Software,Low,Software Support,Resolved,laptop,13.5,3,EMP2367,0.563,Met
TKT16580,2024-08-26,2024-08-26,OK,HR,Bangalore,Access,Critical,Identity & Access Team,Resolved,Desktop,1.6,,EMP1800,0.067,Met
TKT15826,2025-04-14,2025-04-14,OK,IT,Delhi,Software,Low,Software Support,Resolved,Desktop,18.2,5,EMP2275,0.758,Met
TKT14835,2025-04-18,2025-04-18,OK,Finance,Delhi,Software,High,Software Support,Resolved,Desktop,4.3,,EMP2247,0.179,Met
TKT13318,2025-03-24,2025-03-24,OK,Marketing,Delhi,Access,Medium,Identity & Access Team,Resolved,Laptop,14.1,4,EMP2035,0.588,Met
TKT16674,2024-03-12,,OK,IT,Pune,Email,Medium,Email & Messaging Team,In Progress,Laptop,0,,EMP1465,0,Met
TKT12051,2025-01-20,2025-01-20,OK,Legal,Pune,Access,High,Identity & Access Team,Resolved,Laptop,12.4,3,EMP2312,0.517,Missed
TKT14997,2024-09-30,2024-10-01,OK,IT,Delhi,Network,Medium,Network Support,Resolved,Mobile,27.4,5,EMP1451,1.142,Missed
TKT13366,2024-04-17,2024-04-17,OK,Admin,Delhi,Hardware,High,Hardware Support,Resolved,Laptop,19,5,EMP1956,0.792,Missed
TKT13822,2024-11-03,2024-11-04,OK,Operations,Delhi,Email,Medium,Email & Messaging Team,Resolved,Desktop,29.2,,EMP1861,1.217,Missed
TKT14144,2025-06-05,2025-06-01,ERROR,Operations,Bangalore,Email,Medium,Email & Messaging Team,Resolved,Tablet,35.3,4,EMP1496,1.471,Missed
TKT10606,2024-11-15,2024-11-15,OK,Operations,Bangalore,Network,High,Network Support,Resolved,Server,10.6,4,EMP1909,0.442,Missed
TKT16062,2024-06-06,,OK,Sales,Delhi,Software,Critical,Software Support,In Progress,Tablet,0,,EMP2145,0,Met
TKT13183,2025-05-04,2025-05-05,OK,Marketing,Bangalore,Software,Medium,Software Support,Resolved,Laptop,37.1,2,EMP1022,1.546,Missed
TKT14390,2025-01-12,2025-01-12,OK,HR,Mumbai,Software,Medium,Email & Messaging Team,Resolved,laptop,9.5,4,EMP2175,0.396,Met
TKT10673,2024-12-21,2024-12-21,OK,Sales,Mumbai,Network,Low,Network Support,Resolved,Mobile,22.4,1,EMP1918,0.933,Met
TKT10488,2024-01-07,2024-01-08,OK,Legal,Mumbai,Access,Medium,Identity & Access Team,Resolved,Laptop,25.2,,EMP1501,1.05,Missed
TKT14396,2024-04-09,,OK,Sales,Mumbai,Network,Low,Network Support,Open,Server,0,,EMP2399,0,Met
TKT14046,2024-04-19,2024-04-19,OK,Marketing,Chennai,Software,High,Software Support,Resolved,Desktop,15.3,5,EMP1513,0.638,Missed
TKT16698,2024-02-06,2024-02-07,OK,Admin,Hyderabad,Network,Medium,Network Support,Resolved,Laptop,35.4,4,EMP1747,1.475,Missed
TKT15047,2024-12-20,2024-12-16,ERROR,Marketing,Bangalore,Network,High,Network Support,Resolved,Desktop,5.5,5,EMP1683,0.229,Met
TKT12988,2025-04-17,2025-04-21,OK,Admin,Mumbai,Software,Low,Software Support,Resolved,Desktop,105.1,3,EMP1638,4.379,Missed
TKT13542,2024-03-02,,OK,Sales,Chennai,Email,Medium,Hardware Support,In Progress,Tablet,0,,EMP1660,0,Met
TKT15376,2024-08-02,2024-08-02,OK,Sales,Bangalore,Network,High,Network Support,Closed,Server,19.1,4,EMP1084,0.796,Missed
TKT13054,2024-12-02,2024-12-02,OK,Operations,Pune,Email,Medium,Email & Messaging Team,Resolved,Laptop,19.6,4,EMP1621,0.817,Met
TKT11930,2025-02-11,2025-02-12,OK,Admin,Delhi,Access,Low,Identity & Access Team,Resolved,Laptop,36.3,,EMP1234,1.513,Met
TKT14143,2025-03-26,2025-03-26,OK,Operations,Pune,Network,Medium,Network Support,Closed,Server,6.5,,EMP2086,0.271,Met
TKT11573,2025-04-07,,OK,Operations,Mumbai,Hardware,High,Hardware Support,Open,Desktop,0,,EMP1754,0,Met
TKT14203,2024-07-14,2024-07-14,OK,Sales,Bangalore,Software,High,Software Support,Resolved,Tablet,6.1,2,EMP1020,0.254,Met
TKT13999,2025-02-03,,OK,Marketing,Hyderabad,Access,Medium,Identity & Access Team,Open,Laptop,0,,EMP1676,0,Met
TKT10607,2025-05-18,2025-05-19,OK,Admin,Bangalore,Email,Low,Email & Messaging Team,Resolved,Mobile,35,4,EMP2376,1.458,Met
TKT15345,2025-02-25,2025-02-25,OK,Admin,Chennai,Hardware,Critical,Hardware Support,Resolved,Laptop,7.2,4,EMP1491,0.3,Missed
TKT11222,2024-01-11,2024-01-14,OK,Sales,Mumbai,network,Low,Network Support,Resolved,Mobile,95.9,1,EMP2283,3.996,Missed
TKT13076,2025-03-28,2025-03-28,OK,Marketing,Pune,Access,High,Identity & Access Team,Resolved,Desktop,5.5,4,EMP2216,0.229,Met
TKT16645,2024-05-14,2024-05-16,OK,Finance,Hyderabad,Access,Low,Identity & Access Team,Resolved,Desktop,55.8,3,EMP1727,2.325,Missed
TKT15475,2024-11-18,2024-11-21,OK,IT,Bangalore,Software,Low,Software Support,Resolved,Desktop,93.5,3,EMP2163,3.896,Missed
TKT14175,2025-01-17,2025-01-17,OK,Marketing,Bangalore,Access,Medium,Identity & Access Team,Resolved,Laptop,6.4,5,EMP1181,0.267,Met
TKT14128,2025-02-28,2025-02-28,OK,Operations,Pune,Software, Low,Software Support,Resolved,Desktop,10.6,3,EMP1576,0.442,Unknown Priority:  Low
TKT13734,2024-05-05,2024-05-06,OK,IT,Pune,Hardware,Medium,Hardware Support,Resolved,Desktop,31.1,,EMP2330,1.296,Missed
TKT15527,2024-05-12,,OK,Sales,Hyderabad,Access,Medium,Identity & Access Team,In Progress,Laptop,0,,EMP1545,0,Met
TKT16619,2024-02-23,,OK,Finance,Delhi,Email,High,Email & Messaging Team,In Progress,Mobile,0,,EMP1523,0,Met
TKT15531,2025-02-16,2025-02-16,OK,HR,Pune,Hardware, High,Hardware Support,Resolved,Desktop,5.8,4,EMP2258,0.242,Unknown Priority:  High
TKT13095,2024-06-05,2024-06-05,OK,Sales,Delhi,Access,Medium,Identity & Access Team,Resolved,Desktop,21.2,4,EMP1286,0.883,Met
TKT11735,2025-03-25,2025-03-25,OK,IT,Pune,Email,Low,Email & Messaging Team,Closed,Mobile,12.7,5,EMP2099,0.529,Met
TKT10390,2024-07-10,2024-07-10,OK,Finance,Chennai,Software,High,Software Support,Resolved,Desktop,4.7,5,EMP1322,0.196,Met
TKT14084,2025-06-09,2025-06-09,OK,Legal,Mumbai,Network,Medium,Email & Messaging Team,Resolved,Desktop,18.1,4,EMP1392,0.754,Met
TKT12136,2024-09-20,,OK,HR ,Mumbai,Email,High,Email & Messaging Team,Open,Desktop,0,,EMP1780,0,Met
TKT16637,2024-01-30,2024-01-30,OK,Legal,Pune,Hardware,Medium,Network Support,Resolved,Laptop,11.5,4,EMP1487,0.479,Met
TKT14141,2025-01-26,,OK,HR,Chennai,Access,Medium,Identity & Access Team,In Progress,Desktop,0,,EMP1302,0,Met
TKT12771,2024-08-01,2024-08-03,OK,Finance,Delhi,Printer,Medium,Hardware Support,Resolved,Printer,67.9,1,EMP1517,2.829,Missed
TKT16023,2024-03-09,2024-03-09,OK,Marketing,Delhi,Access,Critical,Identity & Access Team,Resolved,Laptop,7.1,5,EMP1104,0.296,Missed
TKT13190,2024-10-08,2024-10-08,OK,HR,Bangalore,Access,High,Identity & Access Team,Resolved,Desktop,11.1,3,EMP1739,0.463,Missed
TKT11960,2024-02-26,2024-02-26,OK,IT,Chennai,Email,Medium,Email & Messaging Team,Resolved,Desktop,20.9,5,EMP1236,0.871,Met
TKT11056,2025-03-12,2025-03-12,OK,HR,Mumbai,Software,High,Software Support,Resolved,Laptop,3.9,4,EMP2196,0.163,Met
TKT10819,2024-01-01,2024-01-02,OK,Legal,Pune,Printer,Medium,Hardware Support,Resolved,Printer,30.2,5,EMP1508,1.258,Missed
TKT10708,2025-04-20,2025-04-20,OK,Marketing,Pune,Hardware,Low,Email & Messaging Team,Resolved,Desktop,8.3,5,EMP2271,0.346,Met
TKT10811,2024-05-31,2024-05-31,OK,HR ,Delhi,Access,Critical,Identity & Access Team,Resolved,Mobile,5.3,,EMP1771,0.221,Missed
TKT12197,2025-02-08,2025-02-08,OK,IT,Bangalore,Network,Medium,Network Support,Resolved,Mobile,17.8,4,EMP1738,0.742,Met
TKT14686,2024-12-24,,OK,Admin,Chennai,Network,Low,NA,In Progress,Laptop,0,,EMP1570,0,Met
TKT15940,2024-03-06,2024-03-07,OK,Operations,Delhi,Network,Medium,Network Support,Resolved,Desktop,26.5,,EMP1027,1.104,Missed
TKT15988,2024-10-02,2024-10-02,OK,Finance,Hyderabad,Printer,Medium,Hardware Support,Closed,Printer,15.9,4,EMP1475,0.663,Met
TKT14468,2025-06-16,,OK,Operations,Pune,Access,Low,Identity & Access Team,In Progress,Mobile,0,,EMP1482,0,Met
TKT16964,2024-08-24,2024-08-25,OK,Operations,Mumbai,Hardware,Medium,Hardware Support,Resolved,Laptop,24,,EMP2325,1,Met
TKT10905,2024-04-09,2024-04-09,OK,IT,Delhi,Printer,Low,Hardware Support,Resolved,Printer,18.4,5,EMP1074,0.767,Met
TKT12488,2025-03-04,2025-03-04,OK,Sales,Bangalore,Network,High,Network Support,Resolved,Desktop,8,2,EMP1651,0.333,Met
TKT10851,2025-06-25,2025-06-25,OK,Operations,Delhi,Access,HIGH,Identity & Access Team,Closed,Desktop,12.9,5,EMP2238,0.538,Missed
TKT11297,2024-08-08,2024-08-09,OK,Marketing,Bangalore,Hardware,Medium,Hardware Support,Resolved,Server,41.6,4,EMP1133,1.733,Missed
TKT13181,2024-02-08,2024-02-08,OK,Finance,Chennai,Hardware,Medium,Hardware Support,Closed,Desktop,6.6,4,EMP1091,0.275,Met
TKT12514,2024-10-23,2024-10-24,OK,IT,Hyderabad,Software,Low,Software Support,Resolved,Laptop,32.4,5,EMP1630,1.35,Met
TKT13317,2025-04-24,2025-04-24,OK,Sales,Bangalore,Software,Medium,Software Support,Resolved,Tablet,2.9,,EMP2102,0.121,Met
TKT16423,2024-04-26,2024-04-26,OK,Marketing,Bangalore,Access,High,Identity & Access Team,Resolved,Laptop,5,3,EMP2120,0.208,Met
TKT14354,2024-09-21,2024-09-22,OK,Operations,Bangalore,Hardware,Medium,Hardware Support,Resolved,Desktop,32.7,4,EMP1028,1.363,Missed
TKT16451,2024-08-30,2024-08-31,OK,Admin,Pune,Network,Medium,Network Support,Resolved,Server,29.3,5,EMP1288,1.221,Missed
TKT15890,2024-08-24,2024-08-24,OK,Operations,Chennai,Hardware,medium,Hardware Support,Resolved,Desktop,20.7,4,EMP1955,0.863,Met
TKT15630,2024-04-20,2024-04-16,ERROR,HR,Bangalore,NETWORK,Medium,Network Support,Resolved,Mobile,5.9,,EMP1499,0.246,Met
TKT11067,2024-10-11,2024-10-11,OK,Finance,Mumbai,Email,Critical,Email & Messaging Team,Resolved,Laptop,3.6,5,EMP1397,0.15,Met
TKT12287,2024-03-02,2024-03-02,OK,HR,Pune,Access,High,Identity & Access Team,Resolved,Desktop,12.9,2,EMP1319,0.538,Missed
TKT16247,2024-07-12,,OK,Admin,Chennai,Software,High,Software Support,In Progress,Laptop,0,,EMP1305,0,Met
TKT15232,2024-07-03,,OK,Finance,Bangalore,Network,High,Network Support,In Progress,Mobile,0,,EMP1992,0,Met
TKT11646,2025-02-22,2025-02-23,OK,Sales,Bangalore,Access,Low,Identity & Access Team,Resolved,Laptop,31.5,5,EMP2205,1.313,Met
TKT12366,2025-05-22,,OK,Operations,Chennai,Access,High,Email & Messaging Team,In Progress,Desktop,0,,EMP1523,0,Met
TKT14420,2024-11-15,2024-11-15,OK,Admin,Mumbai,Access, Medium,Identity & Access Team,Resolved,DESKTOP,6.3,4,EMP2280,0.263,Unknown Priority:  Medium
TKT12646,2025-01-08,2025-01-08,OK,Finance,Chennai,Network,Medium,Network Support,Resolved,Laptop,19.1,3,EMP1885,0.796,Met
TKT15044,2025-05-25,2025-05-25,OK,Marketing,Mumbai,Access,medium,Identity & Access Team,Resolved,Mobile,12.3,5,EMP2151,0.513,Met
TKT11928,2024-06-12,2024-06-12,OK,IT,Mumbai,Network,High,Network Support,Resolved,Desktop,11.2,4,EMP1455,0.467,Missed
TKT10703,2024-07-06,2024-07-06,OK,Finance,Bangalore,Software,High,Email & Messaging Team,Resolved,Laptop,7.9,3,EMP1523,0.329,Met
TKT10719,2025-02-20,2025-02-20,OK,Marketing,Bangalore,Printer,Medium,Software Support,Resolved,Printer,14.9,4,EMP1561,0.621,Met
TKT10721,2024-07-20,,OK,Legal,Chennai,Printer,High,Hardware Support,In Progress,printer,0,,EMP1336,0,Met
TKT12067,2024-05-18,,OK,Marketing,Pune,Software,Medium,Software Support,In Progress,Tablet,0,,EMP1103,0,Met
TKT16852,2025-06-02,2025-06-05,OK,Operations,Bangalore,Email,Medium,Email & Messaging Team,Resolved,Laptop,93,,EMP2298,3.875,Missed
TKT14762,2024-10-23,,OK,Sales,Bangalore,Email,Medium,Email & Messaging Team,In Progress,Desktop,0,,EMP1361,0,Met
TKT15372,2025-06-30,2025-06-30,OK,Operations,Chennai,Hardware,High,Hardware Support,Closed,Server,7.9,4,EMP1971,0.329,Met
TKT10205,2025-02-27,2025-02-28,OK,Sales,Chennai,Access,Medium,Identity & Access Team,Resolved,Laptop,25.1,3,EMP1093,1.046,Missed
TKT14108,2025-02-04,,OK,Sales,Bangalore,Access,Medium,Identity & Access Team,Open,Mobile,0,,EMP2233,0,Met
TKT12415,2025-05-09,2025-05-09,OK,Admin,Mumbai,Network,High,Network Support,Resolved,Mobile,8.2,4,EMP1044,0.342,Missed
TKT13450,2024-02-05,2024-02-05,OK,HR,Bangalore,Software,High,Software Support,Resolved,Tablet,8.4,1,EMP2087,0.35,Missed
TKT12703,2024-11-06,2024-11-07,OK,Legal,Pune,Access,Medium,Identity & Access Team,Resolved,Laptop,44.4,,EMP2363,1.85,Missed
TKT11398,2024-03-08,,OK,Operations,Delhi,Network,High,Network Support,Open,Laptop,0,,EMP1553,0,Met
TKT13404,2024-11-01,2024-11-01,OK,Operations,Bangalore,Email,HIGH,Identity & Access Team,Resolved,Mobile,4.4,2,EMP1677,0.183,Met
TKT16147,2025-01-15,2025-01-17,OK,Marketing,Mumbai,Network,Low,Network Support,Resolved,Mobile,69.5,3,EMP1689,2.896,Missed
TKT10231,2024-12-05,,OK,IT,Delhi,Network,Low,Network Support,Open,Mobile,0,,EMP1881,0,Met
TKT16316,2025-06-04,2025-06-04,OK,Marketing,Bangalore,Email,Medium,Email & Messaging Team,Resolved,mobile,23.4,,EMP1109,0.975,Met
TKT14092,2024-12-11,2024-12-11,OK,Admin,Delhi,Access,Medium,Identity & Access Team,Resolved,Desktop,6,4,EMP1644,0.25,Met
TKT12688,2024-01-25,2024-01-26,OK,Legal,Bangalore,Software,Medium,Software Support,Resolved,Laptop,28.7,,EMP1348,1.196,Missed
TKT12635,2024-11-09,2024-11-09,OK,HR,Delhi,Network,Medium,Network Support,Resolved,Desktop,2.7,4,EMP1473,0.113,Met
TKT10954,2024-05-25,2024-05-25,OK,IT,Bangalore,Software,High,Software Support,Resolved,Laptop,9.5,3,EMP1731,0.396,Missed
TKT15036,2024-07-19,2024-07-19,OK,Admin,Bangalore,Software,High,Software Support,Resolved,Tablet,3.9,,EMP1422,0.163,Met
TKT12143,2025-03-31,,OK,IT,Delhi,Hardware,Low,Hardware Support,In Progress,Laptop,0,,EMP1315,0,Met
TKT11621,2025-04-07,2025-04-08,OK,Finance,Hyderabad,Software,LOW,Software Support,Resolved,Laptop,26.6,,EMP1876,1.108,Met
TKT12887,2024-02-24,,OK,Sales,Hyderabad,Software,Medium,Software Support,In Progress,Tablet,0,,EMP1185,0,Met
TKT16887,2024-06-01,2024-06-01,OK,Operations,Bangalore,Printer,High,Hardware Support,Resolved,Printer,20.7,3,EMP1426,0.863,Missed
TKT16022,2024-12-24,2024-12-26,OK,HR,Mumbai,Network,Medium,Network Support,Resolved,Laptop,50.9,4,EMP1533,2.121,Missed
TKT14533,2025-02-05,,OK,IT,Hyderabad,Software,High,Software Support,Open,Tablet,0,,EMP1332,0,Met
TKT12636,2024-12-21,2024-12-21,OK,Finance,Mumbai,Hardware,Medium,Hardware Support,Closed,Laptop,12,4,EMP1357,0.5,Met
TKT14917,2024-04-03,2024-04-03,OK,Operations,Bangalore,Network,Medium,Network Support,Closed,Laptop,15.8,4,EMP2209,0.658,Met
TKT11341,2024-04-03,,OK,Operations,Pune,Printer,Medium,Hardware Support,Open,Printer,0,,EMP2169,0,Met
TKT14378,2025-04-27,2025-04-27,OK,Finance,Mumbai,Email,High,Email & Messaging Team,Closed,Desktop,4,5,EMP2261,0.167,Met
TKT12679,2025-04-28,2025-04-28,OK,Operations,Delhi,Hardware,High,Hardware Support,Resolved,Laptop,8.1,2,EMP2228,0.338,Missed
TKT15410,2025-01-13,2025-01-14,OK,Operations,Chennai,Hardware,Medium,Hardware Support,Closed,Server,33.8,,EMP1969,1.408,Missed
TKT15767,2025-01-19,2025-01-19,OK,Sales,Bangalore,Hardware,High,Hardware Support,Resolved,laptop,1.4,5,EMP1180,0.058,Met
TKT15220,2025-06-04,2025-06-04,OK,Sales,Mumbai,Network,Medium,Network Support,Resolved,Server,11.7,,EMP2154,0.488,Met
TKT13736,2024-01-31,2024-01-31,OK,HR,Mumbai,Network,Low,Network Support,Resolved,Laptop,3.1,,EMP1500,0.129,Met
TKT12652,2025-01-24,2025-01-25,OK,Marketing,Delhi,Hardware,Low,Hardware Support,Closed,server,26.1,1,EMP1980,1.088,Met
TKT11027,2024-05-02,2024-05-03,OK,Marketing,Delhi,Software,Low,Software Support,Closed,Laptop,32.2,,EMP1910,1.342,Met
TKT13482,2024-06-19,2024-06-20,OK,Admin,Delhi,Hardware,Medium,Hardware Support,Resolved,Server,25.4,,EMP1551,1.058,Missed
TKT14320,2025-04-28,,OK,Admin,Pune,Hardware,High,Hardware Support,In Progress,Desktop,0,,EMP1752,0,Met
TKT11100,2024-01-19,2024-01-19,OK,Sales,Pune,network,Medium,Network Support,Resolved,Laptop,19.6,4,EMP1664,0.817,Met
TKT12327,2024-05-24,2024-05-25,OK,HR ,Chennai,Network, Medium,Network Support,Resolved,Laptop,26,3,EMP1570,1.083,Unknown Priority:  Medium
TKT11136,2025-03-11,2025-03-11,OK,Legal,Mumbai,Hardware,Medium,Hardware Support,Resolved,DESKTOP,7.6,4,EMP2153,0.317,Met
TKT15139,2025-04-29,2025-04-29,OK,Marketing,Pune,Email,High,Email & Messaging Team,Resolved,Mobile,10.1,5,EMP1894,0.421,Missed
TKT13779,2024-01-15,,OK,Sales,Delhi,Network,Medium,Network Support,In Progress,Desktop,0,,EMP1587,0,Met
TKT14398,2025-02-13,2025-02-13,OK,HR,Pune,Network,Critical,Network Support,Resolved,Laptop,9.9,1,EMP2019,0.413,Missed
TKT15981,2025-02-02,2025-02-04,OK,Operations,Pune,Email,Low,Email & Messaging Team,Resolved,Tablet,71.6,5,EMP1038,2.983,Missed
TKT13790,2024-10-26,2024-10-26,OK,IT,Bangalore,Network,Critical,Network Support,Resolved,Server,1,4,EMP1844,0.042,Met
TKT11753,2024-03-20,2024-03-20,OK,Finance,Pune,Access,Critical,Identity & Access Team,Resolved,Mobile,2.7,5,EMP2159,0.113,Met
TKT13702,2025-01-09,2025-01-09,OK,Finance,Mumbai,Network,Critical,Network Support,Resolved,Desktop,2.8,4,EMP1397,0.117,Met
TKT14948,2025-04-28,2025-04-29,OK,Admin,Mumbai,Hardware,Medium,Hardware Support,Resolved,Server,44.4,,EMP2159,1.85,Missed
TKT10081,2025-01-25,2025-01-25,OK,HR ,Mumbai,Email,Medium,Email & Messaging Team,Closed,Tablet,17.2,,EMP1790,0.717,Met
TKT13839,2025-02-27,2025-02-27,OK,Finance,Chennai,Email,High,Email & Messaging Team,Resolved,Mobile,8.9,5,EMP1320,0.371,Missed
TKT10884,2024-03-20,2024-03-20,OK,Sales,Mumbai,NETWORK,Medium,Network Support,Resolved,Server,15.7,5,EMP1742,0.654,Met
TKT16274,2024-01-08,2024-01-11,OK,IT,Pune,Network,Low,Network Support,Resolved,Mobile,76,5,EMP2203,3.167,Missed
TKT10306,2025-05-01,,OK,Sales,Delhi,Network,Critical,Network Support,Open,Mobile,0,,EMP2172,0,Met
TKT13840,2024-01-01,2024-01-01,OK,Marketing,Chennai,Email,High,Email & Messaging Team,Resolved,Mobile,5.2,4,EMP1851,0.217,Met
TKT10216,2025-02-11,2025-02-11,OK,Marketing,Pune,Printer,High,Email & Messaging Team,Closed,Printer,15.9,4,EMP1157,0.663,Missed
TKT10839,2024-12-29,2024-12-29,OK,IT,Bangalore,Hardware,Medium,Hardware Support,Resolved,Server,21.2,4,EMP1018,0.883,Met
TKT11333,2025-01-05,2025-01-05,OK,Marketing,Delhi,Email,High,Email & Messaging Team,Resolved,mobile,11.9,3,EMP2111,0.496,Missed
TKT16656,2024-11-05,2024-11-05,OK,Marketing,Hyderabad,Software,Medium,Software Support,Resolved,Laptop,8.5,5,EMP1028,0.354,Met
TKT13470,2025-03-24,2025-03-24,OK,Finance,Mumbai,Email,Critical,Email & Messaging Team,Resolved,Tablet,0.5,4,EMP1919,0.021,Met
TKT11915,2024-10-03,2024-10-06,OK,Marketing,Chennai,Access,Low,Identity & Access Team,Resolved,Desktop,86.5,,EMP1919,3.604,Missed
TKT15521,2024-07-01,2024-07-02,OK,Admin,Mumbai,Software,Low,Software Support,Resolved,Desktop,29.2,1,EMP2382,1.217,Met
TKT11530,2024-02-16,,OK,Sales,Delhi,Printer,High,Hardware Support,In Progress,Printer,0,,EMP1032,0,Met
TKT10635,2025-02-01,,OK,IT,Hyderabad,Hardware,Low,Hardware Support,In Progress,Laptop,0,,EMP1016,0,Met
TKT12046,2024-01-07,2024-01-08,OK,Operations,Hyderabad,Access,Medium,Identity & Access Team,Resolved,Laptop,29.1,5,EMP2093,1.213,Missed
TKT15362,2025-05-07,2025-05-07,OK,Marketing,Delhi,Access,Medium,Identity & Access Team,Closed,Laptop,5.7,2,EMP1591,0.238,Met
TKT16841,2024-01-07,2024-01-07,OK,Finance,Delhi,Software,Medium,Software Support,Resolved,Laptop,7.4,4,EMP1821,0.308,Met
TKT16365,2024-01-29,,OK,Marketing,Pune,Network,Low,Network Support,In Progress,Desktop,0,,EMP1056,0,Met
TKT10449,2024-02-11,2024-02-11,OK,Marketing,Hyderabad,Hardware,Medium,Hardware Support,Resolved,Server,23.2,2,EMP1144,0.967,Met
TKT11539,2024-11-06,2024-11-06,OK,Sales,Bangalore,Software,Medium,Software Support,Resolved,Tablet,14.8,,EMP1582,0.617,Met
TKT13924,2024-12-18,2024-12-18,OK,Marketing,Hyderabad,Software,Medium,Software Support,Resolved,Tablet,19.3,5,EMP1661,0.804,Met
TKT12359,2024-11-11,2024-11-11,OK,Legal,Chennai,Hardware,High,Hardware Support,Resolved,Laptop,12.3,2,EMP2076,0.513,Missed
TKT11254,2024-08-30,2024-08-30,OK,Operations,Chennai,Network,Critical,Network Support,Resolved,Desktop,12.1,,EMP1178,0.504,Missed
TKT13975,2024-10-15,2024-10-15,OK,Marketing,Pune,Hardware,Medium,Hardware Support,Closed,Desktop,13.5,5,EMP2225,0.563,Met
TKT14522,2024-12-21,2024-12-21,OK,IT,Mumbai,Access,Low,Identity & Access Team,Resolved,Mobile,6.8,3,EMP1758,0.283,Met
TKT12039,2025-05-01,2025-05-01,OK,Sales,Chennai,Email,Medium,Email & Messaging Team,Resolved,Desktop,14.2,5,EMP2176,0.592,Met
TKT13867,2025-04-19,2025-04-19,OK,Finance,Bangalore,Printer,Critical,Hardware Support,Resolved,Printer,3.8,5,EMP1418,0.158,Met
TKT13349,2025-03-13,2025-03-13,OK,HR,Pune,Network,Medium,Network Support,Resolved,Desktop,0,4,EMP1400,0,Met
TKT10230,2024-03-28,2024-03-29,OK,Sales,Bangalore,Email,Medium,Email & Messaging Team,Closed,Mobile,39.2,5,EMP1223,1.633,Missed
TKT13652,2025-05-25,2025-05-26,OK,Sales,Mumbai,Hardware,Medium,Hardware Support,Resolved,Desktop,27.8,5,EMP2030,1.158,Missed
TKT13457,2024-05-19,,OK,Sales,Bangalore,Software,Critical,Software Support,Open,Laptop,0,,EMP2207,0,Met
TKT12773,2024-05-30,2024-05-30,OK,Unknown,Delhi,Email,Medium,Email & Messaging Team,Closed,Tablet,19.3,4,EMP1230,0.804,Met
TKT15877,2024-11-04,2024-11-04,OK,IT,Mumbai,Hardware,High,Hardware Support,Resolved,Desktop,5.5,1,EMP1591,0.229,Met
TKT14074,2024-02-29,2024-02-29,OK,Sales,Delhi,Software,Medium,Software Support,Resolved,Tablet,1.3,,EMP2139,0.054,Met
TKT11206,2024-04-06,2024-04-06,OK,Sales,Pune,Hardware,High,Software Support,Resolved,Desktop,9.1,5,EMP2072,0.379,Missed
TKT16415,2025-03-18,2025-03-20,OK,Legal,Bangalore,Access,Medium,Identity & Access Team,Resolved,Laptop,49.8,3,EMP1297,2.075,Missed
TKT16296,2024-12-09,2024-12-09,OK,Marketing,Hyderabad,Software,Medium,Software Support,Resolved,Laptop,22.4,,EMP1469,0.933,Met
TKT15108,2024-09-19,2024-09-21,OK,Sales,Bangalore,Access,Low,Identity & Access Team,Resolved,Desktop,63.5,,EMP2093,2.646,Missed
TKT16939,2025-04-22,2025-04-24,OK,Sales,Bangalore,Software,Medium,Software Support,Resolved,Laptop,52.7,4,EMP1822,2.196,Missed
TKT10475,2024-10-07,2024-10-09,OK,HR,Pune,Hardware,Low,Network Support,Closed,Desktop,51,2,EMP1311,2.125,Missed
TKT15884,2024-06-22,2024-06-23,OK,Finance,Delhi,NETWORK,Medium,Network Support,Resolved,Desktop,44.7,,EMP1426,1.863,Missed
TKT11053,2025-01-15,2025-01-15,OK,IT,Chennai,Software,High,Software Support,Resolved,Tablet,23.9,4,EMP2063,0.996,Missed
TKT14666,2025-01-09,2025-01-09,OK,Unknown,Pune,Access,Medium,Identity & Access Team,Resolved,Mobile,9.7,5,EMP2376,0.404,Met
TKT14202,2024-07-18,2024-07-18,OK,Legal,Delhi,Software,Critical,Software Support,Resolved,Laptop,0.9,4,EMP1934,0.038,Met
TKT15994,2024-11-03,,OK,Sales,Bangalore,Hardware,Low,Hardware Support,In Progress,Server,0,,EMP2294,0,Met
TKT13820,2024-01-19,2024-01-19,OK,Sales,Pune,Software,High,Software Support,Resolved,Tablet,8.4,5,EMP1289,0.35,Missed
TKT15740,2024-03-20,2024-03-21,OK,HR,Delhi,Hardware,Low,Hardware Support,Resolved,Laptop,36.3,,EMP1473,1.513,Met
TKT10254,2025-01-15,2025-01-16,OK,Finance,Delhi,Network,Low,Network Support,Resolved,Server,47.4,,EMP2360,1.975,Met
TKT15506,2024-12-08,,OK,Finance,Pune,Access, Medium,Identity & Access Team,In Progress,Desktop,0,,EMP1783,0,Unknown Priority:  Medium
TKT11423,2025-05-06,2025-05-06,OK,Marketing,Bangalore,Access,High,Identity & Access Team,Resolved,Desktop,1.7,3,EMP1451,0.071,Met
TKT12502,2025-01-25,2025-01-25,OK,Operations,Mumbai,Software,High,Software Support,Resolved,Tablet,6,3,EMP1299,0.25,Met
TKT12503,2024-05-22,2024-05-22,OK,IT,Bangalore,Printer,High,Hardware Support,Resolved,Printer,19,4,EMP2355,0.792,Missed
TKT13552,2025-03-18,2025-03-19,OK,Marketing,Hyderabad,Network,Low,Network Support,Closed,Laptop,39.1,4,EMP1786,1.629,Met
TKT14728,2025-05-20,,OK,IT,Pune,Email,Low,Email & Messaging Team,Open,Desktop,0,,EMP2373,0,Met
TKT12306,2024-10-01,2024-10-01,OK,Legal,Pune,Printer,Critical,Hardware Support,Resolved,Printer,6.9,3,EMP1259,0.288,Missed
TKT15000,2024-02-01,2024-02-02,OK,Finance,Bangalore,Software,Medium,Software Support,Resolved,Tablet,30.3,2,EMP1596,1.263,Missed
TKT11764,2024-02-08,2024-02-08,OK,IT,Mumbai,Network,High,Network Support,Resolved,DESKTOP,5,5,EMP2205,0.208,Met
TKT16399,2024-01-31,2024-02-01,OK,Marketing,Pune,Email,Medium,Email & Messaging Team,Resolved,Tablet,26.1,3,EMP2109,1.088,Missed
TKT11313,2024-11-13,2024-11-13,OK,Marketing,Pune,Hardware,High,Hardware Support,Resolved,Desktop,16.5,5,EMP2131,0.688,Missed
TKT14335,2025-04-01,2025-04-01,OK,Sales,Bangalore,NETWORK,Critical,Identity & Access Team,Resolved,Server,12,5,EMP2028,0.5,Missed
TKT16293,2024-09-13,2024-09-14,OK,IT,Pune,Email,Medium,Email & Messaging Team,Resolved,Tablet,36.6,4,EMP1546,1.525,Missed
TKT10965,2025-06-08,2025-06-08,OK,Admin,Pune,Access,High,Identity & Access Team,Closed,Desktop,11.4,4,EMP1764,0.475,Missed
TKT12913,2024-02-24,2024-02-24,OK,Finance,Mumbai,Hardware,Medium,Hardware Support,Closed,Server,8.1,4,EMP1014,0.338,Met
TKT16658,2024-12-29,,OK,Sales,Chennai,Software,Low,Software Support,In Progress,Desktop,0,,EMP2241,0,Met
TKT16911,2024-07-05,2024-07-05,OK,Sales,Chennai,Hardware,Medium,Hardware Support,Resolved,Server,18.8,4,EMP1898,0.783,Met
TKT13498,2024-12-26,2024-12-27,OK,Finance,Delhi,Software,Low,Software Support,Resolved,Desktop,0,2,EMP1155,0,Met
TKT10391,2024-06-14,2024-06-15,OK,Finance,Mumbai,Access,Medium,Identity & Access Team,Resolved,Desktop,36.8,1,EMP2325,1.533,Missed
TKT13601,2025-05-20,2025-05-21,OK,Sales,Pune,Email,Medium,Email & Messaging Team,Resolved,Mobile,33.1,2,EMP2390,1.379,Missed
TKT12441,2024-12-10,2024-12-10,OK,Sales,Mumbai,Email,High,Email & Messaging Team,Resolved,Tablet,5.9,,EMP1853,0.246,Met
TKT15773,2024-01-20,2024-01-20,OK,Operations,Pune,Network,Medium,Network Support,Resolved,Server,19.2,2,EMP1787,0.8,Met
TKT13553,2024-04-26,2024-04-27,OK,IT,Delhi,Hardware,Medium,Hardware Support,Resolved,Laptop,34.6,,EMP1843,1.442,Missed
TKT14103,2025-02-12,2025-02-12,OK,HR,Delhi,Access,Medium,Software Support,Resolved,Desktop,11.2,5,EMP1994,0.467,Met
TKT10463,2024-11-08,2024-11-08,OK,Finance,Delhi,Software,High,Software Support,Resolved,Tablet,15.6,,EMP1346,0.65,Missed
TKT13438,2025-05-18,2025-05-19,OK,IT,Mumbai,Email,Medium,Email & Messaging Team,Resolved,Laptop,36.1,3,EMP2251,1.504,Missed
TKT14273,2024-08-27,2024-08-27,OK,HR,Delhi,Software,High,Software Support,Resolved,desktop,12,4,EMP1424,0.5,Missed
TKT10661,2025-03-09,2025-03-09,OK,Operations,Chennai,Software,Medium,Software Support,Resolved,Desktop,13.8,5,EMP1184,0.575,Met
TKT14377,2024-05-08,2024-05-09,OK,Sales,Mumbai,Access,Medium,NA,Resolved,Mobile,34,3,EMP1757,1.417,Missed
TKT15157,2025-03-28,2025-03-29,OK,IT,Delhi,Printer,Low,Hardware Support,Closed,Printer,37.5,1,EMP1353,1.563,Met
TKT16141,2024-06-29,2024-06-30,OK,Finance,Bangalore,Access,Medium,Identity & Access Team,Closed,Laptop,35.3,4,EMP2251,1.471,Missed
TKT16977,2024-10-18,2024-10-18,OK,Operations,Mumbai,Network,Medium,Network Support,Resolved,Mobile,19.6,5,EMP2000,0.817,Met
TKT15360,2025-04-23,2025-04-24,OK,Admin,Mumbai,Software,Low,Software Support,Closed,Tablet,24.9,4,EMP1116,1.038,Met
TKT16137,2024-06-02,2024-06-03,OK,IT,Mumbai,Network, Medium,Network Support,Resolved,Desktop,38.7,4,EMP2348,1.613,Unknown Priority:  Medium
TKT10274,2024-01-02,,OK,Finance,Mumbai,Hardware,High,Hardware Support,Open,Laptop,0,,EMP2346,0,Met
TKT11689,2024-08-11,,OK,Operations,Mumbai,Software,High,Software Support,In Progress,Tablet,0,,EMP2356,0,Met
TKT11921,2024-03-25,2024-03-25,OK,Marketing,Bangalore,Access,Critical,Identity & Access Team,Resolved,Mobile,2.1,5,EMP2121,0.088,Met
TKT11284,2024-08-18,2024-08-19,OK,Admin,Mumbai,Network,Medium,Network Support,Resolved,Laptop,27,3,EMP1980,1.125,Missed
TKT15635,2024-06-27,2024-06-28,OK,Legal,Chennai,Software,Medium,Software Support,Resolved,Laptop,34.7,3,EMP2094,1.446,Missed
TKT13598,2025-02-28,2025-02-28,OK,Sales,Delhi,Network,Low,Network Support,Resolved,Mobile,21.2,,EMP1160,0.883,Met
TKT11768,2024-09-20,2024-09-22,OK,IT,Mumbai,Hardware,LOW,Hardware Support,Resolved,Server,52.5,4,EMP1149,2.188,Missed
TKT15691,2024-09-20,2024-09-20,OK,Admin,Hyderabad,Hardware,High,Hardware Support,Resolved,Desktop,0.8,4,EMP2165,0.033,Met
TKT14287,2024-08-26,2024-08-26,OK,Sales,Delhi,Software,High,Software Support,Resolved,DESKTOP,3.8,5,EMP1075,0.158,Met
TKT14924,2024-01-30,2024-01-30,OK,Marketing,Hyderabad,Printer,Medium,Hardware Support,Resolved,Printer,13.2,5,EMP1128,0.55,Met
TKT12724,2024-03-12,2024-03-12,OK,Finance,Bangalore,network,High,Network Support,Closed,Server,8.3,3,EMP1894,0.346,Missed
TKT13136,2024-10-05,2024-10-05,OK,Legal,Chennai,Printer,Low,Hardware Support,Resolved,Printer,13.8,4,EMP1466,0.575,Met
TKT15077,2024-05-22,2024-05-23,OK,Admin,Chennai,Software,Medium,Software Support,Resolved,Tablet,44.2,5,EMP1282,1.842,Missed
TKT10241,2024-07-10,2024-07-10,OK,Marketing,Delhi,Software,Low,Software Support,Resolved,Desktop,9.8,4,EMP1644,0.408,Met
TKT15464,2024-06-16,2024-06-16,OK,IT,Hyderabad,Network, High,Network Support,Resolved,Server,15.8,4,EMP2198,0.658,Unknown Priority:  High
TKT13679,2024-01-19,2024-01-19,OK,Admin,Bangalore,network,medium,Network Support,Resolved,laptop,21.7,,EMP1470,0.904,Met
TKT14817,2024-11-16,2024-11-16,OK,Operations,Mumbai,Hardware,High,Hardware Support,Resolved,Desktop,3.8,5,EMP1159,0.158,Met
TKT10469,2024-01-23,2024-01-23,OK,Finance,Mumbai,Email,Medium,Email & Messaging Team,Resolved,Tablet,14.7,4,EMP1081,0.613,Met
TKT13081,2025-05-17,2025-05-17,OK,Admin,Pune,Network,Medium,Network Support,Resolved,Desktop,19.8,2,EMP1281,0.825,Met
TKT11778,2024-07-06,2024-07-06,OK,HR,Pune,Printer,Medium,Hardware Support,Resolved,Printer,13.4,3,EMP1390,0.558,Met
TKT15833,2025-06-23,,OK,Operations,Mumbai,Email,Medium,Email & Messaging Team,Open,Tablet,0,,EMP2176,0,Met
TKT14223,2024-06-06,2024-06-08,OK,Marketing,Delhi,Software,Low,Software Support,Resolved,Laptop,48.9,4,EMP1321,2.038,Missed
TKT12958,2024-06-03,2024-06-04,OK,Marketing,Delhi,Access,Medium,Identity & Access Team,Resolved,Laptop,34.5,3,EMP1452,1.438,Missed
TKT14842,2024-12-13,2024-12-15,OK,HR,Chennai,Network,Medium,Network Support,Resolved,Server,49,,EMP1354,2.042,Missed
TKT11987,2024-10-12,2024-10-12,OK,HR,Hyderabad,Hardware,High,Hardware Support,Resolved,Desktop,11.5,3,EMP1908,0.479,Missed
TKT14748,2024-02-10,2024-02-10,OK,Admin,Mumbai,Network,Medium,Network Support,Resolved,Mobile,2.9,,EMP1860,0.121,Met
TKT13759,2024-01-13,2024-01-13,OK,Sales,Delhi,Email,High,Email & Messaging Team,Closed,Mobile,1.5,1,EMP2247,0.063,Met
TKT16130,2024-06-23,2024-06-26,OK,Sales,Bangalore,Printer,Low,Hardware Support,Resolved,Printer,78.7,5,EMP1633,3.279,Missed
TKT14331,2024-02-07,2024-02-08,OK,Operations,Chennai,Access,Medium,Identity & Access Team,Closed,Desktop,29.2,,EMP2270,1.217,Missed
TKT11405,2024-12-14,2024-12-15,OK,Finance,Pune,Software,MEDIUM,Software Support,Resolved,Desktop,29.9,1,EMP1245,1.246,Missed
TKT16163,2024-06-24,2024-06-26,OK,Admin,Pune,Printer,Medium,Hardware Support,Closed,Printer,50.2,5,EMP1140,2.092,Missed
TKT13662,2025-03-12,,OK,Operations,Pune,Network,Medium,Network Support,In Progress,Laptop,0,,EMP1393,0,Met
TKT14549,2025-03-23,,OK,Admin,Hyderabad,Access,Medium,Identity & Access Team,Open,Desktop,0,,EMP1855,0,Met
TKT10199,2024-06-01,2024-06-01,OK,Finance,Mumbai,Access,medium,Identity & Access Team,Resolved,Mobile,11.8,5,EMP1614,0.492,Met
TKT11813,2024-05-01,2024-05-01,OK,IT,Delhi,Hardware,Medium,Identity & Access Team,Resolved,Server,10.3,2,EMP2220,0.429,Met
TKT12095,2025-05-30,,OK,Sales,Pune,Printer,Medium,Hardware Support,In Progress,Printer,0,,EMP2038,0,Met
TKT11643,2025-01-23,2025-01-23,OK,Finance,Pune,Network,Critical,Network Support,Resolved,Mobile,4.7,1,EMP1234,0.196,Missed
TKT15944,2024-10-19,2024-10-23,OK,Finance,Delhi,Access,Low,Identity & Access Team,Resolved,Mobile,117.7,4,EMP1187,4.904,Missed
TKT10775,2024-09-11,2024-09-13,OK,Operations,Delhi,network,Medium,Network Support,Resolved,desktop,57.7,4,EMP1455,2.404,Missed
TKT11098,2025-04-29,2025-05-01,OK,Admin,Bangalore,Software,Medium,Software Support,Resolved,Laptop,54,4,EMP1440,2.25,Missed
TKT12186,2024-09-17,2024-09-23,OK,HR,Mumbai,Hardware,Low,Hardware Support,Resolved,Server,159.7,4,EMP2100,6.654,Missed
TKT12129,2024-02-05,2024-02-01,ERROR,Sales,Hyderabad,Hardware,High,NA,Resolved,Laptop,2.9,3,EMP1686,0.121,Met
TKT12388,2025-06-27,2025-06-28,OK,HR,Chennai,Printer,Low,Hardware Support,Closed,Printer,34.6,1,EMP2138,1.442,Met
TKT14790,2025-04-13,2025-04-13,OK,Marketing,Pune,Software,Low,Software Support,Resolved,Desktop,11.1,1,EMP1626,0.463,Met
TKT11628,2024-09-16,2024-09-17,OK,Admin,Pune,Network,Medium,Network Support,Resolved,DESKTOP,25.7,5,EMP1741,1.071,Missed
TKT14139,2024-12-16,,OK,Marketing,Hyderabad,Network,Medium,Network Support,In Progress,Laptop,0,,EMP1386,0,Met
TKT13210,2024-01-12,2024-01-14,OK,IT,Delhi,Network,Low,Network Support,Resolved,Desktop,59.1,5,EMP2001,2.463,Missed
TKT11095,2024-09-06,2024-09-06,OK,Finance,Delhi,Access,Medium,Identity & Access Team,Resolved,Desktop,14.5,1,EMP2072,0.604,Met
TKT15171,2024-06-14,2024-06-14,OK,IT,Pune,Network,High,Network Support,Resolved,Desktop,2.7,5,EMP1692,0.113,Met
TKT10249,2025-02-06,2025-02-06,OK,Legal,Pune,Email,High,Email & Messaging Team,Closed,Desktop,5.3,4,EMP2002,0.221,Met
TKT14026,2024-11-01,2024-11-01,OK,IT,Mumbai,Network,High,Network Support,Resolved,Laptop,2.6,5,EMP1208,0.108,Met
TKT14805,2024-10-04,,OK,Legal,Hyderabad,Email,High,Email & Messaging Team,Open,Laptop,0,,EMP1875,0,Met
TKT13754,2025-05-14,2025-05-15,OK,Legal,Pune,Access,Medium,Identity & Access Team,Resolved,Desktop,32.3,5,EMP2050,1.346,Missed
TKT13180,2024-01-27,2024-01-27,OK,HR,Mumbai,Email,Medium,Email & Messaging Team,Resolved,Mobile,21.8,5,EMP1054,0.908,Met
TKT11180,2025-01-06,2025-01-06,OK,Operations,Chennai,Access,High,Identity & Access Team,Resolved,Mobile,8.1,,EMP1494,0.338,Missed
TKT16198,2024-11-07,2024-11-07,OK,Operations,Chennai,Hardware, High,Network Support,Resolved,Desktop,4.4,3,EMP1219,0.183,Unknown Priority:  High
TKT15895,2024-09-23,2024-09-24,OK,Admin,Pune,Hardware,Low,NA,Closed,Desktop,37.1,5,EMP2026,1.546,Met
TKT15920,2024-10-09,2024-10-10,OK,Sales,Mumbai,Software,Medium,Software Support,Resolved,Laptop,29.4,5,EMP1428,1.225,Missed
TKT15760,2024-08-01,2024-08-01,OK,Sales,Pune,Network,Medium,Network Support,Resolved,Desktop,15.9,5,EMP2116,0.663,Met
TKT10224,2024-07-19,2024-07-21,OK,IT,Chennai,Hardware,Low,Hardware Support,Resolved,Desktop,69.9,4,EMP1937,2.913,Missed
TKT15970,2025-03-24,2025-03-29,OK,Legal,Delhi,Hardware,Low,Hardware Support,Resolved,Server,136.2,5,EMP1414,5.675,Missed
TKT13599,2024-03-07,2024-03-08,OK,Legal,Mumbai,Access,Medium,Identity & Access Team,Resolved,Mobile,36.6,4,EMP1235,1.525,Missed
TKT10690,2024-10-18,2024-10-18,OK,Sales,Bangalore,Network,High,Network Support,Resolved,Desktop,3.8,5,EMP2365,0.158,Met
TKT13506,2024-10-26,2024-10-28,OK,Marketing,Mumbai,Hardware,Low,Hardware Support,Resolved,Server,54.8,1,EMP2185,2.283,Missed
TKT10665,2025-03-02,2025-03-02,OK,Sales,Pune,Software,High,Software Support,Resolved,Desktop,2.8,5,EMP1609,0.117,Met
TKT16630,2025-01-19,2025-01-20,OK,Marketing,Chennai,Software,Low,Software Support,Resolved,Tablet,32.6,4,EMP1948,1.358,Met
TKT14072,2024-01-15,2024-01-15,OK,Operations,Delhi,Software,Critical,Software Support,Resolved,Desktop,5.4,5,EMP1966,0.225,Missed
TKT13284,2024-10-17,2024-10-17,OK,Admin,Mumbai,Software,Medium,Software Support,Resolved,Laptop,11.4,5,EMP1281,0.475,Met
TKT15729,2024-10-13,,OK,Marketing,Chennai,Hardware,Medium,Hardware Support,Open,Server,0,,EMP2036,0,Met
TKT15631,2025-02-27,,OK,Operations,Hyderabad,Access,Low,Identity & Access Team,Open,Desktop,0,,EMP2213,0,Met
TKT16212,2024-05-20,,OK,Marketing,Pune,Network,Medium,Network Support,Open,Mobile,0,,EMP2250,0,Met
TKT15540,2024-10-20,2024-10-22,OK,Unknown,Delhi,Software,Low,Software Support,Resolved,Tablet,63.6,,EMP2349,2.65,Missed
TKT16798,2024-05-21,2024-05-21,OK,Marketing,Pune,Software,High,Software Support,Resolved,Desktop,3.6,5,EMP2048,0.15,Met
TKT16952,2025-03-18,2025-03-19,OK,Sales,Bangalore,Network,Low,Network Support,Resolved,LAPTOP,44.8,1,EMP1029,1.867,Met
TKT14525,2024-10-28,2024-10-28,OK,Finance,Hyderabad,Hardware,High,Hardware Support,Resolved,Laptop,10.9,2,EMP1182,0.454,Missed
TKT12794,2024-08-04,2024-08-04,OK,Operations,Delhi,Network,High,Network Support,Resolved,Laptop,7.6,5,EMP1902,0.317,Met
TKT12074,2024-11-08,,OK,Operations,Hyderabad,Network,Medium,Network Support,Open,Laptop,0,,EMP2335,0,Met
TKT15595,2024-07-11,2024-07-11,OK,Finance,Chennai,Software,Medium,Software Support,Resolved,Tablet,6.8,5,EMP2148,0.283,Met
TKT16531,2024-12-15,2024-12-15,OK,Sales,Chennai,Access,Medium,Identity & Access Team,Closed,Laptop,13.8,3,EMP2148,0.575,Met
TKT13423,2025-03-06,2025-03-06,OK,Finance,Bangalore,Software,Medium,Software Support,Resolved,Laptop,19.3,4,EMP1489,0.804,Met
TKT16689,2024-01-30,,OK,Sales,Pune,Printer,Low,Email & Messaging Team,Open,Printer,0,,EMP1986,0,Met
TKT11963,2024-11-19,2024-11-20,OK,Sales,Mumbai,Network,Low,Network Support,Closed,Laptop,33.9,2,EMP1468,1.413,Met
TKT13499,2024-03-02,2024-03-02,OK,Finance,Mumbai,Software,Critical,Software Support,Closed,Desktop,9.6,,EMP1374,0.4,Missed
TKT12140,2025-06-22,2025-06-22,OK,Sales,Bangalore,Email,Medium,Email & Messaging Team,Resolved,Desktop,9,4,EMP2316,0.375,Met
TKT15113,2024-01-27,2024-01-29,OK,Marketing,Mumbai,Network,Low,Network Support,Closed,Desktop,66.8,3,EMP2106,2.783,Missed
TKT13391,2024-09-15,2024-09-15,OK,Sales,Delhi,Hardware,Medium,Hardware Support,Resolved,Laptop,23.7,5,EMP2147,0.988,Met
TKT12277,2024-04-02,2024-04-02,OK,Finance,Chennai,Access,Medium,Identity & Access Team,Resolved,Mobile,7.2,4,EMP1906,0.3,Met
TKT16839,2025-06-10,,OK,Legal,Chennai,Network,Medium,Network Support,In Progress,Mobile,0,,EMP1220,0,Met
TKT15487,2025-03-08,2025-03-08,OK,Legal,Pune,Hardware,Medium,Hardware Support,Resolved,Server,10.6,5,EMP1519,0.442,Met
TKT13361,2024-12-21,2024-12-22,OK,IT,Pune,Software,Medium,Software Support,Closed,Tablet,32.9,4,EMP1268,1.371,Missed
TKT11124,2025-01-07,2025-01-08,OK,Marketing,Delhi,network,Medium,Network Support,Closed,Desktop,33.8,4,EMP2360,1.408,Missed
TKT13504,2024-01-27,2024-01-27,OK,Marketing,Pune,Software,High,Software Support,Resolved,Laptop,6.9,5,EMP1708,0.288,Met
TKT13715,2024-10-29,2024-10-29,OK,IT,Pune,Hardware,Medium,Hardware Support,Resolved,Server,7.2,4,EMP2002,0.3,Met
TKT15719,2025-06-02,,OK,IT,Mumbai,Access,Medium,Identity & Access Team,In Progress,Mobile,0,,EMP2057,0,Met
TKT11478,2024-02-24,2024-02-24,OK,Operations,Bangalore,Hardware,High,Hardware Support,Closed,Server,1.1,4,EMP1209,0.046,Met
TKT14694,2025-02-12,2025-02-12,OK,Operations,Bangalore,Email,High,Email & Messaging Team,Closed,Tablet,0.8,5,EMP1191,0.033,Met
TKT13247,2024-08-19,2024-08-19,OK,Sales,Hyderabad,Network,Low,Network Support,Resolved,Desktop,21.9,5,EMP2333,0.913,Met
TKT13788,2024-03-21,,OK,Operations,Delhi,Network,Low,Network Support,In Progress,Server,0,,EMP1620,0,Met
TKT13500,2024-07-23,2024-07-23,OK,Legal,Mumbai,Access,Medium,Identity & Access Team,Resolved,Mobile,13.4,4,EMP2046,0.558,Met
TKT10588,2024-03-31,2024-04-01,OK,Finance,Pune,Software,Low,Software Support,Closed,Tablet,0,5,EMP1013,0,Met
TKT14763,2024-06-06,2024-06-06,OK,Marketing,Chennai,Software,Medium,Software Support,Resolved,Desktop,16.4,4,EMP1836,0.683,Met
TKT10018,2024-04-09,2024-04-11,OK,Finance,Hyderabad,Software,MEDIUM,Software Support,Resolved,Desktop,52.4,4,EMP2349,2.183,Missed
TKT15524,2025-05-28,2025-05-29,OK,Sales,Bangalore,Email,Medium,Email & Messaging Team,Resolved,Tablet,31.1,3,EMP2373,1.296,Missed
TKT11956,2024-10-20,2024-10-20,OK,Legal,Pune,Email,Medium,Email & Messaging Team,Resolved,Laptop,23.1,5,EMP2120,0.963,Met
TKT14634,2024-08-09,2024-08-11,OK,Sales,Pune,Access,Medium,Identity & Access Team,Resolved,Desktop,55.1,,EMP1899,2.296,Missed
TKT15438,2024-08-07,2024-08-10,OK,Sales,Mumbai,Hardware,Medium,Hardware Support,Closed,Server,77.7,5,EMP2293,3.238,Missed
TKT12113,2024-07-20,2024-07-20,OK,Finance,Bangalore,Access,Medium,Identity & Access Team,Resolved,Desktop,8.9,2,EMP1723,0.371,Met
TKT11255,2025-04-16,2025-04-16,OK,Finance,Pune,Access,Low,Identity & Access Team,Resolved,LAPTOP,17.7,,EMP2292,0.738,Met
TKT15837,2024-10-21,2024-10-22,OK,Marketing,Hyderabad,NETWORK,Low,Network Support,Closed,Mobile,35.8,2,EMP1195,1.492,Met
TKT12205,2024-03-02,2024-03-02,OK,Sales,Bangalore,Network,High,Network Support,Resolved,Server,9.4,4,EMP1204,0.392,Missed
TKT11498,2025-06-20,2025-06-20,OK,Admin,Bangalore,Printer,Critical,Hardware Support,Resolved,Printer,3.6,2,EMP2381,0.15,Met
TKT16762,2024-11-22,2024-11-23,OK,Sales,Pune,Access,Medium,Identity & Access Team,Resolved,Laptop,40,5,EMP1134,1.667,Missed
TKT11770,2024-06-24,2024-06-24,OK,Marketing,Mumbai,Software,High,Software Support,Resolved,Laptop,10.4,4,EMP1299,0.433,Missed
TKT14742,2024-08-18,2024-08-18,OK,Unknown,Delhi,Printer,Medium,Hardware Support,Resolved,Printer,10,2,EMP1294,0.417,Met
TKT14553,2025-02-03,2025-02-03,OK,Legal,Bangalore,Access,High,Identity & Access Team,Resolved,Laptop,5.6,5,EMP1451,0.233,Met
TKT12034,2024-05-14,2024-05-14,OK,Operations,Chennai,Printer,Medium,Hardware Support,Closed,Printer,12,,EMP2391,0.5,Met
TKT11334,2024-12-11,2024-12-11,OK,Sales,Bangalore,Network, Medium,Network Support,Resolved,Desktop,9.3,,EMP1374,0.388,Unknown Priority:  Medium
TKT13486,2024-06-28,2024-06-28,OK,Legal,Hyderabad,Email,High,Email & Messaging Team,Resolved,MOBILE,2.4,5,EMP1456,0.1,Met
TKT14909,2025-06-22,2025-06-22,OK,Sales,Chennai,Email,Low,Email & Messaging Team,Resolved,Laptop,3.6,,EMP1166,0.15,Met
TKT14405,2024-07-15,2024-07-15,OK,Operations,Mumbai,Software,Medium,Software Support,Resolved,Tablet,9.9,5,EMP2362,0.413,Met
TKT15103,2024-12-09,2024-12-09,OK,IT,Delhi,Network,High,Network Support,Resolved,server,11.2,3,EMP1240,0.467,Missed
TKT16923,2024-03-05,2024-03-05,OK,Sales,Pune,Network,High,Network Support,Closed,Server,11.5,4,EMP1284,0.479,Missed
TKT16727,2025-03-28,,OK,IT,Pune,Hardware,Critical,NA,Open,Laptop,0,,EMP2066,0,Met
TKT10261,2024-04-25,2024-04-25,OK,HR,Bangalore,Network,Medium,Network Support,Resolved,Desktop,10.3,4,EMP1493,0.429,Met
TKT11218,2025-01-25,2025-01-25,OK,Legal,Delhi,network,High,Network Support,Resolved,Laptop,11.6,,EMP1421,0.483,Missed
TKT12492,2024-02-26,2024-02-26,OK,Finance,Mumbai,Software,Low,Software Support,Closed,Tablet,18.3,,EMP1401,0.763,Met
TKT15976,2024-11-26,2024-11-26,OK,IT,Pune,Hardware,Medium,Hardware Support,Resolved,Laptop,7.6,2,EMP1998,0.317,Met
TKT13792,2024-07-16,2024-07-16,OK,Marketing,Pune,Hardware,Medium,Hardware Support,Resolved,Desktop,20,4,EMP2086,0.833,Met
TKT13977,2024-02-25,2024-02-25,OK,Marketing,Pune,Email,Medium,Email & Messaging Team,Resolved,Desktop,5.8,5,EMP1043,0.242,Met
TKT12491,2024-07-01,2024-07-02,OK,Sales,Bangalore,Email,Low,Email & Messaging Team,Closed,Mobile,34.2,5,EMP1440,1.425,Met
TKT12782,2025-03-24,2025-03-25,OK,Sales,Hyderabad,Email,Medium,Email & Messaging Team,Resolved,Tablet,24.6,3,EMP1054,1.025,Missed
TKT11886,2024-02-15,2024-02-15,OK,Operations,Mumbai,Hardware,High,Hardware Support,Resolved,Desktop,21.5,3,EMP1856,0.896,Missed
TKT15816,2024-03-09,2024-03-09,OK,Admin,Bangalore,network, Critical,Network Support,Resolved,Desktop,4.5,5,EMP1064,0.188,Unknown Priority:  Critical
TKT15404,2024-11-28,2024-11-28,OK,Marketing,Pune,Hardware,High,Hardware Support,Resolved,Server,10.4,3,EMP1243,0.433,Missed
TKT11226,2025-01-14,2025-01-14,OK,Sales,Pune,Network,Low,Network Support,Resolved,Laptop,19.9,4,EMP1897,0.829,Met
TKT13200,2025-03-13,,OK,Operations,Chennai,Hardware,Low,Hardware Support,Open,Server,0,,EMP1837,0,Met
TKT15462,2025-06-22,2025-06-22,OK,HR,Pune,Printer,Medium,Hardware Support,Resolved,Printer,23.8,4,EMP1977,0.992,Met
TKT10920,2024-01-23,2024-01-25,OK,HR,Pune,Email,Low,Email & Messaging Team,Resolved,Laptop,56,5,EMP1847,2.333,Missed
TKT14181,2024-03-26,2024-03-27,OK,Sales,Pune,Email,Low,Email & Messaging Team,Resolved,Laptop,30.2,3,EMP2308,1.258,Met
TKT11703,2024-04-08,,OK,Sales,Bangalore,Email,Low,Email & Messaging Team,In Progress,Mobile,0,,EMP2052,0,Met
TKT13035,2024-05-02,2024-05-02,OK,Sales,Mumbai,Access,Critical,Identity & Access Team,Resolved,Mobile,2.7,3,EMP1327,0.113,Met
TKT10674,2025-04-24,2025-04-24,OK,IT,Pune,Hardware,High,Hardware Support,Resolved,Server,2.7,,EMP1268,0.113,Met
TKT10187,2024-05-16,2024-05-16,OK,Legal,Delhi,Access,Medium,Network Support,Resolved,Mobile,5,5,EMP1979,0.208,Met
TKT11434,2024-04-09,2024-04-11,OK,Finance,Delhi,Email,Medium,Email & Messaging Team,Resolved,Desktop,63,5,EMP2284,2.625,Missed
TKT16987,2024-10-16,2024-10-17,OK,Marketing,Pune,Software,Medium,Software Support,Resolved,Desktop,25.6,5,EMP1768,1.067,Missed
TKT11089,2025-01-28,2025-01-29,OK,Operations,Delhi,Hardware,Low,Hardware Support,Resolved,Laptop,36.5,5,EMP1931,1.521,Met
TKT16993,2024-07-12,2024-07-12,OK,IT,Pune,Network,High,Network Support,Closed,Desktop,1.8,4,EMP1226,0.075,Met
TKT13148,2025-03-25,2025-03-25,OK,Marketing,Hyderabad,Hardware,Medium,Hardware Support,Resolved,Desktop,17.9,5,EMP2324,0.746,Met
TKT10620,2024-11-02,2024-11-02,OK,Finance,Bangalore,Access,High,Identity & Access Team,Resolved,Mobile,10.3,,EMP1744,0.429,Missed
TKT15921,2025-06-18,2025-06-18,OK,Operations,Hyderabad,Network,High,Software Support,Resolved,Server,15,4,EMP1280,0.625,Missed
TKT11215,2025-06-24,2025-06-24,OK,Marketing,Bangalore,Hardware,Low,Hardware Support,Resolved,Server,14.8,2,EMP1085,0.617,Met
TKT14007,2025-06-15,2025-06-15,OK,Marketing,Bangalore,Access,Critical,Email & Messaging Team,Closed,Mobile,2.5,4,EMP1785,0.104,Met
TKT12066,2025-02-21,,OK,Finance,Bangalore,Software,Low,Software Support,Open,Tablet,0,,EMP1581,0,Met
TKT10784,2024-01-29,2024-01-29,OK,Marketing,Hyderabad,Access,High,Identity & Access Team,Resolved,Desktop,11.4,3,EMP2363,0.475,Missed
TKT16042,2025-04-15,2025-04-15,OK,Marketing,Pune,Access,Critical,Identity & Access Team,Resolved,Laptop,3,4,EMP2053,0.125,Met
TKT16621,2024-10-31,2024-11-01,OK,Operations,Pune,Software,Low,Software Support,Resolved,Laptop,25.9,5,EMP1994,1.079,Met
TKT15208,2024-11-21,2024-11-22,OK,Operations,Mumbai,NETWORK,Low,Network Support,Resolved,Desktop,40.3,,EMP2394,1.679,Met
TKT15599,2025-01-18,2025-01-18,OK,Legal,Delhi,Hardware,Critical,Hardware Support,Resolved,Desktop,5.3,4,EMP2188,0.221,Missed
TKT14908,2024-04-13,,OK,Legal,Pune,Email, Critical,Email & Messaging Team,In Progress,Laptop,0,,EMP1693,0,Unknown Priority:  Critical
TKT16596,2024-01-20,2024-01-20,OK,Finance,Delhi,Email,medium,Email & Messaging Team,Resolved,Desktop,9.9,,EMP1179,0.413,Met
TKT15787,2024-09-03,2024-09-05,OK,HR,Delhi,Network, Low,NA,Resolved,Server,68.7,4,EMP2263,2.863,Unknown Priority:  Low
TKT13270,2024-11-19,2024-11-19,OK,Finance,Chennai,Access,High,Identity & Access Team,Resolved,Desktop,4.7,5,EMP1855,0.196,Met
TKT14721,2024-09-14,,OK,Sales,Delhi,Hardware,High,Hardware Support,In Progress,SERVER,0,,EMP1415,0,Met
TKT15300,2024-07-11,2024-07-11,OK,Legal,Mumbai,Software,Medium,Software Support,Closed,Desktop,7.6,4,EMP2150,0.317,Met
TKT11366,2025-03-26,2025-03-26,OK,Operations,Bangalore,Access,Medium,Hardware Support,Resolved,Desktop,6.7,3,EMP2300,0.279,Met
TKT12221,2024-10-04,2024-10-06,OK,HR ,Mumbai,Software,Medium,Software Support,Closed,Desktop,59.5,4,EMP1806,2.479,Missed
TKT15311,2024-06-26,2024-06-26,OK,IT,Delhi,Email,High,Email & Messaging Team,Closed,Desktop,0.2,2,EMP1184,0.008,Met
TKT16368,2024-05-08,2024-05-08,OK,IT,Hyderabad,Access,Medium,Identity & Access Team,Closed,Laptop,8.5,4,EMP2046,0.354,Met
TKT14011,2025-04-25,2025-04-25,OK,Admin,Pune,Hardware,Medium,Hardware Support,Resolved,Laptop,22.2,,EMP2167,0.925,Met
TKT13483,2024-06-13,2024-06-13,OK,Operations,Hyderabad,Software,Medium,Software Support,Resolved,Tablet,5.2,,EMP2047,0.217,Met
TKT16520,2024-06-20,2024-06-20,OK,Sales,Mumbai,Network,Medium,Network Support,Closed,Mobile,20.7,,EMP1826,0.863,Met
TKT15983,2024-02-13,2024-02-13,OK,Unknown,Bangalore,Network,High,Email & Messaging Team,Resolved,Laptop,22.3,3,EMP1404,0.929,Missed
TKT16125,2024-08-15,2024-08-17,OK,Marketing,Bangalore,Software,Medium,Software Support,Resolved,Desktop,48.3,4,EMP2182,2.013,Missed
TKT16920,2024-05-29,,OK,Sales,Bangalore,Software,High,Software Support,In Progress,Laptop,0,,EMP1656,0,Met
TKT16704,2025-02-24,,OK,Admin,Hyderabad,Printer,Low,Hardware Support,In Progress,Printer,0,,EMP1478,0,Met
TKT15802,2024-07-07,,OK,Legal,Delhi,Network,Low,Network Support,Open,Desktop,0,,EMP1110,0,Met
TKT12757,2024-08-11,2024-08-11,OK,Legal,Delhi,Email,High,Email & Messaging Team,Resolved,Laptop,5.1,3,EMP1794,0.213,Met
TKT15935,2024-11-04,2024-11-04,OK,IT,Mumbai,Software,High,Software Support,Closed,Desktop,2.2,5,EMP2153,0.092,Met
TKT10459,2024-02-12,2024-02-12,OK,Operations,Chennai,Printer,Medium,Hardware Support,Resolved,Printer,2,3,EMP1653,0.083,Met
TKT10009,2024-06-12,2024-06-13,OK,Sales,Hyderabad,Network,Medium,Network Support,Resolved,Laptop,29.6,2,EMP2393,1.233,Missed
TKT13490,2024-04-12,2024-04-12,OK,Legal,Pune,Printer,Medium,Hardware Support,Resolved,Printer,19.4,4,EMP1873,0.808,Met
TKT12167,2025-06-21,2025-06-21,OK,Marketing,Delhi,Network,Medium,Network Support,Resolved,Server,5.5,,EMP1158,0.229,Met
TKT15581,2024-04-08,2024-04-11,OK,IT,Mumbai,Email,Low,Email & Messaging Team,Closed,Laptop,75.1,4,EMP1832,3.129,Missed
TKT14186,2024-07-10,2024-07-10,OK,IT,Mumbai,Access,Medium,Identity & Access Team,Resolved,Laptop,19.4,3,EMP1691,0.808,Met
TKT11542,2024-06-26,2024-06-26,OK,Operations,Hyderabad,Hardware,Low,Hardware Support,Closed,Laptop,15.8,2,EMP2112,0.658,Met
TKT12431,2024-04-18,,OK,Marketing,Chennai,Email,Low,Email & Messaging Team,In Progress,Tablet,0,,EMP1373,0,Met
TKT16196,2024-10-12,2024-10-12,OK,Marketing,Pune,Hardware,Medium,Hardware Support,Resolved,Laptop,6.8,,EMP2174,0.283,Met
TKT12586,2024-08-26,2024-08-25,ERROR,IT,Hyderabad,Email,Low,Email & Messaging Team,Resolved,Tablet,33.5,4,EMP1163,1.396,Met
TKT10444,2024-09-26,2024-09-28,OK,IT,Chennai,Email,Medium,Email & Messaging Team,Resolved,Desktop,64.5,1,EMP2109,2.688,Missed
TKT12939,2025-02-06,2025-02-06,OK,Finance,Mumbai,Software,Medium,Software Support,Resolved,Tablet,1.7,,EMP2245,0.071,Met
TKT15627,2024-07-12,2024-07-13,OK,Sales,Bangalore,Software,Medium,Software Support,Resolved,Laptop,24.9,1,EMP1812,1.038,Missed
TKT14375,2024-06-13,2024-06-18,OK,Unknown,Hyderabad,Access,Low,Identity & Access Team,Resolved,Laptop,138.9,,EMP1690,5.788,Missed
TKT12063,2025-03-11,2025-03-14,OK,IT,Mumbai,Email,Low,Email & Messaging Team,Resolved,Mobile,74.9,2,EMP1523,3.121,Missed
TKT14288,2024-10-23,2024-10-23,OK,Finance,Bangalore,Access,Medium,Identity & Access Team,Resolved,Laptop,12.6,4,EMP2072,0.525,Met
TKT14521,2024-12-30,2024-12-30,OK,HR,Mumbai,Access,High,Identity & Access Team,Resolved,Laptop,7.4,5,EMP1091,0.308,Met
TKT11073,2024-10-29,2024-10-29,OK,HR,Pune,Hardware,High,Hardware Support,Resolved,Laptop,3.9,3,EMP1531,0.163,Met
TKT11644,2024-03-26,2024-03-26,OK,Legal,Bangalore,Email,Low,Email & Messaging Team,Resolved,Tablet,17.6,4,EMP1605,0.733,Met
TKT10182,2024-05-17,,OK,Finance,Hyderabad,Hardware,Low,Hardware Support,In Progress,Desktop,0,,EMP2032,0,Met
TKT10788,2025-03-03,2025-03-03,OK,Operations,Delhi,NETWORK,High,Network Support,Resolved,Laptop,2.8,3,EMP2075,0.117,Met
TKT11351,2024-03-09,2024-03-11,OK,IT,Chennai,Hardware,Low,Hardware Support,Resolved,Desktop,62.3,,EMP1474,2.596,Missed
TKT16373,2025-04-11,2025-04-11,OK,Operations,Delhi,Software,Medium,Software Support,Resolved,Laptop,9.5,2,EMP2123,0.396,Met
TKT13554,2025-04-22,,OK,IT,Mumbai,Access,Low,Identity & Access Team,In Progress,Desktop,0,,EMP2126,0,Met
TKT14941,2025-03-16,2025-03-18,OK,Sales,Mumbai,Access,Low,Identity & Access Team,Resolved,Desktop,51.2,5,EMP1333,2.133,Missed
TKT11601,2024-09-28,2024-09-29,OK,Marketing,Bangalore,Software,Low,Software Support,Resolved,Tablet,47.9,3,EMP2252,1.996,Met
TKT16860,2025-06-08,2025-06-08,OK,Marketing,Bangalore,Network,High,Network Support,Resolved,Laptop,8.9,5,EMP1301,0.371,Missed
TKT15352,2024-01-18,,OK,Finance,Pune,Printer, Medium,Hardware Support,Open,Printer,0,,EMP1938,0,Unknown Priority:  Medium
TKT16910,2024-06-07,,OK,Marketing,Mumbai,Access,High,Identity & Access Team,In Progress,Mobile,0,,EMP1690,0,Met
TKT15794,2024-12-22,2024-12-22,OK,HR,Bangalore,Hardware,Low,Hardware Support,Resolved,Desktop,1.7,5,EMP1866,0.071,Met
TKT14155,2024-03-01,,OK,Sales,Delhi,Software,High,Software Support,In Progress,Tablet,0,,EMP2008,0,Met
TKT10523,2024-08-19,2024-08-19,OK,Operations,Hyderabad,Software,Medium,Software Support,Resolved,Desktop,18.9,1,EMP1380,0.788,Met
TKT11901,2024-05-19,2024-05-19,OK,Marketing,Pune,Software,Medium,Software Support,Resolved,Laptop,16.7,,EMP1683,0.696,Met
TKT15645,2024-01-02,2024-01-02,OK,Legal,Mumbai,Access,Medium,Identity & Access Team,Resolved,Mobile,23.7,,EMP2178,0.988,Met
TKT12275,2024-08-06,2024-08-06,OK,Legal,Bangalore,Hardware,High,Hardware Support,Resolved,Desktop,16.6,4,EMP1453,0.692,Missed
TKT12602,2025-05-06,2025-05-06,OK,IT,Bangalore,Access,High,Identity & Access Team,Closed,Desktop,13.7,,EMP2141,0.571,Missed
TKT14219,2024-02-10,2024-02-12,OK,Marketing,Delhi,Access,Medium,Identity & Access Team,Resolved,Desktop,56.3,,EMP1805,2.346,Missed
TKT11002,2025-06-15,2025-06-15,OK,Marketing,Hyderabad,Printer,High,Email & Messaging Team,Resolved,Printer,2.7,4,EMP1532,0.113,Met
TKT11374,2025-03-18,2025-03-18,OK,IT,Delhi,Printer,Medium,Hardware Support,Resolved,printer,8.2,5,EMP1315,0.342,Met
TKT15013,2024-08-18,,OK,Operations,Pune,Network,Medium,Network Support,Open,Mobile,0,,EMP1176,0,Met
TKT10827,2024-04-11,2024-04-11,OK,IT,Chennai,Software,Medium,Software Support,Resolved,Desktop,10.3,5,EMP1098,0.429,Met
TKT14623,2024-05-30,2024-05-30,OK,Operations,Mumbai,Access,Medium,Identity & Access Team,Resolved,Desktop,21,4,EMP1750,0.875,Met
TKT12002,2025-02-14,2025-02-14,OK,Finance,Pune,Software,Critical,Software Support,Resolved,Desktop,9.7,,EMP1262,0.404,Missed
TKT11547,2024-08-10,2024-08-10,OK,HR,Bangalore,Network,Medium,Network Support,Resolved,Desktop,3.5,5,EMP2156,0.146,Met
TKT13565,2024-04-20,2024-04-20,OK,Operations,Pune,Access,High,Software Support,Resolved,Desktop,3.8,4,EMP1343,0.158,Met
TKT11137,2024-01-20,2024-01-21,OK,Operations,Mumbai,Printer,Medium,Hardware Support,Closed,Printer,38.6,5,EMP1414,1.608,Missed
TKT13920,2024-09-15,2024-09-15,OK,Sales,Delhi,Access,Critical,Identity & Access Team,Resolved,Desktop,7,4,EMP1001,0.292,Missed
TKT10124,2024-12-17,2024-12-18,OK,Marketing,Pune,Software,Medium,Identity & Access Team,Closed,Laptop,28.4,3,EMP1172,1.183,Missed
TKT10279,2024-11-07,2024-11-07,OK,Sales,Hyderabad,Network,High,Network Support,Resolved,Laptop,6.1,5,EMP2235,0.254,Met
TKT15366,2025-04-13,2025-04-13,OK,Admin,Bangalore,Hardware,Medium,Hardware Support,Closed,Server,14.6,5,EMP1365,0.608,Met
TKT10883,2024-03-20,2024-03-20,OK,Sales,Hyderabad,Network,High,Network Support,Resolved,Desktop,4,5,EMP1959,0.167,Met
TKT10738,2024-10-28,,OK,Marketing,Hyderabad,Hardware,Critical,Hardware Support,In Progress,Laptop,0,,EMP1304,0,Met
TKT12927,2024-07-22,2024-07-22,OK,Marketing,Mumbai,Access,Medium,Identity & Access Team,Resolved,Mobile,16.8,4,EMP1152,0.7,Met
TKT10611,2025-01-26,,OK,Unknown,Pune,Network,Critical,Network Support,Open,Laptop,0,,EMP2238,0,Met
TKT10367,2024-01-10,,OK,Operations,Mumbai,Hardware,Low,Hardware Support,Open,Desktop,0,,EMP1234,0,Met
TKT10295,2025-02-04,,OK,Sales,Delhi,Hardware,High,Hardware Support,Open,Server,0,,EMP2162,0,Met
TKT14601,2025-06-03,2025-06-06,OK,IT,Hyderabad,Access,Low,Identity & Access Team,Resolved,Mobile,83.9,4,EMP2154,3.496,Missed
TKT11660,2024-01-19,2024-01-21,OK,Finance,Bangalore,Network,Low,Network Support,Closed,Laptop,53.3,4,EMP1101,2.221,Missed
TKT16464,2025-04-03,,OK,IT,Mumbai,Network,High,Network Support,Open,Server,0,,EMP1724,0,Met
TKT16854,2024-07-29,2024-07-30,OK,Operations,Chennai,Software,High,Software Support,Resolved,Laptop,28.7,2,EMP1648,1.196,Missed
TKT13202,2024-08-24,2024-08-29,OK,Sales,Pune,Access,Low,Identity & Access Team,Closed,Desktop,142.5,4,EMP1496,5.938,Missed
TKT14644,2024-02-06,2024-02-07,OK,Unknown,Delhi,Network,Medium,Network Support,Resolved,Laptop,24.6,,EMP1249,1.025,Missed
TKT14100,2024-08-08,2024-08-10,OK,HR,Delhi,Software,Low,Software Support,Resolved,Tablet,55.2,2,EMP1143,2.3,Missed
TKT10979,2024-09-13,2024-09-13,OK,Legal,Pune,Email,Medium,Email & Messaging Team,Resolved,Laptop,14,5,EMP1234,0.583,Met
TKT15240,2024-07-31,2024-07-31,OK,Operations,Pune,Software,Critical,Software Support,Closed,Tablet,4.1,2,EMP1375,0.171,Missed
TKT16775,2024-01-12,2024-01-14,OK,IT,Bangalore,Network,Low,Network Support,Resolved,Server,64.7,5,EMP2242,2.696,Missed
TKT11878,2024-03-02,2024-03-02,OK,Finance,Delhi,Software,Medium,Software Support,Resolved,Laptop,14.1,4,EMP1014,0.588,Met
TKT16573,2024-03-18,2024-03-22,OK,IT,Mumbai,Network,Low,Network Support,Resolved,Mobile,97.1,4,EMP2178,4.046,Missed
TKT15986,2024-09-27,,OK,Operations,Delhi,Software,High,Software Support,Open,Laptop,0,,EMP1791,0,Met
TKT14932,2024-05-06,2024-05-07,OK,Admin,Pune,Software,Medium,Software Support,Resolved,Desktop,27.7,3,EMP1006,1.154,Missed
TKT13511,2024-08-25,2024-08-25,OK,HR,Hyderabad,Software,Medium,Software Support,Closed,Laptop,6,4,EMP1986,0.25,Met
TKT13019,2025-05-19,2025-05-19,OK,Sales,Mumbai,Software,High,NA,Resolved,Desktop,6.8,5,EMP2347,0.283,Met
TKT13415,2024-01-10,2024-01-11,OK,Admin,Chennai,Access,Medium,Identity & Access Team,Resolved,Desktop,26.4,4,EMP1141,1.1,Missed
TKT10198,2024-06-28,2024-06-29,OK,IT,Mumbai,Network,Medium,Network Support,Resolved,Server,24.7,4,EMP2282,1.029,Missed
TKT14708,2024-03-23,2024-03-25,OK,HR,Bangalore,Email,Low,Email & Messaging Team,Resolved,Tablet,0,,EMP1998,0,Met
TKT15712,2025-01-26,2025-01-28,OK,Operations,Pune,Access,Low,Identity & Access Team,Resolved,Mobile,51.4,4,EMP2203,2.142,Missed
TKT11141,2024-06-04,2024-06-05,OK,Sales,Mumbai,Hardware,low,Hardware Support,Resolved,Server,35,4,EMP1308,1.458,Met
TKT11022,2024-04-09,2024-04-09,OK,Marketing,Delhi,Software,HIGH,Software Support,Resolved,Tablet,6.2,4,EMP1475,0.258,Met
TKT12476,2024-01-30,2024-01-31,OK,Sales,Pune,Access,low,Identity & Access Team,Resolved,Laptop,34.2,2,EMP2168,1.425,Met
TKT16245,2024-12-19,2024-12-20,OK,IT,Bangalore,network,Low,Network Support,Resolved,Laptop,33.3,5,EMP1415,1.388,Met
TKT11819,2024-01-02,2024-01-02,OK,Marketing,Mumbai,network,High,Network Support,Resolved,Desktop,3.2,3,EMP1727,0.133,Met
TKT15592,2024-09-11,2024-09-11,OK,Sales,Pune,Network,High,Network Support,Closed,Server,17,2,EMP2057,0.708,Missed
TKT16494,2024-09-21,2024-09-22,OK,Admin,Bangalore,network,Medium,Network Support,Resolved,Desktop,34.5,5,EMP2395,1.438,Missed
TKT12944,2024-03-12,2024-03-12,OK,HR,Bangalore,Access,Medium,Email & Messaging Team,Closed,Desktop,7.4,4,EMP2307,0.308,Met
TKT11865,2025-04-13,2025-04-13,OK,HR,Mumbai,Hardware,Low,Hardware Support,Resolved,Desktop,17.4,3,EMP2193,0.725,Met
TKT14452,2025-02-21,,OK,Admin,Bangalore,Network,Medium,Network Support,In Progress,Desktop,0,,EMP1056,0,Met
TKT14159,2025-04-15,2025-04-15,OK,Admin,Bangalore,Email,High,Email & Messaging Team,Resolved,Laptop,11,1,EMP1329,0.458,Missed
TKT15510,2024-11-09,2024-11-14,OK,Legal,Bangalore,Email,Low,Software Support,Resolved,Tablet,130,4,EMP1492,5.417,Missed
TKT10714,2024-01-09,2024-01-11,OK,Operations,Delhi,Hardware,Low,Hardware Support,Resolved,Desktop,48.6,5,EMP1255,2.025,Missed
TKT14849,2024-04-12,2024-04-12,OK,Sales,Pune,Email,Critical,Email & Messaging Team,Closed,Mobile,6.1,4,EMP1426,0.254,Missed
TKT15319,2024-11-02,2024-11-03,OK,Finance,Delhi,Printer,Medium,NA,Resolved,Printer,40.6,2,EMP2218,1.692,Missed
TKT10971,2024-09-03,2024-09-05,OK,Legal,Delhi,Email,Medium,Email & Messaging Team,Resolved,Laptop,58.6,5,EMP1349,2.442,Missed
TKT14905,2024-06-11,2024-06-11,OK,Admin,Delhi,Software,Medium,Software Support,Resolved,Laptop,19,5,EMP1358,0.792,Met
TKT12106,2024-09-25,2024-09-26,OK,Admin,Pune,Access,Medium,Identity & Access Team,Resolved,Laptop,32.2,3,EMP1694,1.342,Missed
TKT13751,2025-01-02,2025-01-02,OK,Finance,Mumbai,Software,Medium,Software Support,Resolved,Tablet,8.3,4,EMP1346,0.346,Met
TKT13933,2024-12-24,,OK,Sales,Chennai,Software,High,Software Support,In Progress,Desktop,0,,EMP1239,0,Met
TKT13775,2024-02-04,2024-02-05,OK,HR,Pune,Hardware,Medium,Hardware Support,Resolved,Laptop,31.7,4,EMP1913,1.321,Missed
TKT11189,2024-04-02,2024-04-03,OK,IT,Bangalore,Access,Low,Identity & Access Team,Resolved,desktop,36.1,4,EMP2309,1.504,Met
TKT16408,2024-12-03,2024-12-03,OK,Operations,Chennai,Email,medium,Email & Messaging Team,Resolved,Tablet,7.9,,EMP1587,0.329,Met
TKT11447,2025-05-03,2025-05-03,OK,Admin,Delhi,Access,High,Identity & Access Team,Resolved,Laptop,5.5,5,EMP1588,0.229,Met
TKT16641,2024-03-07,2024-03-07,OK,Finance,Delhi,Access,Medium,Identity & Access Team,Closed,Laptop,21.9,4,EMP2180,0.913,Met
TKT10717,2024-06-28,2024-06-29,OK,Legal,Bangalore,Software,Medium,Software Support,Resolved,Tablet,44.2,5,EMP1133,1.842,Missed
TKT15396,2024-12-13,2024-12-13,OK,IT,Pune,Software,Medium,Software Support,Resolved,Desktop,7.7,3,EMP1508,0.321,Met
TKT11676,2025-02-10,2025-02-11,OK,Admin,Delhi,Hardware,Medium,Hardware Support,Resolved,Laptop,24.7,3,EMP1326,1.029,Missed
TKT10987,2024-12-03,2024-12-04,OK,IT,Pune,Hardware,High,Hardware Support,Resolved,Laptop,30.5,,EMP2358,1.271,Missed
TKT14237,2025-06-28,,OK,Admin,Pune,Hardware,Low,Hardware Support,In Progress,Laptop,0,,EMP1618,0,Met
TKT13353,2024-05-07,2024-05-09,OK,IT,Delhi,Printer,Medium,Hardware Support,Resolved,Printer,70.5,,EMP1204,2.938,Missed
TKT11924,2024-07-27,2024-07-27,OK,Marketing,Chennai,Network,Critical,Network Support,Resolved,Laptop,6.3,3,EMP1663,0.263,Missed
TKT16366,2025-05-02,,OK,Operations,Pune,Software,Medium,Software Support,Open,Laptop,0,,EMP1838,0,Met
TKT11112,2024-04-23,2024-04-25,OK,Sales,Mumbai,Software, Low,Software Support,Resolved,Desktop,63.1,5,EMP2237,2.629,Unknown Priority:  Low
TKT10378,2024-03-15,2024-03-16,OK,Legal,Pune,Network,medium,Network Support,Resolved,Mobile,30.3,3,EMP1595,1.263,Missed
TKT15197,2024-10-10,2024-10-10,OK,Sales,Pune,Email,Low,Email & Messaging Team,Closed,Mobile,2.2,4,EMP1717,0.092,Met
TKT13981,2024-01-07,2024-01-07,OK,Sales,Delhi,Software,Medium,Software Support,Resolved,Laptop,19.5,3,EMP1068,0.813,Met
TKT16136,2025-05-05,2025-05-06,OK,Admin,Mumbai,Software,Low,Software Support,Resolved,Desktop,28.7,3,EMP1305,1.196,Met
TKT10500,2025-01-19,2025-01-20,OK,Operations,Chennai,Email,Medium,Network Support,Resolved,Laptop,24.2,3,EMP2283,1.008,Missed
TKT13815,2024-07-10,2024-07-15,OK,Sales,Mumbai,NETWORK,Low,Network Support,Closed,Laptop,138.9,5,EMP1951,5.788,Missed
TKT16226,2025-01-05,2025-01-06,OK,Marketing,Pune,Hardware,Low,Hardware Support,Resolved,Server,30.2,5,EMP1758,1.258,Met
TKT11280,2025-03-20,2025-03-20,OK,Legal,Bangalore,Hardware,High,Hardware Support,Resolved,server,6.6,3,EMP2323,0.275,Met
TKT10145,2025-05-24,2025-05-26,OK,Sales,Chennai,Access,low,Identity & Access Team,Resolved,Laptop,58.1,,EMP1752,2.421,Missed
TKT13432,2024-02-06,,OK,Operations,Pune,Software,High,Software Support,In Progress,Desktop,0,,EMP1444,0,Met
TKT16600,2024-01-14,2024-01-14,OK,Marketing,Pune,Software,Medium,Software Support,Closed,tablet,19.8,,EMP2166,0.825,Met
TKT13083,2024-12-03,,OK,IT,Chennai,Software,High,Software Support,In Progress,Laptop,0,,EMP1671,0,Met
TKT14463,2025-02-27,2025-02-28,OK,Finance,Bangalore,Software,Low,Software Support,Resolved,Laptop,47.6,4,EMP1344,1.983,Met
TKT16152,2024-03-23,2024-03-23,OK,IT,Bangalore,Printer,Medium,Hardware Support,Resolved,Printer,11.8,,EMP1176,0.492,Met
TKT10238,2024-11-16,,OK,HR,Mumbai,Software,High,Software Support,Open,Tablet,0,,EMP2222,0,Met
TKT16936,2024-10-06,2024-10-07,OK,Operations,Hyderabad,Hardware,Medium,Hardware Support,Resolved,Desktop,26.6,4,EMP1731,1.108,Missed
TKT13272,2025-05-07,,OK,Operations,Mumbai,Hardware,Medium,Hardware Support,In Progress,Desktop,0,,EMP1807,0,Met
TKT12599,2024-11-08,2024-11-08,OK,Marketing,Delhi,Network,Medium,Network Support,Closed,Server,8.2,4,EMP1185,0.342,Met
TKT16955,2024-03-28,2024-03-30,OK,Operations,Delhi,Hardware,Medium,Hardware Support,Resolved,Server,48.5,3,EMP1289,2.021,Missed
TKT14334,2025-03-12,2025-03-12,OK,Operations,Delhi,Hardware,Medium,Hardware Support,Resolved,Laptop,2.5,1,EMP2007,0.104,Met
TKT12334,2024-06-04,2024-06-05,OK,Finance,Hyderabad,network,Medium,Network Support,Closed,Mobile,33.9,4,EMP1858,1.413,Missed
TKT15115,2025-04-18,2025-04-18,OK,Operations,Mumbai,Access,High,Identity & Access Team,Resolved,Laptop,4.4,3,EMP2044,0.183,Met
TKT14637,2024-02-28,2024-02-28,OK,IT,Hyderabad,Software,Medium,Software Support,Resolved,Tablet,19.8,4,EMP1432,0.825,Met
TKT15731,2025-05-12,,OK,HR,Mumbai,Hardware,High,Hardware Support,Open,Server,0,,EMP1599,0,Met
TKT11146,2024-04-25,2024-04-25,OK,Operations,Bangalore,Software,Medium,Software Support,Resolved,Tablet,23.9,4,EMP2089,0.996,Met
TKT10640,2024-11-23,2024-11-23,OK,Sales,Hyderabad,Email,Medium,Email & Messaging Team,Closed,Tablet,18.5,5,EMP1924,0.771,Met
TKT14402,2025-02-23,2025-02-25,OK,Finance,Bangalore,Hardware,Medium,Hardware Support,Resolved,Laptop,67.4,4,EMP2160,2.808,Missed
TKT13645,2024-01-30,2024-01-30,OK,Legal,Bangalore,Printer,High,Hardware Support,Resolved,Printer,8.3,1,EMP1122,0.346,Missed
TKT16460,2024-06-15,2024-06-15,OK,IT,Pune,Software,Medium,Software Support,Closed,Laptop,11,,EMP1138,0.458,Met
TKT16671,2025-01-03,2025-01-03,OK,Operations,Pune,Network,Critical,Network Support,Resolved,Laptop,1.4,,EMP1190,0.058,Met
TKT13580,2024-02-07,2024-02-08,OK,Finance,Delhi,Access,Low,Identity & Access Team,Resolved,Laptop,43.6,3,EMP2061,1.817,Met
TKT12954,2025-02-13,2025-02-13,OK,Unknown,Bangalore,Hardware,High,Hardware Support,Resolved,Server,5.2,5,EMP1217,0.217,Met
TKT16295,2025-05-08,2025-05-08,OK,HR ,Delhi,Access,Medium,Identity & Access Team,Resolved,Mobile,22.1,4,EMP1206,0.921,Met
TKT11454,2025-05-25,,OK,Operations,Mumbai,Access,low,Identity & Access Team,Open,Mobile,0,,EMP1509,0,Met
TKT16346,2024-12-31,2024-12-31,OK,Legal,Pune,Email,Medium,Email & Messaging Team,Resolved,Tablet,6.6,4,EMP1187,0.275,Met
TKT16787,2024-03-26,,OK,HR,Pune,Hardware,Low,Hardware Support,Open,Server,0,,EMP1404,0,Met
TKT14001,2024-09-19,2024-09-19,OK,Admin,Pune,Network,Critical,Hardware Support,Closed,Server,6.7,5,EMP2385,0.279,Missed
TKT10890,2025-01-03,2025-01-03,OK,Admin,Bangalore,Software,Medium,Software Support,Resolved,Laptop,5.4,,EMP2276,0.225,Met
TKT14091,2025-01-22,2025-01-22,OK,Finance,Chennai,Software,Medium,Software Support,Resolved,Desktop,21.9,4,EMP1434,0.913,Met
TKT14753,2024-06-16,2024-06-17,OK,Finance,Pune,NETWORK,Low,Network Support,Resolved,Server,29.5,5,EMP1863,1.229,Met
TKT12538,2024-10-09,2024-10-09,OK,IT,Pune,Hardware,Medium,Hardware Support,Resolved,Server,12,4,EMP2269,0.5,Met
TKT11481,2025-04-12,2025-04-12,OK,Operations,Mumbai,Software,Medium,Software Support,Resolved,Tablet,13.4,,EMP1183,0.558,Met
TKT13922,2024-09-26,,OK,Sales,Delhi,Hardware,Low,Network Support,In Progress,Desktop,0,,EMP1162,0,Met
TKT11514,2024-03-08,2024-03-06,ERROR,Admin,Delhi,Hardware,Medium,Hardware Support,Resolved,Server,7.3,4,EMP2325,0.304,Met
TKT10654,2024-10-06,2024-10-11,OK,Legal,Pune,Network,Low,Network Support,Closed,Desktop,125.8,,EMP2153,5.242,Missed
TKT13407,2024-12-10,2024-12-10,OK,Admin,Pune,Hardware,Medium,Hardware Support,Resolved,Server,7.7,3,EMP1058,0.321,Met
TKT13373,2025-01-28,2025-01-28,OK,Finance,Bangalore,Network,Medium,Network Support,Closed,Desktop,8.9,5,EMP1344,0.371,Met
TKT10631,2024-11-16,2024-11-17,OK,Admin,Hyderabad,Hardware,Low,Hardware Support,Closed,Laptop,38,5,EMP1674,1.583,Met
TKT15331,2024-10-11,,OK,Marketing,Bangalore,Hardware,High,Hardware Support,In Progress,Laptop,0,,EMP1012,0,Met
TKT12923,2025-04-13,2025-04-13,OK,Unknown,Hyderabad,Software,Medium,Software Support,Resolved,Laptop,20.2,,EMP1457,0.842,Met
TKT15743,2024-02-20,,OK,Legal,Mumbai,Software,Low,Software Support,In Progress,Tablet,0,,EMP1057,0,Met
TKT16117,2024-06-21,,OK,IT,Hyderabad,Software,High,Software Support,In Progress,Tablet,0,,EMP2027,0,Met
TKT11804,2025-02-12,2025-02-12,OK,Sales,Chennai,NETWORK,Medium,Network Support,Resolved,Mobile,17.4,3,EMP1715,0.725,Met
TKT15714,2025-06-15,2025-06-15,OK,IT,Delhi,network,High,Network Support,Resolved,Laptop,5.2,4,EMP1911,0.217,Met
TKT10786,2024-09-15,2024-09-15,OK,Operations,Hyderabad,Network,Low,Network Support,Closed,Desktop,20.9,4,EMP1618,0.871,Met
TKT15647,2024-01-08,2024-01-08,OK,Marketing,Hyderabad,Network,High,Network Support,Resolved,Mobile,3.6,4,EMP2130,0.15,Met
TKT13061,2024-12-15,2024-12-15,OK,Legal,Hyderabad,Email,High,Email & Messaging Team,Resolved,Desktop,5.8,4,EMP1863,0.242,Met
TKT13278,2025-06-04,,OK,Admin,Chennai,Network,Low,Network Support,In Progress,laptop,0,,EMP1538,0,Met
TKT11104,2025-05-17,2025-05-17,OK,Marketing,Pune,Hardware,Medium,Software Support,Resolved,Desktop,16.3,4,EMP1480,0.679,Met
TKT14663,2024-08-08,2024-08-11,OK,Legal,Bangalore,Hardware,Low,Hardware Support,Resolved,Server,73.7,,EMP1279,3.071,Missed
TKT13514,2024-01-29,2024-01-29,OK,Admin,Delhi,Hardware,Medium,Hardware Support,Resolved,SERVER,22.7,2,EMP1645,0.946,Met
TKT11165,2025-01-18,2025-01-18,OK,Operations,Bangalore,Software,Medium,Network Support,Resolved,Laptop,11.1,5,EMP2354,0.463,Met
TKT16165,2025-04-13,2025-04-15,OK,IT,Bangalore,network,Low,Network Support,Resolved,Laptop,56.4,5,EMP2378,2.35,Missed
TKT11612,2024-09-24,2024-09-24,OK,Sales,Hyderabad,Hardware,High,Hardware Support,Resolved,Laptop,1.9,1,EMP1642,0.079,Met
TKT16809,2024-11-07,2024-11-08,OK,Admin,Delhi,Software,Medium,Software Support,Resolved,Desktop,30,4,EMP1374,1.25,Missed
TKT14665,2024-01-06,2024-01-06,OK,Sales,Mumbai,Software,Medium,Software Support,Resolved,Tablet,23,4,EMP1452,0.958,Met
TKT12038,2025-03-26,2025-03-26,OK,Operations,Bangalore,Email,Medium,Email & Messaging Team,Resolved,Laptop,18.5,5,EMP2363,0.771,Met
TKT10826,2024-04-17,2024-04-17,OK,Operations,Pune,Access,High,Identity & Access Team,Resolved,Laptop,6.8,5,EMP1252,0.283,Met
TKT15256,2024-12-13,,OK,HR ,Bangalore,Access,Medium,Identity & Access Team,In Progress,Laptop,0,,EMP1967,0,Met
TKT10096,2024-04-29,2024-04-29,OK,Marketing,Hyderabad,Network,Critical,Network Support,Resolved,Server,2.6,1,EMP1286,0.108,Met
TKT11352,2025-04-26,2025-04-29,OK,Marketing,Bangalore,Access,Low,Identity & Access Team,Resolved,Mobile,90.1,,EMP1866,3.754,Missed
TKT14319,2025-02-07,2025-02-07,OK,Admin,Chennai,Email,Medium,Email & Messaging Team,Closed,Desktop,22.4,,EMP1073,0.933,Met
TKT11143,2024-08-07,2024-08-10,OK,Legal,Delhi,Access,low,Identity & Access Team,Closed,Desktop,87.9,3,EMP1377,3.663,Missed
TKT13245,2024-12-12,2024-12-12,OK,Marketing,Bangalore,Hardware,medium,Hardware Support,Resolved,Desktop,21.3,4,EMP1010,0.888,Met
TKT12090,2024-01-13,,OK,Finance,Bangalore,Software,Critical,Software Support,In Progress,Laptop,0,,EMP1637,0,Met
TKT15446,2025-04-05,2025-04-06,OK,Finance,Chennai,Hardware,Low,Hardware Support,Resolved,Server,36.6,3,EMP1515,1.525,Met
TKT16844,2024-03-07,2024-03-07,OK,Marketing,Mumbai,Access,Medium,Identity & Access Team,Resolved,Mobile,10.6,4,EMP1292,0.442,Met
TKT10900,2024-03-11,2024-03-12,OK,HR,Pune,Access,Medium,Identity & Access Team,Resolved,Laptop,30.4,3,EMP1560,1.267,Missed
TKT10250,2024-10-11,2024-10-12,OK,Marketing,Mumbai,Network,Medium,Network Support,Resolved,Mobile,25.4,4,EMP1755,1.058,Missed
TKT13797,2025-03-05,2025-03-05,OK,HR,Mumbai,Hardware,Medium,Hardware Support,Resolved,Desktop,20.4,5,EMP1579,0.85,Met
TKT14558,2024-10-27,2024-10-27,OK,Marketing,Delhi,Software,High,Software Support,Resolved,Laptop,0.8,5,EMP2168,0.033,Met
TKT12683,2024-10-29,2024-10-29,OK,IT,Delhi,Network,Critical,Network Support,Resolved,Mobile,4,3,EMP1833,0.167,Met
TKT16320,2025-05-14,2025-05-15,OK,HR ,Pune,Printer,Medium,Hardware Support,Resolved,Printer,33.6,2,EMP1582,1.4,Missed
TKT12232,2024-03-31,2024-03-31,OK,Finance,Delhi,network,Medium,Network Support,Resolved,Server,1.9,5,EMP2270,0.079,Met
TKT15812,2024-08-08,2024-08-08,OK,Admin,Hyderabad,Hardware,Medium,Hardware Support,Resolved,Desktop,15.7,4,EMP1165,0.654,Met
TKT13957,2024-01-10,2024-01-10,OK,Sales,Hyderabad,Network,Medium,Network Support,Resolved,Mobile,19.6,2,EMP1188,0.817,Met
TKT14985,2024-08-01,2024-08-02,OK,IT,Bangalore,Hardware,Low,Hardware Support,Closed,Laptop,38.2,3,EMP1287,1.592,Met
TKT14808,2024-10-09,2024-10-10,OK,Sales,Mumbai,Software,Medium,Software Support,Resolved,Laptop,45.7,,EMP1576,1.904,Missed
TKT10492,2024-05-04,2024-05-04,OK,Sales,Mumbai,Network,Medium,Network Support,Resolved,Server,17.3,4,EMP1562,0.721,Met
TKT13232,2024-05-18,,OK,Sales,Delhi,Software,High,Software Support,Open,Tablet,0,,EMP1905,0,Met
TKT12776,2025-06-14,2025-06-14,OK,Sales,Pune,Software,High,Software Support,Resolved,Laptop,0.7,,EMP1052,0.029,Met
TKT12973,2024-02-27,,OK,Legal,Mumbai,Software,Critical,Software Support,Open,Desktop,0,,EMP1695,0,Met
TKT14220,2025-04-29,2025-04-29,OK,Sales,Pune,Access,Medium,Identity & Access Team,Closed,Desktop,21.6,,EMP1992,0.9,Met
TKT12333,2024-12-08,2024-12-08,OK,Finance,Pune,Access,Medium,Identity & Access Team,Closed,Laptop,16.6,4,EMP2009,0.692,Met
TKT14714,2024-05-25,2024-05-25,OK,Sales,Bangalore,Software,High,Software Support,Closed,Desktop,4.6,5,EMP1235,0.192,Met
TKT11562,2024-04-01,2024-04-01,OK,Legal,Hyderabad,Printer,Medium,Hardware Support,Resolved,Printer,8.8,4,EMP1237,0.367,Met
TKT15370,2024-06-28,2024-06-28,OK,Operations,Bangalore,Email,High,Email & Messaging Team,Resolved,Mobile,5.7,3,EMP1164,0.238,Met
TKT11150,2024-05-31,2024-06-02,OK,Operations,Bangalore,Hardware,Low,Hardware Support,Resolved,Laptop,64.9,2,EMP1422,2.704,Missed
TKT13919,2024-04-18,2024-04-18,OK,Sales,Hyderabad,Network,Medium,Network Support,Resolved,Mobile,20.5,2,EMP1093,0.854,Met
TKT14658,2025-02-20,2025-02-21,OK,IT,Mumbai,Email, High,Email & Messaging Team,Closed,Mobile,29,5,EMP1704,1.208,Unknown Priority:  High
TKT11698,2024-01-07,2024-01-07,OK,Operations,Pune,Email,High,Email & Messaging Team,Resolved,Desktop,10.6,5,EMP1370,0.442,Missed
TKT14861,2024-12-04,2024-12-04,OK,Operations,Hyderabad,Access,Medium,Identity & Access Team,Resolved,Laptop,20.5,4,EMP2122,0.854,Met
TKT12155,2024-12-10,2024-12-10,OK,Admin,Pune,Hardware,Medium,Email & Messaging Team,Resolved,Desktop,15.9,5,EMP2197,0.663,Met
TKT10696,2024-11-08,2024-11-08,OK,Sales,Mumbai,Network,High,Network Support,Resolved,Mobile,6.9,5,EMP1580,0.288,Met
TKT13525,2024-10-05,,OK,Finance,Mumbai,Access,Medium,Identity & Access Team,Open,Desktop,0,,EMP2002,0,Met
TKT15363,2025-06-20,2025-06-20,OK,Finance,Chennai,Hardware,High,Hardware Support,Closed,Laptop,4.7,5,EMP2392,0.196,Met
TKT11951,2024-04-10,2024-04-10,OK,HR ,Hyderabad,Hardware,Medium,Software Support,Resolved,Server,4.5,5,EMP2191,0.188,Met
TKT15613,2024-12-04,,OK,Marketing,Bangalore,Network,Low,Network Support,Open,Mobile,0,,EMP1483,0,Met
TKT12109,2024-10-15,2024-10-15,OK,Operations,Hyderabad,Software,High,Software Support,Resolved,Tablet,7.9,,EMP1584,0.329,Met
TKT12299,2024-08-08,2024-08-13,OK,Legal,Delhi,Network,Low,Network Support,Resolved,laptop,133.9,3,EMP1527,5.579,Missed
TKT12203,2024-04-05,2024-04-06,OK,Operations,Delhi,Hardware,Medium,Hardware Support,Resolved,Laptop,24.2,5,EMP1234,1.008,Missed
TKT12020,2024-02-26,2024-02-27,OK,HR,Bangalore,Network,Medium,Network Support,Closed,mobile,27.7,,EMP1970,1.154,Missed
TKT15910,2024-02-10,2024-02-10,OK,Marketing,Mumbai,Printer,High,Hardware Support,Resolved,Printer,4.5,3,EMP1898,0.188,Met
TKT16354,2025-02-18,2025-02-18,OK,HR,Bangalore,Hardware,High,Hardware Support,Resolved,Server,8,5,EMP1855,0.333,Met
TKT10358,2025-03-03,2025-03-03,OK,Admin,Pune,Software,Medium,Software Support,Resolved,Desktop,12.3,5,EMP2380,0.513,Met
TKT15748,2024-01-13,,OK,Operations,Pune,Access,High,Identity & Access Team,Open,MOBILE,0,,EMP1435,0,Met
TKT11559,2024-12-22,2024-12-22,OK,Marketing,Hyderabad,Network,Medium,Network Support,Closed,Desktop,8.8,4,EMP2359,0.367,Met
TKT10311,2024-10-09,2024-10-09,OK,Legal,Chennai,Hardware,Medium,Hardware Support,Resolved,Desktop,18.7,4,EMP1825,0.779,Met
TKT11308,2024-07-14,2024-07-14,OK,Operations,Mumbai,Access,High,Identity & Access Team,Resolved,Mobile,3.5,3,EMP1048,0.146,Met
TKT13320,2025-03-13,2025-03-13,OK,Legal,Delhi,Email,Critical,Email & Messaging Team,Resolved,Desktop,0,5,EMP1338,0,Met
TKT10128,2025-06-23,,OK,IT,Mumbai,Access,Low,Identity & Access Team,Open,Mobile,0,,EMP1191,0,Met
TKT16217,2025-04-07,2025-04-07,OK,IT,Pune,Network,Critical,Network Support,Resolved,Server,7.2,5,EMP2290,0.3,Missed
TKT10104,2025-03-30,2025-03-31,OK,Admin,Pune,Software,Medium,Software Support,Closed,Desktop,25,,EMP1150,1.042,Missed
TKT10660,2024-05-14,,OK,Marketing,Hyderabad,Network,High,Network Support,In Progress,SERVER,0,,EMP1735,0,Met
TKT15771,2024-08-20,2024-08-24,OK,Operations,Pune,Hardware,Low,Hardware Support,Resolved,Server,96.9,5,EMP2167,4.038,Missed
TKT13687,2024-07-12,2024-07-12,OK,Operations,Bangalore,Hardware,Medium,Hardware Support,Resolved,Laptop,15,4,EMP2121,0.625,Met
TKT13566,2024-11-05,2024-11-06,OK,Marketing,Bangalore,Network,low,Network Support,Resolved,Server,46.3,5,EMP2134,1.929,Met
TKT14003,2025-01-28,2025-01-29,OK,Sales,Bangalore,Software,Medium,NA,Resolved,Laptop,25.1,3,EMP2347,1.046,Missed
TKT16256,2024-03-30,2024-03-30,OK,IT,Delhi,Printer,High,Email & Messaging Team,Resolved,Printer,10.8,,EMP1174,0.45,Missed
TKT11531,2024-03-30,2024-03-30,OK,Admin,Mumbai,Email, Medium,Email & Messaging Team,Resolved,Laptop,13.5,3,EMP1072,0.563,Unknown Priority:  Medium
TKT12713,2025-06-16,2025-06-17,OK,Admin,Pune,Hardware,Low,Hardware Support,Resolved,Desktop,24.4,4,EMP1050,1.017,Met
TKT14230,2024-10-13,2024-10-14,OK,Finance,Bangalore,Software,Low,Software Support,Resolved,Desktop,38.2,4,EMP1334,1.592,Met
TKT14140,2024-06-11,,OK,Marketing,Chennai,Network,High,Network Support,Open,DESKTOP,0,,EMP1795,0,Met
TKT13980,2024-10-13,2024-10-16,OK,Sales,Chennai,Network,Low,Network Support,Resolved,Server,89.9,4,EMP2389,3.746,Missed
TKT14010,2024-08-17,2024-08-17,OK,HR,Chennai,Access,Medium,Identity & Access Team,Resolved,Desktop,12.1,2,EMP1148,0.504,Met
TKT14317,2025-01-15,2025-01-15,OK,Sales,Mumbai,Email,Medium,Identity & Access Team,Resolved,Tablet,7.8,,EMP1047,0.325,Met
TKT12262,2024-12-03,2024-12-03,OK,Finance,Hyderabad,Network,Critical,Network Support,Resolved,Laptop,1.4,4,EMP1496,0.058,Met
TKT15102,2025-06-18,2025-06-18,OK,Marketing,Pune,Network,High,Network Support,Resolved,Laptop,3.4,4,EMP2024,0.142,Met
TKT16627,2024-07-18,2024-07-20,OK,HR,Chennai,Hardware,Medium,Hardware Support,Resolved,Desktop,69.3,4,EMP1919,2.888,Missed
TKT11741,2024-08-18,2024-08-19,OK,Sales,Bangalore,Network,medium,Network Support,Closed,Desktop,25.9,4,EMP1264,1.079,Missed
TKT13401,2025-06-25,2025-06-25,OK,Admin,Delhi,Access,Critical,Identity & Access Team,Resolved,Desktop,7.5,4,EMP2331,0.313,Missed
TKT15359,2024-09-16,2024-09-17,OK,Sales,Bangalore,network,Medium,Network Support,Resolved,Laptop,38.8,5,EMP1514,1.617,Missed
TKT15515,2025-04-04,,OK,Marketing,Bangalore,Hardware,Medium,Hardware Support,In Progress,Laptop,0,,EMP2204,0,Met
TKT14029,2024-06-22,2024-06-22,OK,IT,Pune,Network,High,Network Support,Resolved,Laptop,17.5,5,EMP1004,0.729,Missed
TKT13421,2024-02-23,,OK,Operations,Delhi,Software,Low,Software Support,Open,Laptop,0,,EMP1866,0,Met
TKT16044,2024-12-19,2024-12-19,OK,Sales,Mumbai,Hardware,Medium,Hardware Support,Closed,Desktop,22.8,3,EMP1411,0.95,Met
TKT11004,2024-11-10,2024-11-10,OK,Finance,Mumbai,Hardware,High,Hardware Support,Resolved,Server,5.6,5,EMP2164,0.233,Met
TKT11389,2024-10-07,2024-10-07,OK,Legal,Bangalore,Hardware,high,Hardware Support,Closed,Server,8,4,EMP2087,0.333,Met
TKT12496,2024-11-10,2024-11-10,OK,IT,Pune,Network,Critical,Network Support,Resolved,Desktop,2.4,4,EMP1607,0.1,Met
TKT16557,2024-11-20,2024-11-20,OK,Admin,Hyderabad,Hardware,High,Hardware Support,Resolved,Desktop,7,4,EMP1618,0.292,Met
TKT16402,2024-06-02,2024-06-02,OK,Marketing,Delhi,Software,High,Software Support,Resolved,Laptop,20.4,5,EMP1882,0.85,Missed
TKT12042,2024-05-21,2024-05-21,OK,Finance,Chennai,Access,Medium,Identity & Access Team,Resolved,Mobile,8.1,5,EMP1284,0.338,Met
TKT11184,2025-03-07,2025-03-07,OK,Operations,Hyderabad,Software,High,Software Support,Resolved,Desktop,18.9,1,EMP1806,0.788,Missed
TKT14462,2024-02-15,2024-02-18,OK,Legal,Delhi,Access,Low,Identity & Access Team,Resolved,Laptop,85.5,4,EMP1543,3.563,Missed
TKT12864,2024-02-01,2024-02-01,OK,Finance,Delhi,Software,High,Software Support,Resolved,desktop,8.9,4,EMP1831,0.371,Missed
TKT14931,2024-07-14,2024-07-14,OK,Sales,Pune,Hardware,Medium,Hardware Support,Closed,Server,5.2,3,EMP1020,0.217,Met
TKT16507,2024-10-07,2024-10-07,OK,Finance,Hyderabad,Printer,Medium,Hardware Support,Resolved,Printer,12.7,,EMP1204,0.529,Met
TKT11917,2024-01-02,,OK,HR,Delhi,Access,Medium,Identity & Access Team,In Progress,Desktop,0,,EMP1426,0,Met
TKT11495,2024-08-13,2024-08-13,OK,Sales,Chennai,Printer,Medium,Hardware Support,Closed,Printer,12.1,1,EMP2305,0.504,Met
TKT13855,2025-03-18,2025-03-20,OK,Finance,Mumbai,Email,Medium,Email & Messaging Team,Closed,Laptop,54.4,5,EMP1028,2.267,Missed
TKT11151,2024-11-18,2024-11-18,OK,Sales,Hyderabad,Network,High,Network Support,Resolved,Laptop,9.7,3,EMP1471,0.404,Missed
TKT15636,2025-06-17,,OK,Operations,Mumbai,Network,Medium,Network Support,In Progress,Server,0,,EMP1179,0,Met
TKT11285,2024-10-23,2024-10-23,OK,HR ,Pune,Email,Medium,Email & Messaging Team,Resolved,Tablet,11.8,5,EMP2008,0.492,Met
TKT11599,2024-10-17,2024-10-17,OK,Finance,Bangalore,Network,Medium,Network Support,Resolved,Desktop,10.8,,EMP2380,0.45,Met
TKT16268,2024-01-20,,OK,Sales,Delhi,Email,High,Email & Messaging Team,In Progress,tablet,0,,EMP2242,0,Met
TKT11314,2025-03-31,,OK,HR,Mumbai,NETWORK,High,Network Support,In Progress,Laptop,0,,EMP1141,0,Met
TKT16617,2025-04-20,2025-04-22,OK,Marketing,Delhi,Software,Low,Software Support,Resolved,Tablet,59.2,5,EMP1778,2.467,Missed
TKT11959,2024-12-31,2024-12-31,OK,IT,Bangalore,Hardware, Medium,Hardware Support,Resolved,Desktop,11.4,5,EMP1135,0.475,Unknown Priority:  Medium
TKT13171,2024-09-20,2024-09-20,OK,Sales,Delhi,Network,Low,Network Support,Resolved,Server,22.9,4,EMP2131,0.954,Met
TKT14579,2024-12-27,,OK,IT,Bangalore,Software,LOW,Software Support,In Progress,Desktop,0,,EMP1974,0,Met
TKT12595,2025-03-30,2025-04-01,OK,Marketing,Chennai,Hardware,Medium,Hardware Support,Resolved,Server,52.3,2,EMP1142,2.179,Missed
TKT12128,2024-02-04,2024-02-04,OK,Finance,Bangalore,Software,High,Software Support,Resolved,Tablet,8.6,3,EMP1815,0.358,Missed
TKT16820,2025-04-20,2025-04-20,OK,Sales,Chennai,Network,Medium,Network Support,Closed,Server,16.3,5,EMP1302,0.679,Met
TKT15704,2024-03-22,2024-03-22,OK,Marketing,Pune,Software,Medium,NA,Resolved,Tablet,16,4,EMP1463,0.667,Met
TKT10903,2024-05-28,2024-05-28,OK,Admin,Bangalore,Email,Medium,Email & Messaging Team,Resolved,Desktop,17.6,5,EMP1663,0.733,Met
TKT15649,2024-12-01,2024-12-01,OK,Sales,Chennai,Network,High,Network Support,Closed,Laptop,4.7,1,EMP1273,0.196,Met
TKT11779,2024-07-31,2024-07-31,OK,Operations,Pune,Email,High,Email & Messaging Team,Resolved,Desktop,10,4,EMP2343,0.417,Missed
TKT13017,2024-02-05,2024-02-06,OK,Legal,Pune,Printer,Medium,Hardware Support,Closed,Printer,33.4,4,EMP2072,1.392,Missed
TKT14928,2025-05-21,2025-05-21,OK,Finance,Bangalore,Access,High,Identity & Access Team,Resolved,Laptop,10.4,5,EMP1036,0.433,Missed
TKT11364,2025-06-17,2025-06-18,OK,HR,Hyderabad,Network,Medium,Network Support,Resolved,laptop,26.4,4,EMP1760,1.1,Missed
TKT12180,2025-02-06,2025-02-06,OK,Admin,Chennai,Email,High,Email & Messaging Team,Resolved,Tablet,12.2,5,EMP2093,0.508,Missed
TKT14016,2025-04-09,2025-04-09,OK,Marketing,Pune,Hardware,Critical,Hardware Support,Resolved,Desktop,5.6,,EMP1342,0.233,Missed
TKT16568,2024-02-02,2024-02-03,OK,Operations,Pune,Software,LOW,Software Support,Resolved,Desktop,36.7,4,EMP1967,1.529,Met
TKT10650,2024-05-10,2024-05-12,OK,Sales,Pune,Access,Medium,Identity & Access Team,Resolved,Desktop,48.5,,EMP2022,2.021,Missed
TKT14424,2025-04-29,2025-04-30,OK,Admin,Pune,Access,Medium,Identity & Access Team,Resolved,Mobile,38.5,5,EMP2254,1.604,Missed
TKT12273,2024-12-04,2024-12-04,OK,HR ,Mumbai,Network,Critical,Network Support,Resolved,Desktop,8.7,5,EMP1700,0.363,Missed
TKT13849,2024-11-29,,OK,IT,Hyderabad,NETWORK,High,Network Support,In Progress,Mobile,0,,EMP1095,0,Met
TKT16194,2024-09-09,2024-09-09,OK,HR,Hyderabad,network,Medium,Network Support,Resolved,Mobile,2.8,4,EMP1962,0.117,Met
TKT11126,2024-08-21,,OK,Marketing,Mumbai,Hardware,Medium,Hardware Support,In Progress,Server,0,,EMP1934,0,Met
TKT15725,2024-08-07,2024-08-07,OK,IT,Pune,Printer,High,Hardware Support,Resolved,Printer,7.5,5,EMP1827,0.313,Met
TKT14036,2024-01-19,2024-01-22,OK,IT,Bangalore,Hardware,Low,Software Support,Resolved,Laptop,77.7,4,EMP1873,3.238,Missed
TKT13133,2024-03-19,,OK,Finance,Mumbai,Hardware,High,Hardware Support,In Progress,Server,0,,EMP1140,0,Met
TKT10301,2024-12-05,2024-12-03,ERROR,Sales,Pune,Printer,High,Hardware Support,Resolved,Printer,13.8,,EMP1420,0.575,Missed
TKT15144,2024-08-05,,OK,Admin,Bangalore,Software,Low,Software Support,In Progress,Tablet,0,,EMP1113,0,Met
TKT14357,2025-04-24,,OK,IT,Chennai,Access, Medium,Software Support,Open,Laptop,0,,EMP1788,0,Unknown Priority:  Medium
TKT12272,2024-09-03,2024-09-05,OK,Sales,Hyderabad,Hardware,Low,Hardware Support,Resolved,Desktop,51.2,,EMP1288,2.133,Missed
TKT12305,2024-03-09,2024-03-10,OK,HR,Pune,Email,Low,Email & Messaging Team,Resolved,Desktop,28.9,,EMP1283,1.204,Met
TKT11080,2024-10-02,2024-10-04,OK,IT,Hyderabad,Email,Medium,Email & Messaging Team,Resolved,Laptop,50.8,1,EMP2182,2.117,Missed
TKT15800,2025-03-13,2025-03-13,OK,Operations,Bangalore,Hardware,Critical,Software Support,Resolved,Server,3.5,,EMP1547,0.146,Met
TKT10480,2025-06-17,2025-06-18,OK,IT,Bangalore,Access,Medium,Identity & Access Team,Closed,Mobile,30.9,5,EMP1223,1.288,Missed
TKT13360,2025-06-25,2025-06-25,OK,Legal,Bangalore,Access,Medium,Identity & Access Team,Resolved,Mobile,6.6,3,EMP1631,0.275,Met
TKT10609,2024-10-06,2024-10-06,OK,HR ,Chennai,Hardware,High,Hardware Support,Resolved,Desktop,8.8,,EMP2318,0.367,Missed
TKT11340,2024-08-30,2024-08-30,OK,Sales,Mumbai,Software,Medium,Software Support,Resolved,Tablet,23.2,4,EMP1310,0.967,Met
TKT13260,2025-06-11,2025-06-12,OK,IT,Chennai,Printer,Low,Hardware Support,Resolved,Printer,46.6,5,EMP1661,1.942,Met
TKT10867,2025-05-05,2025-05-06,OK,Legal,Pune,Network,Medium,Network Support,Resolved,Desktop,35.5,4,EMP1316,1.479,Missed
TKT10513,2024-09-06,2024-09-06,OK,Finance,Bangalore,Network,High,Network Support,Resolved,Mobile,7.3,4,EMP2122,0.304,Met
TKT12968,2025-01-31,,OK,IT,Delhi,Email,High,Email & Messaging Team,Open,Desktop,0,,EMP1265,0,Met
TKT14967,2025-03-16,2025-03-16,OK,Sales,Delhi,Software,Low,Software Support,Closed,Tablet,17.1,4,EMP2353,0.713,Met
TKT12460,2024-06-20,2024-06-20,OK,Legal,Delhi,Hardware,High,Hardware Support,Resolved,Laptop,13.6,2,EMP1678,0.567,Missed
TKT11436,2025-03-18,2025-03-18,OK,Marketing,Pune,Access,Medium,Identity & Access Team,Closed,Desktop,8.5,5,EMP1315,0.354,Met
TKT11900,2024-07-20,2024-07-21,OK,IT,Chennai,Hardware,Low,Hardware Support,Resolved,Laptop,24.1,,EMP1838,1.004,Met
TKT11401,2025-02-02,2025-02-02,OK,Sales,Delhi,Network,Low,Network Support,Resolved,Server,23.8,4,EMP1885,0.992,Met
TKT12311,2024-04-22,2024-04-22,OK,Finance,Delhi,Email,Critical,Email & Messaging Team,Resolved,Mobile,1.4,5,EMP1973,0.058,Met
TKT15158,2025-04-16,,OK,Sales,Bangalore,Software, Medium,Software Support,Open,Tablet,0,,EMP2150,0,Unknown Priority:  Medium
TKT13912,2025-01-16,2025-01-20,OK,Sales,Bangalore,Software,Low,Software Support,Resolved,Laptop,108.6,4,EMP2018,4.525,Missed
TKT13731,2024-09-26,2024-09-26,OK,IT,Bangalore,Network,Low,NA,Resolved,Laptop,17.7,5,EMP1237,0.738,Met
TKT14261,2024-07-14,2024-07-14,OK,IT,Pune,Network,High,Network Support,Resolved,laptop,3.2,5,EMP1265,0.133,Met
TKT12885,2025-04-02,2025-04-03,OK,Sales,Hyderabad,Network, Low,Network Support,Resolved,Laptop,34.7,4,EMP1419,1.446,Unknown Priority:  Low
TKT16919,2025-06-17,2025-06-18,OK,Legal,Delhi,Email,Low,Email & Messaging Team,Resolved,Desktop,29.7,5,EMP1603,1.238,Met
TKT14093,2025-01-23,2025-01-23,OK,Marketing,Hyderabad,Hardware,Critical,Hardware Support,Closed,Laptop,4.3,5,EMP1238,0.179,Missed
TKT13053,2025-04-23,2025-04-23,OK,Legal,Bangalore,Email,High,Email & Messaging Team,Resolved,Mobile,6.8,5,EMP1857,0.283,Met
TKT15230,2024-12-25,2024-12-25,OK,Operations,Chennai,Email,High,Email & Messaging Team,Resolved,Laptop,2.6,4,EMP1167,0.108,Met
TKT14898,2024-11-01,2024-11-01,OK,Sales,Pune,Email,High,Email & Messaging Team,Resolved,Laptop,5,2,EMP2159,0.208,Met
TKT13439,2024-07-21,2024-07-22,OK,Operations,Mumbai,Printer,Low,Hardware Support,Resolved,Printer,40.7,5,EMP2364,1.696,Met
TKT12178,2024-11-14,2024-11-14,OK,Sales,Bangalore,Email,High,Email & Messaging Team,Resolved,Mobile,14.2,,EMP1752,0.592,Missed
TKT11815,2025-06-07,2025-06-07,OK,Finance,Pune,Hardware,High,Network Support,Resolved,Server,10.2,5,EMP2163,0.425,Missed
TKT16590,2025-03-29,2025-03-29,OK,IT,Delhi,Software,Low,Software Support,Resolved,Laptop,9.2,4,EMP2111,0.383,Met
TKT16951,2025-06-22,2025-06-23,OK,IT,Bangalore,Software,Medium,Software Support,Resolved,Tablet,36.9,5,EMP1865,1.538,Missed
TKT10510,2024-11-13,2024-11-15,OK,Operations,Bangalore,Network,Low,Network Support,Resolved,Mobile,57.3,4,EMP2319,2.388,Missed
TKT16358,2025-02-18,2025-02-18,OK,Sales,Bangalore,Network,High,Network Support,Resolved,Desktop,6.8,4,EMP1973,0.283,Met
TKT14821,2025-06-14,2025-06-14,OK,Sales,Hyderabad,Printer,Medium,Hardware Support,Resolved,Printer,23.6,4,EMP1553,0.983,Met
TKT12504,2024-07-25,2024-07-25,OK,Admin,Delhi,Software,Medium,Software Support,Resolved,Desktop,15.4,1,EMP1323,0.642,Met
TKT11856,2024-05-07,2024-05-07,OK,Legal,Bangalore,Network,High,Network Support,Resolved,Laptop,4.3,2,EMP2085,0.179,Met
TKT14610,2024-08-03,2024-08-03,OK,Admin,Bangalore,Software,Medium,Software Support,Closed,laptop,14.9,5,EMP1174,0.621,Met
TKT10067,2024-07-31,2024-07-31,OK,IT,Bangalore,Hardware,Medium,Hardware Support,Resolved,Server,15.3,5,EMP2281,0.638,Met
TKT10761,2024-01-11,2024-01-11,OK,Finance,Delhi,Access,MEDIUM,Identity & Access Team,Resolved,Laptop,19,5,EMP1513,0.792,Met
TKT11397,2024-10-22,2024-10-23,OK,Marketing,Delhi,Hardware,Low,Hardware Support,Resolved,Laptop,40.7,,EMP1633,1.696,Met
TKT11622,2024-04-16,2024-04-16,OK,Sales,Delhi,Hardware,High,Hardware Support,Resolved,Laptop,17.2,5,EMP1161,0.717,Missed
TKT14707,2024-03-29,2024-03-30,OK,Sales,Bangalore,Email,Medium,Email & Messaging Team,Resolved,Desktop,24,4,EMP1683,1,Met
TKT10679,2024-04-14,,OK,Legal,Bangalore,Network,Critical,Identity & Access Team,Open,Laptop,0,,EMP2151,0,Met
TKT14469,2024-07-18,2024-07-18,OK,Sales,Pune,Software,High,Network Support,Resolved,Laptop,2.5,4,EMP1966,0.104,Met
TKT12159,2024-05-12,2024-05-12,OK,Sales,Mumbai,Email,Medium,Email & Messaging Team,Resolved,Laptop,12.1,4,EMP2241,0.504,Met
TKT14285,2025-01-08,2025-01-09,OK,Finance,Delhi,Printer,Medium,Hardware Support,Resolved,PRINTER,38.3,5,EMP1493,1.596,Missed
TKT12125,2025-05-09,2025-05-10,OK,HR,Mumbai,Access,Medium,Identity & Access Team,Resolved,Mobile,25.7,5,EMP1678,1.071,Missed
TKT12119,2024-07-09,2024-07-09,OK,Marketing,Bangalore,Hardware,Low,Hardware Support,Resolved,Desktop,8.5,,EMP1497,0.354,Met
TKT16895,2025-04-04,2025-04-04,OK,HR,Hyderabad,Hardware,High,Hardware Support,Resolved,Server,13.5,5,EMP1370,0.563,Missed
TKT11153,2025-01-24,2025-01-26,OK,Sales,Delhi,Access,Medium,Identity & Access Team,Resolved,desktop,56.8,2,EMP2208,2.367,Missed
TKT11716,2024-06-21,2024-06-22,OK,HR,Mumbai,Network,Medium,NA,Resolved,Mobile,26.8,5,EMP1789,1.117,Missed
TKT10243,2024-08-18,2024-08-18,OK,Legal,Bangalore,Network,Critical,Network Support,Resolved,Server,1.8,5,EMP2101,0.075,Met
TKT16240,2025-03-30,2025-03-30,OK,Marketing,Mumbai,Email,Low,Email & Messaging Team,Resolved,Laptop,20.5,4,EMP1477,0.854,Met
TKT10215,2024-03-17,2024-03-18,OK,Admin,Mumbai,Email,Medium,Email & Messaging Team,Resolved,Mobile,35.4,,EMP1574,1.475,Missed
TKT15357,2024-06-12,2024-06-12,OK,Legal,Pune,Hardware,Medium,Hardware Support,Closed,Laptop,12.6,5,EMP2255,0.525,Met
TKT10453,2024-09-17,2024-09-17,OK,Sales,Delhi,Email,High,Email & Messaging Team,Resolved,Desktop,4.2,,EMP1737,0.175,Met
TKT16158,2025-03-18,2025-03-20,OK,Legal,Pune,Software,Medium,Software Support,Resolved,Desktop,70,4,EMP2197,2.917,Missed
TKT11380,2025-06-11,2025-06-11,OK,Legal,Pune,Access,High,Identity & Access Team,Resolved,DESKTOP,11.1,3,EMP1196,0.463,Missed
TKT10424,2024-10-25,2024-10-25,OK,Marketing,Bangalore,Email,Critical,Email & Messaging Team,Resolved,Desktop,3.6,4,EMP1547,0.15,Met
TKT12149,2024-08-26,2024-08-26,OK,Operations,Chennai,network,Medium,Network Support,Resolved,Mobile,5.4,5,EMP1651,0.225,Met
TKT15429,2025-01-12,2025-01-12,OK,Operations,Chennai,Email,Medium,Email & Messaging Team,Resolved,Desktop,7.3,5,EMP1164,0.304,Met
TKT14058,2024-08-08,2024-08-08,OK,Operations,Pune,Hardware,Low,Hardware Support,Resolved,Laptop,17.6,1,EMP1947,0.733,Met
TKT15982,2024-01-23,2024-01-23,OK,Finance,Delhi,Network,High,Network Support,Resolved,Laptop,8.8,,EMP1466,0.367,Missed
TKT12677,2025-01-04,2025-01-04,OK,IT,Pune,Email,Medium,Email & Messaging Team,Resolved,Tablet,19,5,EMP1848,0.792,Met
TKT11720,2024-07-10,,OK,IT,Pune,Hardware,High,Hardware Support,Open,Desktop,0,,EMP1748,0,Met
TKT14172,2024-03-15,2024-03-16,OK,Admin,Pune,Hardware,Low,Hardware Support,Resolved,Server,32.5,1,EMP1025,1.354,Met
TKT10684,2024-02-07,2024-02-07,OK,Operations,Hyderabad,Network,High,Hardware Support,Resolved,Mobile,12.4,,EMP2352,0.517,Missed
TKT15799,2025-05-03,2025-05-07,OK,Legal,Hyderabad,Software,Low,Software Support,Resolved,Laptop,113.4,3,EMP1176,4.725,Missed
TKT16929,2024-11-12,2024-11-12,OK,Unknown,Delhi,Access,High,Software Support,Resolved,Desktop,10.4,4,EMP2130,0.433,Missed
TKT15031,2025-05-18,,OK,Sales,Delhi,Network,High,Network Support,Open,Laptop,0,,EMP1448,0,Met
TKT11506,2025-03-24,2025-03-24,OK,Admin,Mumbai,Software,High,Software Support,Resolved,Tablet,8,5,EMP1478,0.333,Met
TKT12179,2024-04-14,2024-04-14,OK,Sales,Pune,Network,Critical,Network Support,Resolved,Laptop,2.1,,EMP1312,0.088,Met
TKT11994,2024-11-02,2024-11-02,OK,Admin,Chennai,Software,High,Software Support,Closed,Desktop,0.8,3,EMP1487,0.033,Met
TKT10666,2024-03-21,2024-03-21,OK,Operations,Bangalore,Email,High,Email & Messaging Team,Resolved,Desktop,6.4,5,EMP2237,0.267,Met
TKT11446,2024-12-27,2024-12-30,OK,Operations,Bangalore,Email,Medium,Email & Messaging Team,Closed,Laptop,73.4,2,EMP1640,3.058,Missed
TKT15669,2025-04-08,2025-04-09,OK,Operations,Bangalore,Access,Medium,Identity & Access Team,Resolved,Mobile,24.4,4,EMP1022,1.017,Missed
TKT11727,2024-09-29,,OK,Finance,Chennai,Hardware,High,Hardware Support,Open,Server,0,,EMP1371,0,Met
TKT11231,2024-08-17,2024-08-18,OK,Finance,Mumbai,Software,Medium,Software Support,Resolved,Tablet,29.7,4,EMP2286,1.238,Missed
TKT13673,2024-02-11,2024-02-11,OK,IT,Mumbai,Hardware,High,Hardware Support,Closed,Server,5.7,5,EMP2388,0.238,Met
TKT12556,2024-08-07,2024-08-07,OK,Operations,Delhi,Software,Critical,Software Support,Resolved,Laptop,5.7,5,EMP1553,0.238,Missed
TKT15045,2024-01-04,2024-01-05,OK,Sales,Bangalore,Software,Medium,NA,Closed,Desktop,26.8,5,EMP1736,1.117,Missed
TKT15757,2024-02-15,2024-02-15,OK,HR,Chennai,Network,High,Network Support,Resolved,Laptop,8,5,EMP2373,0.333,Met
TKT12219,2024-03-08,2024-03-09,OK,IT,Pune,Hardware,Low,Hardware Support,Resolved,Desktop,40.6,5,EMP1547,1.692,Met
TKT10356,2025-06-08,2025-06-09,OK,Sales,Mumbai,Hardware,Low,Hardware Support,Closed,Server,33,4,EMP1612,1.375,Met
TKT11320,2024-05-20,,OK,Finance,Pune,Email,Medium,Email & Messaging Team,In Progress,Desktop,0,,EMP1247,0,Met
TKT11980,2024-05-13,2024-05-13,OK,Legal,Bangalore,Network,High,Network Support,Closed,Mobile,8.5,3,EMP1932,0.354,Missed
TKT10448,2024-03-22,2024-03-22,OK,Marketing,Pune,Network,medium,Network Support,Resolved,Desktop,20.9,2,EMP1958,0.871,Met
TKT12008,2025-05-09,2025-05-09,OK,Operations,Bangalore,Network,High,Network Support,Resolved,laptop,8.9,4,EMP2008,0.371,Missed
TKT13708,2025-06-20,2025-06-20,OK,Legal,Chennai,Software,Medium,Software Support,Resolved,Tablet,16.6,5,EMP1131,0.692,Met
TKT10815,2024-04-06,2024-04-06,OK,Finance,Delhi,Email,High,Email & Messaging Team,Resolved,Tablet,4.2,4,EMP2214,0.175,Met
TKT12685,2025-06-04,2025-06-04,OK,Marketing,Chennai,Hardware,Medium,Hardware Support,Resolved,Server,7.4,4,EMP1516,0.308,Met
TKT14153,2024-01-30,2024-01-31,OK,Finance,Delhi,Printer,Medium,Hardware Support,Resolved,PRINTER,24.9,3,EMP2000,1.038,Missed
TKT12964,2024-12-22,2024-12-22,OK,Admin,Mumbai,Hardware,Medium,Hardware Support,Resolved,Server,2.2,4,EMP2170,0.092,Met
TKT14952,2025-01-18,,OK,Finance,Bangalore,Email,Medium,NA,Open,Laptop,0,,EMP1919,0,Met
TKT10932,2024-08-30,2024-08-30,OK,Sales,Hyderabad,Hardware,High,Hardware Support,Resolved,Desktop,13.2,1,EMP2180,0.55,Missed
TKT16445,2025-01-10,2025-01-10,OK,HR,Delhi,Hardware,high,Hardware Support,Resolved,Server,13.4,5,EMP1636,0.558,Missed
TKT16673,2024-06-17,2024-06-19,OK,Marketing,Delhi,Access,Medium,Identity & Access Team,Resolved,Mobile,61.5,4,EMP1474,2.563,Missed
TKT15575,2024-12-01,2024-12-01,OK,Operations,Mumbai,Email,Medium,Email & Messaging Team,Resolved,Laptop,22.4,5,EMP1766,0.933,Met
TKT16663,2025-03-18,2025-03-18,OK,IT,Pune,Email,High,Email & Messaging Team,Resolved,Desktop,4.4,3,EMP1014,0.183,Met
TKT13991,2024-11-29,,OK,Finance,Pune,Hardware,Critical,Hardware Support,In Progress,Desktop,0,,EMP1667,0,Met
TKT12080,2025-02-22,2025-02-22,OK,Sales,Chennai,Network,Medium,Network Support,Resolved,Laptop,9.5,4,EMP1837,0.396,Met
TKT11603,2025-02-13,2025-02-14,OK,Sales,Bangalore,Network,MEDIUM,Network Support,Resolved,Desktop,28.2,3,EMP2090,1.175,Missed
TKT12170,2025-02-12,2025-02-13,OK,IT,Bangalore,Hardware,Medium,Hardware Support,Resolved,Laptop,26.9,4,EMP1162,1.121,Missed
TKT10743,2025-02-22,2025-02-23,OK,Sales,Mumbai,Network,Medium,Network Support,Resolved,Mobile,37.8,4,EMP1752,1.575,Missed
TKT15881,2024-12-12,2024-12-13,OK,Operations,Mumbai,Network,Low,Network Support,Resolved,Mobile,31.5,2,EMP1690,1.313,Met
TKT12886,2025-02-23,2025-02-23,OK,Operations,Mumbai,Access,Medium,Identity & Access Team,Resolved,Mobile,8.9,5,EMP1435,0.371,Met
TKT10810,2025-03-28,2025-03-31,OK,Marketing,Chennai,Email,Medium,Email & Messaging Team,Resolved,Desktop,75,3,EMP1988,3.125,Missed
TKT10595,2024-12-26,2024-12-26,OK,IT,Mumbai,Email,Medium,Email & Messaging Team,Resolved,Mobile,12.9,4,EMP1294,0.538,Met
TKT11510,2025-01-09,2025-01-09,OK,Legal,Pune,Access,High,Identity & Access Team,Resolved,Desktop,20.9,4,EMP1030,0.871,Missed
TKT14974,2025-02-03,2025-02-06,OK,Finance,Pune,Access,Low,Identity & Access Team,Resolved,Mobile,88.1,5,EMP2188,3.671,Missed
TKT10381,2024-12-05,2024-12-06,OK,IT,Chennai,Access,Medium,Identity & Access Team,Resolved,Desktop,26.3,4,EMP1982,1.096,Missed
TKT15209,2024-01-29,2024-01-31,OK,Finance,Mumbai,Access,Low,Identity & Access Team,Resolved,Laptop,54.4,,EMP1105,2.267,Missed
TKT11884,2024-01-02,2024-01-04,OK,Admin,Mumbai,Hardware,Low,Software Support,Resolved,Laptop,52.2,3,EMP1277,2.175,Missed
TKT13686,2024-04-27,2024-04-28,OK,HR,Hyderabad,Software,Medium,Software Support,Resolved,Desktop,27.9,,EMP1448,1.163,Missed
TKT12534,2024-08-10,2024-08-10,OK,Operations,Chennai,Hardware,Critical,Network Support,Closed,Desktop,7.1,1,EMP2140,0.296,Missed
TKT11827,2024-09-10,2024-09-10,OK,Legal,Pune,Access,Low,Identity & Access Team,Closed,Mobile,19.3,4,EMP1153,0.804,Met
TKT14925,2025-01-06,2025-01-07,OK,Sales,Hyderabad,Software,Medium,Software Support,Resolved,Laptop,29.6,5,EMP2136,1.233,Missed
TKT11220,2025-03-08,,OK,Sales,Chennai,Network,High,Network Support,In Progress,Server,0,,EMP2393,0,Met
TKT15085,2024-08-31,,OK,HR,Bangalore,Software,High,Software Support,In Progress,Laptop,0,,EMP1011,0,Met
TKT10307,2025-04-04,2025-04-04,OK,Legal,Bangalore,Network,Low,Network Support,Resolved,Desktop,10.7,,EMP1354,0.446,Met
TKT16691,2024-03-26,2024-03-26,OK,HR,Mumbai,Email,High,Email & Messaging Team,Resolved,Laptop,8.1,5,EMP1552,0.338,Missed
TKT12104,2024-01-09,2024-01-09,OK,Sales,Mumbai,Access,medium,Identity & Access Team,Resolved,Desktop,16.5,5,EMP1759,0.688,Met
TKT14603,2024-11-22,2024-11-22,OK,Operations,Mumbai,Network,Medium,Network Support,Resolved,Desktop,17.5,4,EMP1695,0.729,Met
TKT14577,2025-06-08,2025-06-09,OK,Marketing,Mumbai,Access,Medium,Identity & Access Team,Resolved,Mobile,29.1,5,EMP1140,1.213,Missed
TKT14705,2024-05-11,,OK,Marketing,Chennai,Software,Low,Email & Messaging Team,In Progress,Desktop,0,,EMP1197,0,Met
TKT15507,2024-03-15,2024-03-15,OK,Operations,Bangalore,Software,High,Software Support,Resolved,Laptop,9.1,,EMP1232,0.379,Missed
TKT11282,2025-01-03,2025-01-03,OK,Sales,Hyderabad,Network,High,Network Support,Resolved,Desktop,4.9,4,EMP1731,0.204,Met
TKT11240,2025-04-24,2025-04-24,OK,Operations,Delhi,Software,Medium,Software Support,Resolved,Laptop,18.4,,EMP1503,0.767,Met
TKT16644,2024-04-21,2024-04-24,OK,HR,Pune,Access,Low,Network Support,Resolved,Laptop,87.3,4,EMP2113,3.638,Missed
TKT16880,2024-07-23,2024-07-23,OK,Legal,Mumbai,Software,Low,Software Support,Resolved,Desktop,21.2,5,EMP1173,0.883,Met
TKT14421,2024-08-20,2024-08-20,OK,Operations,Hyderabad,Hardware,High,Identity & Access Team,Closed,Laptop,9.3,5,EMP1124,0.388,Missed
TKT14556,2024-10-27,,OK,Admin,Chennai,Email,Medium,Email & Messaging Team,In Progress,LAPTOP,0,,EMP2047,0,Met
TKT12352,2025-06-22,2025-06-22,OK,Legal,Delhi,Software,Low,Software Support,Resolved,Laptop,21.4,1,EMP2361,0.892,Met
TKT14133,2025-06-07,2025-06-07,OK,Operations,Pune,Printer,Medium,Hardware Support,Resolved,Printer,7.4,3,EMP1173,0.308,Met
TKT14955,2024-10-12,2024-10-12,OK,Operations,Hyderabad,Access,High,Identity & Access Team,Resolved,Laptop,4.8,,EMP2063,0.2,Met
TKT11796,2025-05-11,,OK,Marketing,Delhi,Email,Low,Email & Messaging Team,In Progress,Laptop,0,,EMP1596,0,Met
TKT11799,2024-09-23,2024-09-23,OK,Finance,Chennai,Network,High,Network Support,Resolved,Server,11.9,,EMP2210,0.496,Missed
TKT10454,2024-11-05,2024-11-06,OK,Sales,Mumbai,Access,Low,Identity & Access Team,Resolved,Mobile,32.6,3,EMP1013,1.358,Met
TKT11617,2024-09-25,2024-09-25,OK,Admin,Chennai,Software,Medium,Software Support,Closed,Desktop,12.6,5,EMP1331,0.525,Met
TKT16290,2025-04-19,2025-04-21,OK,HR ,Mumbai,Hardware,Low,Hardware Support,Closed,Server,49.5,,EMP2112,2.063,Missed
TKT12974,2024-07-11,2024-07-14,OK,Operations,Pune,Hardware,Medium,Hardware Support,Closed,Laptop,75.4,4,EMP1243,3.142,Missed
TKT14682,2025-05-14,2025-05-14,OK,HR,Mumbai,Access,Low,Identity & Access Team,Resolved,Mobile,21.7,2,EMP2368,0.904,Met
TKT11707,2025-03-25,2025-03-27,OK,Marketing,Hyderabad,Hardware,Medium,Hardware Support,Resolved,Laptop,50.6,5,EMP2019,2.108,Missed
TKT16248,2024-10-15,2024-10-15,OK,IT,Chennai,Network,Critical,Network Support,Resolved,Laptop,7.5,2,EMP1398,0.313,Missed
TKT14176,2024-01-18,2024-01-20,OK,Finance,Delhi,Printer,Medium,Hardware Support,Resolved,Printer,51.2,4,EMP2259,2.133,Missed
TKT10066,2025-01-24,2025-01-24,OK,IT,Hyderabad,network,Medium,Network Support,Closed,Desktop,11,,EMP1922,0.458,Met
TKT12751,2024-09-15,2024-09-17,OK,Marketing,Bangalore,Printer,Low,Network Support,Resolved,Printer,67.2,5,EMP1634,2.8,Missed
TKT15817,2024-04-25,2024-04-25,OK,Legal,Delhi,Software,Medium,NA,Resolved,Desktop,7.1,4,EMP1226,0.296,Met
TKT13620,2024-07-28,2024-07-30,OK,Admin,Delhi,Software,Low,Software Support,Resolved,Tablet,66.6,5,EMP2339,2.775,Missed
TKT15140,2024-05-19,2024-05-19,OK,Operations,Mumbai,Hardware,Medium,Hardware Support,Resolved,Laptop,15.5,5,EMP1088,0.646,Met
TKT13939,2024-07-26,2024-07-26,OK,Unknown,Mumbai,Network,Medium,Network Support,Closed,Server,8.9,4,EMP1266,0.371,Met
TKT16980,2024-03-28,2024-03-28,OK,Sales,Chennai,Email,High,Network Support,Resolved,Mobile,6.6,4,EMP1391,0.275,Met
TKT12107,2024-07-10,2024-07-12,OK,Admin,Delhi,Software,Medium,Software Support,Resolved,Laptop,67.7,4,EMP1803,2.821,Missed
TKT12043,2025-03-29,,OK,Finance,Delhi,Software,Medium,Software Support,In Progress,Tablet,0,,EMP1060,0,Met
TKT16562,2025-03-11,2025-03-11,OK,Legal,Pune,Email,High,Email & Messaging Team,Resolved,Laptop,21.9,5,EMP1589,0.913,Missed
TKT10451,2025-03-13,2025-03-13,OK,Operations,Mumbai,Network,Medium,Network Support,Closed,Mobile,19.5,3,EMP1213,0.813,Met
TKT12614,2024-04-12,2024-04-12,OK,HR,Pune,Software,High,Software Support,Resolved,Desktop,7.1,1,EMP2271,0.296,Met
TKT16960,2024-10-20,2024-10-20,OK,Admin,Delhi,Hardware,Medium,Hardware Support,Resolved,Laptop,9.9,1,EMP2072,0.413,Met
TKT10869,2024-04-25,2024-04-25,OK,HR,Mumbai,Hardware,High,Hardware Support,Resolved,Server,1.9,2,EMP2007,0.079,Met
TKT15427,2024-04-23,2024-04-25,OK,Finance,Bangalore,Access,Medium,Identity & Access Team,Resolved,Desktop,56.1,3,EMP2302,2.338,Missed
TKT10255,2024-04-07,2024-04-07,OK,HR,Mumbai,Hardware,Medium,Hardware Support,Resolved,Server,20.2,2,EMP1002,0.842,Met
TKT16414,2024-10-12,2024-10-13,OK,HR,Hyderabad,Software,Low,NA,Resolved,Desktop,32.6,,EMP1930,1.358,Met
TKT13090,2024-07-28,2024-07-30,OK,HR,Pune,Software,Low,Software Support,Resolved,desktop,62.4,,EMP1381,2.6,Missed
TKT13917,2024-01-05,2024-01-07,OK,Legal,Pune,Access,Medium,Identity & Access Team,Resolved,Mobile,65.2,5,EMP2324,2.717,Missed
TKT12498,2024-07-07,2024-07-09,OK,Sales,Chennai,Hardware,Medium,Hardware Support,Resolved,Desktop,50.3,3,EMP2223,2.096,Missed
TKT13203,2025-01-20,2025-01-20,OK,Finance,Mumbai,Hardware,Medium,Hardware Support,Resolved,Laptop,19.1,4,EMP2350,0.796,Met
TKT10100,2024-05-08,2024-05-08,OK,Legal,Pune,Hardware,Medium,Software Support,Resolved,Desktop,23,5,EMP2156,0.958,Met
TKT13422,2024-11-28,2024-11-28,OK,Admin,Mumbai,Printer,Critical,Hardware Support,Resolved,Printer,1.5,5,EMP1747,0.063,Met
TKT12054,2024-03-08,2024-03-14,OK,HR,Delhi,Network,Low,Network Support,Resolved,Laptop,160.5,3,EMP1930,6.688,Missed
TKT14310,2025-05-03,2025-05-04,OK,IT,Delhi,Software,Medium,Software Support,Resolved,Tablet,24.7,,EMP1800,1.029,Missed
TKT12085,2024-10-04,2024-10-09,OK,Operations,Chennai,Hardware,Low,Hardware Support,Resolved,Server,133.3,4,EMP2010,5.554,Missed
TKT16587,2024-10-03,2024-10-03,OK,Sales,Mumbai,Email,High,Email & Messaging Team,Resolved,Tablet,5.2,4,EMP1073,0.217,Met
TKT12402,2024-11-13,2024-11-13,OK,Finance,Chennai,Hardware,High,Hardware Support,Resolved,Laptop,3.6,2,EMP1327,0.15,Met
TKT16802,2025-02-16,2025-02-16,OK,Finance,Mumbai,Email,Medium,Email & Messaging Team,Resolved,Mobile,6.5,,EMP1787,0.271,Met
TKT15255,2024-04-11,2024-04-14,OK,IT,Delhi,Software,Low,Software Support,Resolved,Tablet,79.6,4,EMP1096,3.317,Missed
TKT12598,2024-09-21,2024-09-22,OK,IT,Pune,Hardware,Medium,Hardware Support,Resolved,Desktop,24.6,1,EMP1464,1.025,Missed
TKT11304,2024-07-29,2024-07-29,OK,Admin,Pune,Hardware,Medium,Hardware Support,Resolved,Server,23.5,4,EMP1811,0.979,Met
TKT14337,2024-07-17,2024-07-17,OK,Marketing,Mumbai,Hardware,High,Hardware Support,Resolved,Server,11.9,,EMP2079,0.496,Missed
TKT15495,2024-09-13,2024-09-13,OK,Marketing,Mumbai,Hardware,Low,Hardware Support,Resolved,Server,2.4,4,EMP1223,0.1,Met
TKT11923,2025-01-13,2025-01-13,OK,Legal,Hyderabad,Network,High,Network Support,Resolved,Server,6.3,3,EMP1530,0.263,Met
TKT12896,2025-05-23,2025-05-23,OK,Operations,Bangalore,Software,Medium,Software Support,Resolved,Tablet,12.6,3,EMP2370,0.525,Met
TKT16270,2024-12-22,2024-12-23,OK,Sales,Mumbai,NETWORK,Medium,Network Support,Resolved,Laptop,46.8,1,EMP2331,1.95,Missed
TKT16646,2024-03-26,2024-03-26,OK,Operations,Delhi,Hardware,High,Hardware Support,Resolved,Laptop,6.5,3,EMP1354,0.271,Met
TKT15004,2025-04-19,2025-04-19,OK,HR,Mumbai,Email,Critical,Email & Messaging Team,Resolved,Desktop,2.3,,EMP1124,0.096,Met
TKT16463,2024-05-11,2024-05-15,OK,Admin,Chennai,Printer,Low,Hardware Support,Resolved,Printer,101.7,4,EMP1499,4.238,Missed
TKT15067,2024-04-07,2024-04-08,OK,Operations,Delhi,Software,Medium,Software Support,Resolved,Laptop,25.7,,EMP1784,1.071,Missed
TKT13357,2024-03-01,2024-03-01,OK,IT,Bangalore,network,Medium,Network Support,Closed,Desktop,12.7,,EMP2264,0.529,Met
TKT13296,2024-08-10,2024-08-10,OK,Admin,Pune,Hardware,Medium,Hardware Support,Resolved,Server,18.6,2,EMP2181,0.775,Met
TKT15586,2025-02-11,2025-02-11,OK,Finance,Hyderabad,Access,Medium,Identity & Access Team,Closed,Laptop,12.2,3,EMP1380,0.508,Met
TKT10394,2024-12-16,2024-12-16,OK,Marketing,Chennai,Email,High,Email & Messaging Team,Resolved,Mobile,2.7,2,EMP1928,0.113,Met
TKT16017,2024-11-02,2024-11-02,OK,HR,Chennai,Printer,Medium,Hardware Support,Resolved,PRINTER,22.7,4,EMP1635,0.946,Met
TKT14497,2025-06-10,2025-06-10,OK,Admin,Mumbai,NETWORK,Medium,Network Support,Closed,Laptop,20.5,3,EMP1174,0.854,Met
TKT10706,2024-01-20,2024-01-20,OK,IT,Mumbai,Software,Critical,Software Support,Resolved,Tablet,3.2,4,EMP1551,0.133,Met
TKT16369,2025-06-27,2025-06-30,OK,Legal,Bangalore,Hardware,Low,Hardware Support,Resolved,Desktop,73.2,4,EMP2066,3.05,Missed
TKT13644,2025-06-15,2025-06-16,OK,Sales,Bangalore,Hardware,Medium,Hardware Support,Resolved,Server,39.2,4,EMP1960,1.633,Missed
TKT14696,2025-04-06,2025-04-07,OK,IT,Chennai,Network,Medium,Network Support,Closed,Server,46.1,3,EMP2000,1.921,Missed
TKT11537,2024-11-10,2024-11-10,OK,Operations,Bangalore,Hardware,High,Hardware Support,Resolved,Laptop,15.1,4,EMP1762,0.629,Missed
TKT12665,2025-01-31,2025-01-31,OK,IT,Bangalore,Software,Low,Software Support,Resolved,Desktop,21.7,4,EMP1312,0.904,Met
TKT10616,2024-01-29,2024-01-30,OK,Finance,Mumbai,Access,Medium,Identity & Access Team,Resolved,Desktop,31.8,5,EMP2209,1.325,Missed
TKT14466,2024-10-25,2024-10-25,OK,IT,Pune,Software,High,Software Support,Resolved,Tablet,6.4,3,EMP1285,0.267,Met
TKT10680,2025-03-28,2025-04-01,OK,Finance,Pune,Access,Low,Identity & Access Team,Closed,Laptop,100.9,5,EMP2036,4.204,Missed
TKT14878,2024-03-26,2024-03-26,OK,Operations,Mumbai,Software,high,Software Support,Resolved,Tablet,8.4,3,EMP1617,0.35,Missed
TKT16675,2024-10-21,2024-10-23,OK,IT,Mumbai,Access,Low,Identity & Access Team,Resolved,LAPTOP,60,5,EMP1886,2.5,Missed
TKT13096,2024-06-07,2024-06-09,OK,Sales,Mumbai,Printer,LOW,Hardware Support,Resolved,Printer,65.2,2,EMP1089,2.717,Missed
TKT12248,2025-02-20,2025-02-20,OK,Admin,Pune,network,Medium,Network Support,Resolved,Desktop,20.7,4,EMP2122,0.863,Met
TKT15426,2024-08-22,,OK,Sales,Bangalore,Printer,Medium,Hardware Support,In Progress,Printer,0,,EMP1709,0,Met
TKT15880,2024-02-05,2024-02-05,OK,Marketing,Hyderabad,Printer,Medium,Hardware Support,Resolved,Printer,23.8,4,EMP1952,0.992,Met
TKT15213,2025-06-15,2025-06-15,OK,IT,Bangalore,Access,Medium,Identity & Access Team,Resolved,Mobile,16.1,,EMP1904,0.671,Met
TKT15741,2024-08-15,2024-08-15,OK,Operations,Chennai,Software,Low,Software Support,Resolved,Laptop,11,4,EMP2154,0.458,Met
TKT14564,2025-06-05,2025-06-05,OK,Admin,Mumbai,Access,High,Identity & Access Team,Resolved,Desktop,20.4,5,EMP1602,0.85,Missed
TKT12704,2025-02-18,2025-02-20,OK,Legal,Delhi,Access,Medium,Identity & Access Team,Closed,Mobile,65.2,5,EMP1979,2.717,Missed
TKT12952,2024-05-18,2024-05-18,OK,Marketing,Pune,Network,Medium,Network Support,Resolved,Server,20.9,5,EMP1086,0.871,Met
TKT12003,2024-04-15,2024-04-16,OK,Legal,Mumbai,Hardware,Medium,Hardware Support,Resolved,Desktop,41.6,5,EMP1290,1.733,Missed
TKT11402,2024-08-20,,OK,Operations,Pune,Network,Medium,Network Support,Open,Laptop,0,,EMP2345,0,Met
TKT16606,2025-02-07,2025-02-07,OK,IT,Pune,Software,High,Software Support,Resolved,Laptop,8.1,5,EMP2374,0.338,Missed
TKT14419,2024-06-07,2024-06-12,OK,Sales,Hyderabad,Software,Medium,Software Support,Resolved,Laptop,139.6,5,EMP2264,5.817,Missed
TKT12452,2024-04-08,2024-04-09,OK,IT,Bangalore,Email,Low,Email & Messaging Team,Resolved,Mobile,29.3,1,EMP1963,1.221,Met
TKT10226,2024-09-05,,OK,HR,Mumbai,Printer,Low,Hardware Support,Open,Printer,0,,EMP1667,0,Met
TKT10535,2024-09-04,2024-09-04,OK,Legal,Mumbai,Hardware,HIGH,Hardware Support,Resolved,Desktop,12.8,3,EMP2376,0.533,Missed
TKT12832,2024-06-15,,OK,Sales,Delhi,NETWORK,Medium,Network Support,Open,LAPTOP,0,,EMP1580,0,Met
TKT13249,2025-01-21,2025-01-21,OK,Marketing,Pune,Software,High,Software Support,Closed,Tablet,19.9,1,EMP1919,0.829,Missed
TKT14710,2024-09-09,2024-09-09,OK,Operations,Bangalore,Printer,Low,Hardware Support,Resolved,Printer,6.7,4,EMP2007,0.279,Met
TKT11642,2024-08-05,2024-08-06,OK,Sales,Chennai,Printer,Medium,Email & Messaging Team,Closed,Printer,31,1,EMP1343,1.292,Missed
TKT12133,2024-10-16,2024-10-17,OK,Marketing,Chennai,Printer,Low,Hardware Support,Closed,Printer,40,4,EMP2174,1.667,Met
TKT12809,2024-01-05,2024-01-08,OK,IT,Mumbai,Software,Low,Software Support,Resolved,Laptop,72.4,,EMP1236,3.017,Missed
TKT11074,2024-06-23,2024-06-24,OK,Sales,Bangalore,Hardware,Medium,Hardware Support,Resolved,Server,40.6,,EMP1075,1.692,Missed
TKT11413,2024-01-18,,OK,Legal,Mumbai,Hardware,High,Hardware Support,In Progress,Server,0,,EMP1963,0,Met
TKT15724,2024-11-03,2024-11-03,OK,Operations,Hyderabad,Software,Critical,Software Support,Resolved,Tablet,1.4,,EMP1354,0.058,Met
TKT12866,2024-05-24,,OK,Sales,Bangalore,Network,Medium,Network Support,In Progress,Server,0,,EMP1765,0,Met
TKT15574,2024-04-20,2024-04-21,OK,IT,Mumbai,Network,Medium,Network Support,Resolved,Laptop,25.5,4,EMP1719,1.063,Missed
TKT16858,2024-03-13,,OK,Unknown,Chennai,Printer,Low,Hardware Support,In Progress,Printer,0,,EMP1843,0,Met
TKT13065,2024-07-10,,OK,Marketing,Chennai,Hardware,Medium,Hardware Support,In Progress,Desktop,0,,EMP1251,0,Met
TKT15074,2024-09-16,2024-09-16,OK,Admin,Delhi,Software,Medium,Software Support,Resolved,Tablet,11.1,4,EMP1212,0.463,Met
TKT11504,2025-06-09,2025-06-09,OK,Legal,Mumbai,Software,Low,Software Support,Closed,Tablet,9.2,,EMP1348,0.383,Met
TKT16302,2024-06-08,2024-06-09,OK,Finance,Hyderabad,Access,Medium,Identity & Access Team,Resolved,Mobile,26,5,EMP1779,1.083,Missed
TKT13961,2025-01-19,2025-01-19,OK,Sales,Delhi,Network,Medium,Network Support,Closed,Mobile,0.5,5,EMP1684,0.021,Met
TKT16518,2025-06-19,2025-06-19,OK,HR,Chennai,Hardware,High,Hardware Support,Resolved,Desktop,5.8,3,EMP1043,0.242,Met
TKT10214,2024-04-07,,OK,Finance,Pune,Software, Medium,Software Support,Open,Tablet,0,,EMP2081,0,Unknown Priority:  Medium
TKT11032,2024-02-09,2024-02-10,OK,Sales,Delhi,NETWORK,Medium,Network Support,Closed,Desktop,29.1,4,EMP1856,1.213,Missed
TKT14899,2024-01-05,2024-01-05,OK,Sales,Bangalore,Network,Low,Network Support,Resolved,Laptop,4,5,EMP2060,0.167,Met
TKT13435,2024-12-03,2024-12-03,OK,Legal,Bangalore,Access,Medium,Identity & Access Team,Closed,Mobile,12.6,4,EMP2035,0.525,Met
TKT12146,2024-01-08,2024-01-12,OK,IT,Bangalore,Network,Low,Network Support,Resolved,Mobile,112.2,4,EMP1107,4.675,Missed
TKT11517,2025-06-28,2025-06-29,OK,Sales,Pune,Software,Medium,Software Support,Resolved,Desktop,0,3,EMP2008,0,Met
TKT14656,2024-11-15,,OK,Legal,Pune,Hardware,Medium,NA,Open,Desktop,0,,EMP2249,0,Met
TKT11638,2025-03-11,2025-03-11,OK,Sales,Hyderabad,Software,High,Software Support,Closed,Desktop,3.2,5,EMP2200,0.133,Met
TKT15979,2025-03-22,2025-03-22,OK,Sales,Bangalore,Network,Critical,Network Support,Resolved,Mobile,0.5,3,EMP1952,0.021,Met
TKT12045,2024-06-12,2024-06-13,OK,Marketing,Delhi,Software,Medium,Software Support,Closed,Tablet,39.2,3,EMP2004,1.633,Missed
TKT15655,2024-11-18,2024-11-18,OK,Sales,Chennai,Access,High,Identity & Access Team,Resolved,Mobile,15.5,3,EMP1553,0.646,Missed
TKT14793,2024-01-22,,OK,Sales,Mumbai,Email,Low,Email & Messaging Team,Open,Laptop,0,,EMP2047,0,Met
TKT12655,2024-09-18,2024-09-18,OK,Operations,Bangalore,Printer,MEDIUM,Hardware Support,Resolved,Printer,21.4,,EMP1709,0.892,Met
TKT13495,2025-05-26,2025-05-26,OK,Admin,Delhi,Hardware,Medium,Hardware Support,Closed,Desktop,22,4,EMP1576,0.917,Met
TKT16555,2024-03-29,2024-03-29,OK,Finance,Hyderabad,Software,Medium,Software Support,Resolved,Tablet,6.1,4,EMP1889,0.254,Met
TKT14333,2024-12-16,2024-12-16,OK,IT,Delhi,NETWORK,High,Network Support,Resolved,desktop,3.4,3,EMP1321,0.142,Met
TKT11528,2024-02-08,2024-02-08,OK,Marketing,Pune,NETWORK,Low,Network Support,Resolved,Desktop,3.5,3,EMP1176,0.146,Met
TKT15035,2024-03-18,2024-03-18,OK,Admin,Mumbai,Hardware,Medium,Hardware Support,Resolved,Desktop,5.1,5,EMP2060,0.213,Met
TKT11715,2024-07-20,2024-07-20,OK,Marketing,Delhi,Access,High,Identity & Access Team,Resolved,Desktop,2.6,3,EMP1627,0.108,Met
TKT16255,2025-06-29,2025-06-29,OK,Operations,Delhi,Network,Medium,Network Support,Resolved,Mobile,7.8,,EMP2023,0.325,Met
TKT11708,2025-03-03,2025-03-03,OK,Operations,Pune,Hardware,High,Hardware Support,Resolved,Laptop,11,,EMP1687,0.458,Missed
TKT16079,2025-02-03,,OK,Sales,Chennai,Email,Low,Email & Messaging Team,In Progress,Laptop,0,,EMP1211,0,Met
TKT10407,2024-01-16,2024-01-16,OK,HR ,Hyderabad,Access,Medium,Identity & Access Team,Resolved,Mobile,9.5,,EMP1140,0.396,Met
TKT15925,2024-11-12,2024-11-12,OK,Finance,Hyderabad,Software,High,Software Support,Closed,Tablet,12.8,5,EMP2290,0.533,Missed
TKT14276,2024-11-06,2024-11-06,OK,Operations,Pune,Software,Medium,Software Support,Resolved,Laptop,0.5,4,EMP2030,0.021,Met
TKT10579,2024-05-09,,OK,Legal,Delhi,Access,High,Identity & Access Team,Open,Laptop,0,,EMP1902,0,Met
TKT15229,2025-01-23,2025-01-23,OK,Legal,Bangalore,Email,Medium,Email & Messaging Team,Resolved,Tablet,23,,EMP2254,0.958,Met
TKT15854,2025-01-30,2025-02-01,OK,Marketing,Delhi,Hardware,Low,Hardware Support,Resolved,LAPTOP,54.5,4,EMP1079,2.271,Missed
TKT14915,2024-11-01,2024-11-01,OK,Admin,Bangalore,Network,Medium,Hardware Support,Closed,Laptop,19.4,4,EMP2046,0.808,Met
TKT16319,2024-02-11,2024-02-11,OK,Operations,Pune,Network,High,Network Support,Closed,Server,5.6,,EMP1685,0.233,Met
TKT10368,2024-11-24,2024-11-25,OK,Operations,Bangalore,Email, Medium,Email & Messaging Team,Resolved,Laptop,31.6,,EMP1781,1.317,Unknown Priority:  Medium
TKT15911,2024-11-02,2024-11-02,OK,Operations,Chennai,Network,Medium,Network Support,Resolved,Desktop,7.2,5,EMP1547,0.3,Met
TKT12993,2024-08-03,,OK,Sales,Hyderabad,Software,Medium,Software Support,Open,Laptop,0,,EMP1439,0,Met
TKT10537,2024-05-04,,OK,HR ,Mumbai,Network,Critical,Network Support,Open,Desktop,0,,EMP1245,0,Met
TKT10148,2024-06-12,2024-06-12,OK,IT,Hyderabad,Printer,Critical,Hardware Support,Resolved,Printer,5.3,4,EMP1063,0.221,Missed
TKT14743,2024-11-22,2024-11-23,OK,Legal,Hyderabad,Access,LOW,Identity & Access Team,Resolved,Desktop,31,4,EMP1188,1.292,Met
TKT13543,2025-05-22,2025-05-24,OK,HR,Bangalore,Access,Medium,Identity & Access Team,Closed,Laptop,58.6,4,EMP1941,2.442,Missed
TKT14840,2024-12-09,2024-12-09,OK,Operations,Chennai,Network,High,Network Support,Closed,Desktop,6.5,5,EMP1590,0.271,Met
TKT12001,2024-07-27,2024-07-30,OK,IT,Mumbai,Network,Low,Network Support,Resolved,Server,72.8,5,EMP1917,3.033,Missed
TKT12427,2024-02-07,2024-02-07,OK,HR,Hyderabad,Access,High,Identity & Access Team,Resolved,Mobile,0.7,4,EMP1092,0.029,Met
TKT10651,2025-03-22,2025-03-22,OK,Legal,Delhi,Email,High,Email & Messaging Team,Resolved,Mobile,7.7,5,EMP1337,0.321,Met
TKT15745,2025-05-27,2025-05-27,OK,Operations,Delhi,Hardware,Medium,Hardware Support,Resolved,Server,14.8,3,EMP1086,0.617,Met
TKT10194,2025-04-19,,OK,Finance,Hyderabad,Software,High,Software Support,Open,Laptop,0,,EMP2379,0,Met
TKT11944,2025-05-29,2025-05-29,OK,Legal,Bangalore,Hardware,High,Hardware Support,Resolved,Desktop,21.9,4,EMP1366,0.913,Missed
TKT10939,2025-05-16,2025-05-16,OK,Admin,Mumbai,Software,High,Software Support,Resolved,Tablet,12.7,5,EMP1574,0.529,Missed
TKT10167,2024-05-01,2024-05-01,OK,Marketing,Mumbai,Hardware,Medium,Hardware Support,Resolved,Server,18.3,,EMP1263,0.763,Met
TKT10543,2025-02-17,2025-02-18,OK,Operations,Hyderabad,Software,Medium,Software Support,Resolved,Desktop,46.4,1,EMP1143,1.933,Missed
TKT13588,2025-05-13,2025-05-14,OK,Operations,Bangalore,Software,Medium,Software Support,Resolved,Desktop,40.8,4,EMP1526,1.7,Missed
TKT14745,2025-04-19,2025-04-20,OK,Admin,Pune,Software,Medium,Software Support,Resolved,Laptop,47.2,4,EMP1251,1.967,Missed
TKT13804,2025-03-21,2025-03-24,OK,IT,Bangalore,Email,Medium,Email & Messaging Team,Resolved,Tablet,73.6,5,EMP1937,3.067,Missed
TKT15001,2025-04-21,2025-04-21,OK,Sales,Chennai,network,High,Network Support,Resolved,Desktop,5.8,,EMP1721,0.242,Met
TKT10628,2024-09-21,2024-09-22,OK,Sales,Hyderabad,Hardware,Low,Hardware Support,Resolved,Desktop,25.1,3,EMP1568,1.046,Met
TKT12592,2024-12-23,2024-12-23,OK,Admin,Pune,Network,Critical,Network Support,Resolved,Mobile,4.5,4,EMP1853,0.188,Missed
TKT14536,2025-05-07,2025-05-10,OK,Marketing,Bangalore,Network,Low,Network Support,Resolved,Laptop,92.8,5,EMP1463,3.867,Missed
TKT11102,2025-02-16,2025-02-16,OK,Sales,Bangalore,Access,High,Identity & Access Team,Resolved,Mobile,14.9,4,EMP1066,0.621,Missed
TKT14400,2025-06-11,,OK,Finance,Delhi,Network,High,Network Support,Open,Laptop,0,,EMP2386,0,Met
TKT10586,2024-11-11,2024-11-12,OK,Sales,Pune,Email,Medium,Email & Messaging Team,Resolved,Mobile,24.8,,EMP1912,1.033,Missed
TKT12766,2024-02-22,2024-02-22,OK,Unknown,Pune,Hardware,Medium,Hardware Support,Resolved,Desktop,11.6,,EMP1258,0.483,Met
TKT15377,2025-02-10,2025-02-10,OK,Finance,Bangalore,Software,High,Software Support,Closed,Laptop,8.8,5,EMP1228,0.367,Missed
TKT10372,2025-02-21,,OK,Finance,Pune,Network,high,Network Support,In Progress,Desktop,0,,EMP1794,0,Met
TKT15657,2024-02-21,2024-02-23,OK,Finance,Chennai,Access,Low,Identity & Access Team,Resolved,Mobile,57.4,,EMP2162,2.392,Missed
TKT16116,2024-09-10,2024-09-10,OK,Legal,Bangalore,Email,Critical,NA,Resolved,Desktop,2.2,4,EMP1133,0.092,Met
TKT13618,2024-01-17,2024-01-17,OK,Marketing,Pune,Software,High,Software Support,Resolved,DESKTOP,1.6,3,EMP1126,0.067,Met
TKT11553,2024-04-25,,OK,Finance,Pune,Hardware,Low,Hardware Support,In Progress,Server,0,,EMP1438,0,Met
TKT16110,2024-09-25,2024-09-25,OK,Finance,Mumbai,Access,High,Identity & Access Team,Resolved,Mobile,18.7,,EMP2171,0.779,Missed
TKT15850,2024-11-28,2024-11-28,OK,Finance,Mumbai,Software,High,Software Support,Resolved,Tablet,13.5,,EMP1395,0.563,Missed
TKT11272,2024-08-30,2024-08-31,OK,Admin,Hyderabad,Access,Medium,Identity & Access Team,Resolved,Mobile,41.2,4,EMP1510,1.717,Missed
TKT15261,2025-04-22,2025-04-22,OK,Sales,Hyderabad,Network,Medium,Network Support,Resolved,Laptop,10,5,EMP1278,0.417,Met
TKT12345,2024-07-03,2024-07-03,OK,HR,Delhi,Printer,High,Software Support,Resolved,Printer,11.6,4,EMP2279,0.483,Missed
TKT14386,2024-11-30,,OK,Sales,Hyderabad,Network,Medium,Network Support,In Progress,Laptop,0,,EMP2397,0,Met
TKT13175,2025-03-05,2025-03-09,OK,IT,Bangalore,Software,Low,NA,Resolved,Laptop,104,5,EMP1997,4.333,Missed
TKT15993,2024-01-30,2024-01-30,OK,Operations,Bangalore,Email,Medium,Email & Messaging Team,Closed,Tablet,4.9,1,EMP1516,0.204,Met
TKT12661,2024-10-24,,OK,HR,Chennai,Network,Medium,Network Support,Open,Server,0,,EMP1690,0,Met
TKT12211,2024-05-25,2024-05-25,OK,IT,Pune,Hardware,Medium,Hardware Support,Resolved,laptop,22.3,5,EMP1039,0.929,Met
TKT13186,2024-05-10,2024-05-10,OK,Admin,Bangalore,Hardware,Critical,Hardware Support,Resolved,Laptop,3.9,5,EMP2390,0.163,Met
TKT12768,2025-02-24,2025-02-24,OK,Marketing,Bangalore,Email,High,NA,Resolved,Laptop,0.7,3,EMP1072,0.029,Met
TKT10904,2024-11-20,2024-11-20,OK,Operations,Chennai,Access,Critical,Identity & Access Team,Resolved,Laptop,2.3,5,EMP1232,0.096,Met
TKT14422,2024-11-10,2024-11-10,OK,IT,Pune,Network,High,Network Support,Resolved,Server,3.6,3,EMP1378,0.15,Met
TKT11635,2025-06-01,2025-06-01,OK,Legal,Chennai,Access,Medium,Identity & Access Team,Resolved,Desktop,18.1,2,EMP1586,0.754,Met
TKT10556,2025-06-03,,OK,Sales,Bangalore,Network,Low,Email & Messaging Team,In Progress,Server,0,,EMP1449,0,Met
TKT13603,2024-11-25,2024-11-25,OK,IT,Bangalore,Hardware,Medium,Hardware Support,Resolved,Laptop,23.8,4,EMP2000,0.992,Met
TKT16246,2025-02-26,2025-02-26,OK,Marketing,Mumbai,Hardware,Critical,Hardware Support,Resolved,Desktop,1.7,5,EMP1854,0.071,Met
TKT16751,2024-01-18,2024-01-18,OK,Operations,Delhi,Network,Medium,Network Support,Resolved,Desktop,22,4,EMP1631,0.917,Met
TKT13527,2024-12-10,,OK,Admin,Bangalore,Network,High,Network Support,Open,Mobile,0,,EMP2177,0,Met
TKT12479,2025-05-13,2025-05-13,OK,Operations,Bangalore,Hardware,High,Hardware Support,Resolved,Server,8.5,5,EMP2369,0.354,Missed
TKT16285,2025-06-21,2025-06-21,OK,Finance,Mumbai,Hardware,Medium,Hardware Support,Resolved,Desktop,12.6,4,EMP1788,0.525,Met
TKT16322,2024-05-20,2024-05-21,OK,Marketing,Hyderabad,Network,Low,Network Support,Closed,Laptop,24.7,5,EMP1729,1.029,Met
TKT11650,2024-10-02,2024-10-02,OK,Admin,Hyderabad,Network,Medium,Network Support,Resolved,Mobile,10.9,4,EMP2266,0.454,Met
TKT13416,2024-02-14,2024-02-14,OK,Sales,Delhi,Access,High,Identity & Access Team,Resolved,Desktop,7.6,3,EMP2261,0.317,Met
TKT10284,2024-08-07,2024-08-07,OK,Admin,Bangalore,Access,Medium,Identity & Access Team,Resolved,Desktop,13.8,4,EMP1383,0.575,Met
TKT14102,2025-03-05,2025-03-05,OK,Operations,Chennai,Software,High,Software Support,Resolved,Desktop,8.7,4,EMP1713,0.363,Missed
TKT11445,2024-03-24,2024-03-26,OK,Operations,Delhi,Access,Low,Identity & Access Team,Resolved,Laptop,48.8,4,EMP1169,2.033,Missed
TKT16772,2024-10-29,2024-10-29,OK,Operations,Delhi,Email,High,Email & Messaging Team,Resolved,LAPTOP,9.2,3,EMP1297,0.383,Missed
TKT12017,2024-03-09,2024-03-10,OK,IT,Chennai,Hardware,Low,Network Support,Resolved,Desktop,37.3,4,EMP1977,1.554,Met
TKT13403,2025-05-25,,OK,Operations,Pune,Software,Low,Software Support,In Progress,Tablet,0,,EMP1937,0,Met
TKT15490,2024-02-25,2024-02-25,OK,Operations,Delhi,network,Medium,Email & Messaging Team,Resolved,Mobile,18.6,5,EMP1470,0.775,Met
TKT10676,2025-05-20,,OK,Finance,Bangalore,network,High,Network Support,Open,Mobile,0,,EMP1621,0,Met
TKT16238,2024-08-23,2024-08-23,OK,Sales,Delhi,Network,Medium,Network Support,Closed,Server,19.9,4,EMP2047,0.829,Met
TKT13348,2024-01-27,2024-01-27,OK,Sales,Bangalore,Software,Medium,Software Support,Resolved,Laptop,8.5,4,EMP1241,0.354,Met
TKT15390,2025-03-06,,OK,IT,Hyderabad,Hardware,Medium,Hardware Support,In Progress,Desktop,0,,EMP1178,0,Met
TKT12849,2024-03-30,2024-03-30,OK,Finance,Hyderabad,Hardware,High,Hardware Support,Resolved,Laptop,12.1,4,EMP1233,0.504,Missed
TKT11378,2024-11-13,2024-11-14,OK,Sales,Delhi,Email,Medium,Email & Messaging Team,Resolved,Laptop,29.7,5,EMP1676,1.238,Missed
TKT11350,2025-04-08,,OK,Operations,Pune,Software,Medium,Software Support,In Progress,TABLET,0,,EMP1305,0,Met
TKT14593,2024-03-25,2024-03-25,OK,IT,Mumbai,Network,Medium,Network Support,Resolved,Laptop,10.2,,EMP1974,0.425,Met
TKT10843,2025-02-13,2025-02-14,OK,Admin,Pune,Software,Medium,Software Support,Resolved,Laptop,45.9,5,EMP2027,1.913,Missed
TKT11969,2025-04-24,2025-04-24,OK,HR,Chennai,Software,Medium,Network Support,Closed,Desktop,10.9,2,EMP1289,0.454,Met
TKT10071,2024-01-27,2024-01-27,OK,Sales,Bangalore,Network,Critical,Network Support,Resolved,Server,2.4,5,EMP1187,0.1,Met
TKT14563,2025-01-10,2025-01-10,OK,Finance,Delhi,Email,Low,Email & Messaging Team,Resolved,Mobile,17.2,5,EMP2064,0.717,Met
TKT11664,2024-12-25,2024-12-25,OK,Admin,Bangalore,Printer,Medium,Hardware Support,Resolved,Printer,21.4,5,EMP2151,0.892,Met
TKT10047,2025-04-22,2025-04-22,OK,Finance,Pune,Software,High,Software Support,Resolved,Desktop,0,5,EMP1851,0,Met
TKT11164,2024-09-13,2024-09-13,OK,Admin,Mumbai,Network,High,Network Support,Resolved,Laptop,4.7,4,EMP1378,0.196,Met
TKT14494,2024-09-24,2024-09-28,OK,Marketing,Hyderabad,Printer,Low,Hardware Support,Closed,Printer,113.4,5,EMP1913,4.725,Missed
TKT12874,2024-10-03,2024-10-03,OK,Finance,Bangalore,Software,MEDIUM,Software Support,Resolved,Desktop,16.9,,EMP1776,0.704,Met
TKT15764,2024-10-08,2024-10-08,OK,Finance,Hyderabad,Software,High,Software Support,Closed,Desktop,8.1,3,EMP2220,0.338,Missed
TKT12932,2024-07-21,,OK,Operations,Mumbai,Hardware,Medium,Hardware Support,In Progress,Server,0,,EMP2360,0,Met
TKT10785,2024-04-04,2024-04-01,ERROR,Sales,Delhi,Network,Medium,Hardware Support,Resolved,Laptop,24.7,4,EMP2319,1.029,Missed
TKT15660,2025-05-29,2025-05-29,OK,Marketing,Hyderabad,Software,High,Software Support,Resolved,Desktop,6.5,4,EMP1126,0.271,Met
TKT14798,2024-04-21,2024-04-21,OK,Marketing,Pune,Software,Medium,Software Support,Resolved,Desktop,18.6,,EMP1448,0.775,Met
TKT10423,2024-12-11,,OK,Sales,Delhi,Email,Medium,Email & Messaging Team,In Progress,Desktop,0,,EMP1863,0,Met
TKT15272,2024-02-10,2024-02-12,OK,Operations,Mumbai,Software, Low,Software Support,Resolved,Desktop,55.6,5,EMP2066,2.317,Unknown Priority:  Low
TKT10925,2024-04-15,,OK,Sales,Mumbai,Network,High,Network Support,Open,Server,0,,EMP2195,0,Met
TKT10926,2025-03-09,,OK,Operations,Bangalore,Network,High,Network Support,In Progress,mobile,0,,EMP2221,0,Met
TKT11695,2025-04-06,2025-04-07,OK,Admin,Mumbai,Access,Low,Identity & Access Team,Resolved,Desktop,34.6,,EMP1662,1.442,Met
TKT10817,2024-07-31,2024-07-31,OK,Operations,Bangalore,Software,Medium,Software Support,Resolved,Tablet,10,,EMP2348,0.417,Met
TKT14614,2025-04-06,,OK,HR,Delhi,Printer,Low,Hardware Support,In Progress,Printer,0,,EMP2308,0,Met
TKT10865,2024-04-22,2024-04-23,OK,Finance,Bangalore,Access,Low,Identity & Access Team,Resolved,Desktop,39.7,4,EMP1027,1.654,Met
TKT13605,2025-05-10,2025-05-10,OK,IT,Hyderabad,Software, Medium,Software Support,Resolved,Laptop,12.5,,EMP2379,0.521,Unknown Priority:  Medium
TKT16947,2024-01-17,2024-01-17,OK,Finance,Hyderabad,Email,Medium,Email & Messaging Team,Resolved,Mobile,10.6,1,EMP1458,0.442,Met
TKT12121,2024-05-16,2024-05-16,OK,IT,Bangalore,Network,Low,Network Support,Resolved,Mobile,23.5,5,EMP1430,0.979,Met
TKT13067,2025-03-03,2025-03-05,OK,Operations,Mumbai,Network,Low,Network Support,Resolved,Laptop,57.9,2,EMP1104,2.413,Missed
TKT15694,2024-09-27,2024-09-27,OK,HR,Hyderabad,Network,High,Network Support,Resolved,Desktop,8.3,3,EMP2178,0.346,Missed
TKT15196,2024-08-29,2024-08-30,OK,Finance,Chennai,Software,Medium,Software Support,Resolved,Laptop,44,4,EMP1237,1.833,Missed
TKT12084,2025-04-15,2025-04-15,OK,Marketing,Chennai,Software,Critical,Software Support,Resolved,Desktop,1.3,5,EMP1082,0.054,Met
TKT12407,2024-11-24,2024-11-24,OK,Sales,Mumbai,Hardware,Medium,Hardware Support,Resolved,Server,1.7,4,EMP1213,0.071,Met
TKT11459,2024-01-24,2024-01-24,OK,Sales,Mumbai,Software,High,Software Support,Resolved,Desktop,6.7,4,EMP2369,0.279,Met
TKT11717,2024-12-17,,OK,Finance,Mumbai,network,High,Network Support,In Progress,DESKTOP,0,,EMP2340,0,Met
TKT13968,2024-06-30,2024-07-03,OK,HR,Delhi,Software,Medium,Identity & Access Team,Resolved,Tablet,80.7,,EMP1915,3.363,Missed
TKT13928,2025-05-07,,OK,Sales,Bangalore,Network,Medium,Network Support,In Progress,Server,0,,EMP1307,0,Met
TKT11379,2025-05-17,2025-05-19,OK,Finance,Pune,Network,Low,Network Support,Closed,Mobile,66.5,3,EMP1220,2.771,Missed
TKT16395,2024-04-14,2024-04-14,OK,Unknown,Mumbai,Network,Medium,Network Support,Resolved,Desktop,9.7,4,EMP1827,0.404,Met
TKT10989,2024-08-18,2024-08-18,OK,Finance,Bangalore,Printer,High,Hardware Support,Resolved,Printer,23.3,4,EMP2331,0.971,Missed
TKT15214,2024-08-15,2024-08-15,OK,Admin,Delhi,Email,High,Email & Messaging Team,Resolved,Desktop,10.2,5,EMP2027,0.425,Missed
TKT14025,2025-01-05,,OK,Sales,Mumbai,Software,High,Software Support,Open,Tablet,0,,EMP1984,0,Met
TKT12078,2025-02-14,2025-02-14,OK,Admin,Hyderabad,Hardware,Low,Hardware Support,Resolved,Desktop,16.5,,EMP1256,0.688,Met
TKT10269,2025-06-05,2025-06-05,OK,HR,Pune,Access,Low,Identity & Access Team,Resolved,Laptop,18.1,5,EMP1005,0.754,Met
TKT15829,2025-02-05,,OK,Sales,Delhi,Hardware,Medium,Hardware Support,In Progress,Desktop,0,,EMP1782,0,Met
TKT11484,2025-04-29,,OK,Sales,Bangalore,Printer,Critical,Hardware Support,Open,Printer,0,,EMP1317,0,Met
TKT16614,2025-03-17,,OK,Marketing,Pune,Access,Critical,Identity & Access Team,Open,Mobile,0,,EMP2028,0,Met
TKT10189,2025-06-01,2025-06-01,OK,Finance,Bangalore,Access,Critical,Identity & Access Team,Closed,laptop,4.7,3,EMP1414,0.196,Missed
TKT10285,2024-03-30,2024-03-29,ERROR,HR,Bangalore,Access,Medium,Identity & Access Team,Resolved,Mobile,31.3,4,EMP1572,1.304,Missed
TKT16470,2025-02-06,2025-02-07,OK,Admin,Delhi,Software,Medium,Software Support,Resolved,Laptop,24.6,4,EMP1392,1.025,Missed
TKT14440,2025-03-24,2025-03-24,OK,Legal,Pune,Hardware,High,Hardware Support,Resolved,Server,2.4,5,EMP2223,0.1,Met
TKT13606,2024-10-31,2024-11-02,OK,IT,Hyderabad,Access,Low,Identity & Access Team,Resolved,Mobile,68.5,1,EMP2057,2.854,Missed
TKT14104,2024-05-15,2024-05-16,OK,Admin,Bangalore,Email,Medium,Email & Messaging Team,Closed,Desktop,28.6,,EMP1555,1.192,Missed
TKT10760,2024-09-15,2024-09-15,OK,Finance,Mumbai,Access,Medium,Identity & Access Team,Resolved,Desktop,7,4,EMP1424,0.292,Met
TKT12062,2025-04-04,2025-04-04,OK,Marketing,Mumbai,Email,Medium,Email & Messaging Team,Resolved,Tablet,11.2,5,EMP1001,0.467,Met
TKT13949,2024-08-01,,OK,Marketing,Pune,Email,Low,Email & Messaging Team,Open,Tablet,0,,EMP1349,0,Met
TKT16457,2024-01-15,2024-01-15,OK,Operations,Chennai,Software,Medium,Software Support,Resolved,Desktop,19.4,,EMP2371,0.808,Met
TKT15193,2025-05-04,2025-05-04,OK,HR,Bangalore,Network,Critical,Network Support,Resolved,Desktop,3.4,1,EMP1017,0.142,Met
TKT10055,2024-11-04,2024-11-04,OK,Sales,Hyderabad,network,Medium,Network Support,Resolved,Desktop,21.4,5,EMP2229,0.892,Met
TKT16080,2024-12-23,,OK,Admin,Mumbai,Access,Critical,Identity & Access Team,In Progress,Laptop,0,,EMP1479,0,Met
TKT16118,2024-03-27,2024-03-27,OK,HR,Bangalore,Software,High,Software Support,Closed,Desktop,8.2,5,EMP2317,0.342,Missed
TKT16558,2024-09-19,2024-09-20,OK,Operations,Chennai,Access,Low,Identity & Access Team,Resolved,Laptop,39.5,5,EMP2318,1.646,Met
TKT15148,2024-08-23,2024-08-24,OK,Legal,Mumbai,Software,Medium,Software Support,Closed,Tablet,39.3,,EMP2174,1.638,Missed
TKT12279,2024-05-09,2024-05-10,OK,HR,Mumbai,Software,Medium,Software Support,Resolved,Desktop,25.9,5,EMP1726,1.079,Missed
TKT12555,2024-09-02,2024-09-02,OK,Marketing,Bangalore,Access,Medium,Identity & Access Team,Resolved,Desktop,10.2,,EMP1753,0.425,Met
TKT13125,2025-04-25,2025-04-25,OK,Operations,Hyderabad,Software,High,Software Support,Resolved,Desktop,18.9,3,EMP1254,0.788,Missed
TKT16422,2025-06-03,2025-06-03,OK,Admin,Bangalore,Access, High,Identity & Access Team,Closed,Laptop,8.4,5,EMP1538,0.35,Unknown Priority:  High
TKT15744,2024-08-15,2024-08-15,OK,IT,Bangalore,Printer,Medium,Hardware Support,Resolved,Printer,15.7,5,EMP2304,0.654,Met
TKT14978,2025-03-11,2025-03-11,OK,Operations,Bangalore,Software,High,Software Support,Resolved,Desktop,13.6,5,EMP1595,0.567,Missed
TKT11780,2024-01-29,2024-01-29,OK,Operations,Delhi,Hardware,Medium,Hardware Support,Resolved,Server,9.2,5,EMP1066,0.383,Met
TKT11611,2024-09-11,2024-09-13,OK,Marketing,Hyderabad,Software,Low,Software Support,Resolved,Tablet,66.8,4,EMP2191,2.783,Missed
TKT12012,2024-06-21,2024-06-21,OK,Sales,Pune,Access,High,NA,Resolved,Mobile,19.4,3,EMP1742,0.808,Missed
TKT10376,2024-05-24,2024-05-25,OK,Operations,Hyderabad,Access,Medium,NA,Resolved,Laptop,29.4,4,EMP1252,1.225,Missed
TKT14040,2024-07-09,2024-07-09,OK,IT,Hyderabad,Network,Medium,Network Support,Resolved,LAPTOP,19,5,EMP1382,0.792,Met
TKT11583,2024-02-21,2024-02-20,ERROR,Sales,Bangalore,Hardware,High,Hardware Support,Closed,Laptop,1.5,5,EMP1915,0.063,Met
TKT12245,2025-03-22,2025-03-24,OK,IT,Pune,Software,Medium,Software Support,Resolved,Tablet,67.5,4,EMP1975,2.813,Missed
TKT15898,2024-02-12,2024-02-12,OK,Admin,Delhi,Network,Medium,Network Support,Resolved,Mobile,19,5,EMP2161,0.792,Met
TKT16385,2024-10-09,2024-10-12,OK,Marketing,Pune,Email,Low,Email & Messaging Team,Resolved,Desktop,74.8,5,EMP1764,3.117,Missed
TKT15433,2024-11-02,2024-11-02,OK,Finance,Pune,Access,Critical,Identity & Access Team,Resolved,Laptop,9.1,4,EMP1025,0.379,Missed
TKT11663,2024-03-15,,OK,Operations,Pune,Access,Medium,Identity & Access Team,Open,Laptop,0,,EMP1797,0,Met
TKT15906,2025-03-05,2025-03-06,OK,Sales,Chennai,Email,Medium,Email & Messaging Team,Resolved,Tablet,25.9,4,EMP1648,1.079,Missed
TKT14161,2025-01-08,2025-01-09,OK,IT,Delhi,Access,Medium,Identity & Access Team,Resolved,Desktop,26.9,5,EMP1921,1.121,Missed
TKT15307,2024-02-24,2024-02-24,OK,Admin,Mumbai,Hardware,High,Hardware Support,Resolved,Laptop,11.6,5,EMP2189,0.483,Missed
TKT15190,2025-06-19,2025-06-19,OK,Operations,Pune,Hardware,Critical,Hardware Support,Resolved,laptop,1.3,5,EMP1415,0.054,Met
TKT13672,2024-02-08,2024-02-08,OK,Marketing,Pune,Software,Critical,Software Support,Resolved,Tablet,1.1,4,EMP2332,0.046,Met
TKT13168,2024-07-14,2024-07-14,OK,Marketing,Bangalore,Network,High,Network Support,Resolved,Desktop,9.6,5,EMP1652,0.4,Missed
TKT10848,2025-03-12,2025-03-12,OK,Finance,Pune,Email,Medium,Email & Messaging Team,Resolved,desktop,23.1,4,EMP1981,0.963,Met
TKT13340,2024-10-24,2024-10-24,OK,Marketing,Pune,Network,High,Network Support,Resolved,Mobile,1.7,5,EMP1339,0.071,Met
TKT10846,2024-04-15,2024-04-15,OK,Finance,Mumbai,Access,Medium,NA,Closed,Desktop,22.3,3,EMP2028,0.929,Met
TKT15583,2025-01-25,,OK,Operations,Pune,network,Critical,Network Support,In Progress,Laptop,0,,EMP1483,0,Met
TKT14779,2024-08-12,,OK,Sales,Chennai,Email,Medium,Network Support,In Progress,Mobile,0,,EMP2198,0,Met
TKT14649,2024-06-09,2024-06-09,OK,HR,Mumbai,Email,Medium,Email & Messaging Team,Resolved,Mobile,18.2,,EMP1564,0.758,Met
TKT14235,2024-02-27,2024-03-01,OK,Finance,Hyderabad,Access,Low,Identity & Access Team,Resolved,Mobile,77.8,2,EMP2105,3.242,Missed
TKT15558,2025-01-25,2025-01-29,OK,Sales,Pune,Access,Low,Identity & Access Team,Resolved,Mobile,115.9,,EMP1196,4.829,Missed
TKT10484,2024-05-06,2024-05-06,OK,Legal,Chennai,Email,High,Email & Messaging Team,Closed,Desktop,8.9,4,EMP1186,0.371,Missed
TKT10236,2025-03-18,2025-03-19,OK,IT,Bangalore,Software,Medium,Software Support,Resolved,Laptop,24,4,EMP1810,1,Met
TKT13624,2024-04-17,2024-04-21,OK,Admin,Hyderabad,network,Medium,Network Support,Closed,Desktop,103.4,,EMP1434,4.308,Missed
TKT13705,2025-05-21,,OK,Finance,Pune,Email,Medium,Email & Messaging Team,In Progress,Mobile,0,,EMP2130,0,Met
TKT13453,2025-01-19,2025-01-19,OK,Sales,Hyderabad,Network,Medium,Network Support,Resolved,Server,21.4,1,EMP1740,0.892,Met
TKT15868,2025-06-26,2025-06-27,OK,Sales,Pune,network,Medium,Network Support,Resolved,Desktop,45.5,3,EMP2297,1.896,Missed
TKT12433,2025-04-26,,OK,IT,Pune,Hardware,Medium,Hardware Support,In Progress,Laptop,0,,EMP2224,0,Met
TKT11125,2024-02-27,,OK,Admin,Bangalore,Hardware,Low,Hardware Support,In Progress,Server,0,,EMP1914,0,Met
TKT12639,2024-12-21,2024-12-21,OK,Finance,Bangalore,Software,Medium,Software Support,Resolved,Laptop,7.4,2,EMP1091,0.308,Met
TKT14791,2024-01-07,2024-01-07,OK,Sales,Pune,Network, Medium,Network Support,Resolved,Server,6.7,4,EMP2196,0.279,Unknown Priority:  Medium
TKT15041,2024-10-30,2024-11-01,OK,Operations,Delhi,Software,Medium,Software Support,Resolved,DESKTOP,66.3,4,EMP2103,2.763,Missed
TKT11357,2025-06-16,2025-06-16,OK,Operations,Delhi,Hardware,Medium,Hardware Support,Resolved,Server,13.8,4,EMP1724,0.575,Met
TKT12224,2024-10-20,2024-10-20,OK,Operations,Mumbai,network,Medium,Network Support,Resolved,Server,5.6,4,EMP1841,0.233,Met
TKT15727,2025-04-12,2025-04-12,OK,Legal,Chennai,Printer,Critical,Hardware Support,Resolved,Printer,0.7,4,EMP1214,0.029,Met
TKT16407,2024-08-05,2024-08-06,OK,Finance,Mumbai,Email,High,Email & Messaging Team,Resolved,Mobile,25.7,5,EMP1565,1.071,Missed
TKT12484,2024-04-02,2024-04-02,OK,Sales,Pune,Software,Medium,Software Support,Resolved,Tablet,22.5,5,EMP1518,0.938,Met
TKT10823,2024-07-16,,OK,Operations,Hyderabad,Network,High,Network Support,Open,Server,0,,EMP1762,0,Met
TKT10557,2025-04-30,2025-04-30,OK,Sales,Delhi,Network,Critical,Network Support,Resolved,Desktop,2.4,5,EMP2018,0.1,Met
TKT11283,2024-04-01,2024-04-01,OK,Operations,Bangalore,Software,Medium,Software Support,Resolved,Desktop,10.3,2,EMP1424,0.429,Met
TKT13723,2024-01-08,2024-01-08,OK,Legal,Mumbai,Network,High,Network Support,Resolved,Desktop,11.9,5,EMP1130,0.496,Missed
TKT14471,2025-01-08,2025-01-08,OK,Marketing,Mumbai,NETWORK,Critical,Network Support,Resolved,DESKTOP,11.1,5,EMP1027,0.463,Missed
TKT10824,2025-03-20,,OK,Marketing,Delhi,Software,High,Software Support,Open,Desktop,0,,EMP1776,0,Met
TKT16818,2024-11-24,2024-11-25,OK,Marketing,Hyderabad,Network,Medium,Network Support,Closed,Server,25.6,4,EMP2139,1.067,Missed
TKT12851,2024-06-03,2024-06-03,OK,Sales,Mumbai,Network,High,Network Support,Closed,Laptop,8.5,4,EMP1053,0.354,Missed
TKT15819,2024-10-06,2024-10-06,OK,Admin,Hyderabad,Network,Medium,Network Support,Resolved,Laptop,11.1,5,EMP1741,0.463,Met
TKT14179,2024-04-03,2024-03-31,ERROR,Admin,Mumbai,Access,Low,Identity & Access Team,Closed,Mobile,118.7,5,EMP1805,4.946,Missed
TKT13262,2024-02-02,,OK,Finance,Mumbai,Software,Low,Software Support,In Progress,Laptop,0,,EMP1104,0,Met
TKT15182,2025-04-02,2025-04-03,OK,IT,Bangalore,Access,Low,Identity & Access Team,Resolved,Desktop,37.5,1,EMP2070,1.563,Met
TKT14534,2024-03-13,2024-03-13,OK,IT,Pune,Network,Medium,Network Support,Resolved,Desktop,8.7,4,EMP1972,0.363,Met
TKT14640,2025-03-02,2025-03-03,OK,Marketing,Bangalore,Software,Medium,Software Support,Resolved,Tablet,32.1,4,EMP2169,1.338,Missed
TKT16971,2025-02-13,2025-02-13,OK,Admin,Delhi,Software,High,Software Support,Resolved,Desktop,12.5,3,EMP2372,0.521,Missed
TKT16227,2024-05-18,2024-05-18,OK,Admin,Pune,Network,Medium,Network Support,Resolved,Mobile,23.7,3,EMP1936,0.988,Met
TKT15205,2025-06-12,2025-06-12,OK,HR,Pune,Hardware,High,Hardware Support,Closed,Desktop,3,5,EMP1438,0.125,Met
TKT15665,2025-05-19,2025-05-20,OK,Admin,Pune,Software,Medium,Software Support,Closed,Desktop,28.5,,EMP1920,1.188,Missed
TKT11845,2025-01-21,,OK,Admin,Bangalore,Printer,Low,Hardware Support,In Progress,Printer,0,,EMP1290,0,Met
TKT15492,2024-11-04,,OK,HR ,Hyderabad,Access,Medium,Identity & Access Team,In Progress,Mobile,0,,EMP1252,0,Met
TKT11252,2024-09-24,,OK,Sales,Bangalore,Printer,Medium,Hardware Support,Open,Printer,0,,EMP2131,0,Met
TKT10211,2024-07-02,2024-07-02,OK,Finance,Delhi,Software,High,Software Support,Resolved,TABLET,9.9,,EMP1219,0.413,Missed
TKT11532,2024-05-14,2024-05-14,OK,Sales,Bangalore,Printer,Medium,Hardware Support,Resolved,Printer,9.4,4,EMP1978,0.392,Met
TKT11616,2025-01-20,2025-01-20,OK,Marketing,Chennai,Hardware,Low,Hardware Support,Resolved,Laptop,20.6,3,EMP1768,0.858,Met
TKT13776,2024-08-26,2024-08-27,OK,Sales,Chennai,Network,Low,Network Support,Closed,Desktop,42.6,5,EMP1185,1.775,Met
TKT14252,2025-02-02,2025-02-02,OK,Marketing,Bangalore,Network,High,Network Support,Resolved,Mobile,9.3,1,EMP2187,0.388,Missed
TKT10140,2024-02-14,,OK,Finance,Bangalore,Software,Low,Software Support,In Progress,desktop,0,,EMP2301,0,Met
TKT14283,2024-10-29,2024-10-30,OK,HR,Bangalore,Hardware,Medium,Hardware Support,Resolved,Desktop,26.3,2,EMP1451,1.096,Missed
TKT14065,2025-02-15,2025-02-19,OK,Operations,Mumbai,Network,Medium,Network Support,Resolved,Desktop,101.4,5,EMP1378,4.225,Missed
TKT12417,2025-05-09,2025-05-09,OK,HR,Hyderabad,Access,Medium,Software Support,Resolved,Mobile,9.9,4,EMP1118,0.413,Met
TKT12499,2024-04-15,2024-04-15,OK,Admin,Chennai,Software,High,Software Support,Resolved,Desktop,11.1,2,EMP1046,0.463,Missed
TKT12326,2024-05-11,2024-05-11,OK,Sales,Delhi,Access,HIGH,Identity & Access Team,Resolved,Desktop,1.8,5,EMP1984,0.075,Met
TKT13371,2025-05-06,,OK,Sales,Chennai,Network,Low,Network Support,In Progress,Desktop,0,,EMP2164,0,Met
TKT16777,2025-02-26,2025-02-26,OK,IT,Bangalore,Access,Critical,Identity & Access Team,Resolved,Laptop,2.6,,EMP2002,0.108,Met
TKT11054,2025-04-30,2025-05-01,OK,HR,Mumbai,Access,Low,Identity & Access Team,Resolved,Laptop,34.6,3,EMP1020,1.442,Met
TKT13655,2024-12-06,2024-12-08,OK,Admin,Mumbai,network,Medium,NA,Resolved,Mobile,60.3,2,EMP2272,2.513,Missed
TKT12620,2024-08-31,2024-08-31,OK,Operations,Chennai,Software,High,Software Support,Resolved,Tablet,2.6,5,EMP1143,0.108,Met
TKT16638,2024-01-31,2024-01-31,OK,Finance,Chennai,Access,Medium,Identity & Access Team,Resolved,Laptop,19,5,EMP1728,0.792,Met
TKT14232,2024-09-27,2024-09-27,OK,Finance,Delhi,Software,Medium,Software Support,Resolved,Laptop,9.9,1,EMP2117,0.413,Met
TKT14968,2024-12-24,2024-12-27,OK,Finance,Delhi,Software,Medium,Software Support,Resolved,Laptop,81.7,4,EMP2160,3.404,Missed
TKT15835,2024-11-02,,OK,HR,Pune,Hardware,High,Hardware Support,Open,Desktop,0,,EMP2089,0,Met
TKT12015,2024-09-08,2024-09-08,OK,Marketing,Mumbai,Network,Critical,Network Support,Closed,Desktop,0.4,4,EMP1560,0.017,Met
TKT14811,2024-07-20,2024-07-18,ERROR,Marketing,Delhi,Network,Medium,Network Support,Resolved,Desktop,10.2,5,EMP1707,0.425,Met
TKT15253,2024-11-30,2024-11-30,OK,Finance,Bangalore,Software,Medium,Software Support,Resolved,Laptop,14.3,1,EMP1139,0.596,Met
TKT15855,2025-04-17,2025-04-18,OK,Operations,Chennai,Software,Medium,Network Support,Resolved,Desktop,29.6,5,EMP1752,1.233,Missed
TKT16106,2024-10-06,2024-10-06,OK,Admin,Pune,Email,Medium,Email & Messaging Team,Resolved,Desktop,18.6,2,EMP1628,0.775,Met
TKT16112,2025-05-19,,OK,Operations,Bangalore,Hardware,High,Hardware Support,In Progress,Laptop,0,,EMP1217,0,Met
TKT16737,2025-01-02,2025-01-02,OK,HR,Chennai,Software,High,Software Support,Resolved,Desktop,3.5,5,EMP1726,0.146,Met
TKT10594,2024-07-06,2024-07-09,OK,Admin,Pune,Hardware,Medium,Hardware Support,Closed,Laptop,90.2,3,EMP1193,3.758,Missed
TKT12883,2024-12-29,2024-12-29,OK,IT,Delhi,Hardware,Medium,Hardware Support,Resolved,Laptop,12.2,5,EMP1522,0.508,Met
TKT10880,2024-12-11,2024-12-11,OK,Sales,Delhi,Hardware,High,Hardware Support,Resolved,Desktop,5.6,5,EMP1909,0.233,Met
TKT13636,2024-03-17,2024-03-17,OK,HR,Chennai,Printer,Medium,Hardware Support,Resolved,Printer,14.4,3,EMP1706,0.6,Met
TKT11033,2025-05-11,,OK,Marketing,Mumbai,Hardware,Medium,Network Support,In Progress,Laptop,0,,EMP2003,0,Met
TKT10345,2025-01-29,2025-01-29,OK,Sales,Delhi,Network,Medium,Network Support,Resolved,Server,7.9,4,EMP1304,0.329,Met
TKT10842,2024-07-22,2024-07-22,OK,HR,Pune,Network,Medium,Network Support,Resolved,Laptop,10.6,,EMP1981,0.442,Met
TKT16279,2024-02-15,2024-02-15,OK,Sales,Hyderabad,Network,Critical,Network Support,Resolved,Mobile,1.1,5,EMP1314,0.046,Met
TKT12474,2024-10-24,2024-10-24,OK,Legal,Delhi,Email,Medium,Email & Messaging Team,Resolved,Desktop,10.7,4,EMP1539,0.446,Met
TKT15181,2024-09-25,2024-09-25,OK,Sales,Bangalore,Network,Low,Network Support,Resolved,Laptop,20.1,2,EMP2040,0.838,Met
TKT14148,2025-02-13,2025-02-14,OK,Unknown,Pune,Software,Low,NA,Resolved,Laptop,31,,EMP2198,1.292,Met
TKT13253,2024-09-21,,OK,Marketing,Chennai,Network,MEDIUM,Network Support,In Progress,Desktop,0,,EMP1505,0,Met
TKT11864,2025-06-18,2025-06-18,OK,Legal,Delhi,Hardware,HIGH,Hardware Support,Resolved,Server,4.1,,EMP1594,0.171,Met
TKT16093,2024-06-26,2024-06-27,OK,HR,Delhi,Hardware,Medium,Hardware Support,Resolved,Laptop,33.8,4,EMP1549,1.408,Missed
TKT14021,2024-07-30,2024-07-30,OK,Admin,Pune,Access,Low,Identity & Access Team,Resolved,Desktop,13,5,EMP1742,0.542,Met
TKT13394,2025-02-10,2025-02-13,OK,HR,Mumbai,Access,Low,NA,Resolved,Laptop,83.9,5,EMP2016,3.496,Missed
TKT15070,2024-04-25,2024-04-26,OK,Operations,Hyderabad,Network,Low,Network Support,Closed,Desktop,40.1,5,EMP2049,1.671,Met
TKT13720,2024-08-02,2024-08-02,OK,Marketing,Pune,Network,Medium,Network Support,Resolved,Laptop,22.6,5,EMP1484,0.942,Met
TKT16994,2025-05-03,2025-04-30,ERROR,Finance,Pune,Software,Medium,Software Support,Closed,DESKTOP,36,5,EMP2156,1.5,Missed
TKT13179,2025-05-30,,OK,Operations,Pune,Hardware,Low,Hardware Support,In Progress,Laptop,0,,EMP1824,0,Met
TKT14615,2025-02-01,2025-02-01,OK,Operations,Pune,Access,High,Identity & Access Team,Resolved,Mobile,5.3,,EMP1464,0.221,Met
TKT16738,2024-08-31,2024-09-02,OK,Sales,Delhi,Hardware,Low,Hardware Support,Closed,Desktop,62.2,4,EMP1648,2.592,Missed
TKT14976,2024-07-13,,OK,Sales,Mumbai,Network,High,Network Support,In Progress,Laptop,0,,EMP1954,0,Met
TKT15747,2025-03-27,2025-03-28,OK,Legal,Bangalore,Software,Medium,Software Support,Resolved,Desktop,31.4,,EMP1523,1.308,Missed
TKT13448,2024-08-01,2024-07-30,ERROR,Legal,Delhi,Access,Medium,Identity & Access Team,Resolved,Mobile,2.7,5,EMP2155,0.113,Met
TKT15049,2024-03-26,2024-03-27,OK,Finance,Delhi,Access,Medium,Identity & Access Team,Resolved,Laptop,28.3,3,EMP1708,1.179,Missed
TKT13208,2024-12-28,2024-12-28,OK,Finance,Mumbai,Hardware,Medium,Hardware Support,Closed,Server,20.2,4,EMP1780,0.842,Met
TKT13099,2024-11-17,2024-11-17,OK,Finance,Pune,Hardware,Medium,Hardware Support,Resolved,Laptop,12.9,5,EMP1230,0.538,Met
TKT11810,2025-05-26,2025-05-26,OK,Operations,Chennai,Access,Medium,Identity & Access Team,Resolved,Mobile,6.6,1,EMP1822,0.275,Met
TKT14039,2025-03-14,2025-03-14,OK,Sales,Pune,Network,Critical,Network Support,Resolved,Mobile,6.6,4,EMP1026,0.275,Missed
TKT12910,2025-02-21,2025-02-22,OK,Marketing,Hyderabad,Network,MEDIUM,Network Support,Resolved,Desktop,36.8,,EMP2229,1.533,Missed
TKT13356,2024-09-14,2024-09-14,OK,Legal,Bangalore,Email,High,Email & Messaging Team,Resolved,Desktop,14,,EMP1716,0.583,Missed
TKT11190,2025-01-05,2025-01-06,OK,Marketing,Delhi,Network,Low,Network Support,Closed,Server,42.4,,EMP1326,1.767,Met
TKT12235,2024-10-07,,OK,IT,Bangalore,Access,Low,Identity & Access Team,Open,Laptop,0,,EMP2092,0,Met
TKT15150,2024-12-26,2024-12-26,OK,Operations,Delhi,Hardware,Medium,Hardware Support,Resolved,Desktop,8.6,,EMP2220,0.358,Met
TKT14170,2025-03-31,2025-04-01,OK,Sales,Mumbai,Email,Medium,Email & Messaging Team,Resolved,Laptop,41.5,4,EMP1219,1.729,Missed
TKT15094,2024-10-23,2024-10-23,OK,Legal,Mumbai,Hardware,Critical,Email & Messaging Team,Closed,Server,7.1,2,EMP2183,0.296,Missed
TKT15353,2024-08-09,2024-08-09,OK,IT,Mumbai,Network,Medium,Network Support,Resolved,Server,5.7,4,EMP1452,0.238,Met
TKT11359,2024-07-22,2024-07-23,OK,Legal,Pune,Email,Medium,Email & Messaging Team,Resolved,Laptop,31.3,5,EMP1032,1.304,Missed
TKT11490,2024-11-17,2024-11-17,OK,Marketing,Chennai,Network,Low,Network Support,Closed,Desktop,13.9,5,EMP2170,0.579,Met
TKT13639,2025-06-29,2025-06-29,OK,Finance,Mumbai,Software,Medium,Identity & Access Team,Resolved,desktop,18.4,4,EMP1649,0.767,Met
TKT11565,2024-04-02,2024-04-02,OK,Unknown,Delhi,Hardware,MEDIUM,Hardware Support,Resolved,Desktop,23.4,4,EMP1582,0.975,Met
TKT13859,2025-01-07,,OK,HR,Hyderabad,Software,High,Software Support,Open,Desktop,0,,EMP2274,0,Met
TKT16412,2024-09-15,,OK,Sales,Mumbai,Access,High,Identity & Access Team,In Progress,Desktop,0,,EMP1157,0,Met
TKT13531,2025-06-02,2025-06-02,OK,Sales,Pune,Access,Low,Identity & Access Team,Resolved,Laptop,23.9,4,EMP1947,0.996,Met
TKT14385,2024-03-03,2024-03-03,OK,Operations,Mumbai,Hardware,High,Software Support,Resolved,Desktop,2.2,,EMP2286,0.092,Met
TKT16499,2024-10-16,2024-10-16,OK,Marketing,Mumbai,Printer,Medium,Hardware Support,Resolved,Printer,20.8,,EMP2196,0.867,Met
TKT15117,2025-03-09,2025-03-09,OK,Finance,Bangalore,Access,High,Identity & Access Team,Resolved,Mobile,22,5,EMP1263,0.917,Missed
TKT12519,2025-06-10,,OK,Operations,Pune,Network,High,Network Support,In Progress,Mobile,0,,EMP1702,0,Met
TKT16124,2025-01-24,2025-01-24,OK,Admin,Pune,network,High,Identity & Access Team,Resolved,Laptop,5.4,3,EMP2148,0.225,Met
TKT10126,2025-01-30,2025-01-30,OK,Operations,Delhi,NETWORK,medium,Network Support,Resolved,Server,16.7,5,EMP1581,0.696,Met
TKT10365,2024-11-04,2024-11-04,OK,Legal,Pune,Software,Low,Software Support,Resolved,Desktop,7.8,4,EMP2004,0.325,Met
TKT10118,2024-04-18,2024-04-20,OK,IT,Chennai,Software,Low,Software Support,Resolved,Laptop,51.5,4,EMP1498,2.146,Missed
TKT16351,2025-03-15,2025-03-19,OK,Admin,Mumbai,Network,Low,Network Support,Resolved,Desktop,104.3,4,EMP2173,4.346,Missed
TKT15082,2024-09-27,,OK,IT,Pune,Software,Medium,Software Support,In Progress,desktop,0,,EMP2011,0,Met
TKT14973,2024-07-03,2024-07-04,OK,Operations,Mumbai,Software,Medium,Software Support,Resolved,Tablet,32.8,,EMP1468,1.367,Missed
TKT15199,2024-07-23,2024-07-23,OK,Sales,Hyderabad,Software,High,Software Support,Resolved,Laptop,2.3,5,EMP1859,0.096,Met
TKT10630,2025-05-27,2025-05-27,OK,Sales,Mumbai,Software,High,Hardware Support,Resolved,Laptop,18.5,5,EMP1247,0.771,Missed
TKT15622,2024-09-07,2024-09-08,OK,HR,Pune,Access,medium,Identity & Access Team,Resolved,Desktop,31.2,4,EMP1375,1.3,Missed
TKT12576,2024-12-06,2024-12-06,OK,Admin,Pune,Hardware,Low,Hardware Support,Resolved,Laptop,5.7,3,EMP1505,0.238,Met
TKT15156,2024-05-15,2024-05-17,OK,Finance,Mumbai,Software,Medium,Software Support,Resolved,Tablet,69.2,4,EMP1433,2.883,Missed
TKT16786,2024-10-06,2024-10-07,OK,Operations,Pune,Printer,Medium,Email & Messaging Team,Resolved,Printer,26.7,4,EMP2367,1.113,Missed
TKT14685,2024-08-24,,OK,Marketing,Mumbai,Software,Low,Software Support,In Progress,Desktop,0,,EMP1662,0,Met
TKT11686,2024-06-27,2024-06-28,OK,Finance,Bangalore,Access,Low,Network Support,Resolved,Mobile,41.8,5,EMP2117,1.742,Met
TKT12013,2024-06-25,2024-06-25,OK,Operations,Chennai,Access,High,Identity & Access Team,Resolved,Laptop,9.5,,EMP1375,0.396,Missed
TKT11989,2024-06-10,2024-06-10,OK,Admin,Mumbai,Access,High,Identity & Access Team,Resolved,Laptop,15,5,EMP2010,0.625,Missed
TKT15402,2025-05-19,2025-05-21,OK,Marketing,Bangalore,Network,Low,Network Support,Resolved,Laptop,49.6,4,EMP1751,2.067,Missed
TKT11519,2024-08-31,2024-09-01,OK,Finance,Delhi,Hardware,Medium,Hardware Support,Resolved,Laptop,32.3,3,EMP1755,1.346,Missed
TKT15919,2025-04-24,2025-04-25,OK,IT,Pune,Software,Medium,Software Support,Resolved,Laptop,45.3,5,EMP2241,1.888,Missed
TKT16747,2024-04-17,2024-04-18,OK,Legal,Hyderabad,Access,Low,Identity & Access Team,Resolved,Desktop,45.5,5,EMP2154,1.896,Met
TKT13178,2025-03-09,2025-03-09,OK,Operations,Chennai,Printer,High,Hardware Support,Closed,Printer,16.6,4,EMP1500,0.692,Missed
TKT14583,2024-08-16,2024-08-16,OK,Finance,Mumbai,Access,Medium,Identity & Access Team,Resolved,Mobile,3.6,4,EMP1456,0.15,Met
TKT15246,2024-03-25,2024-03-25,OK,Legal,Bangalore,Network,Critical,Network Support,Resolved,Laptop,5.7,,EMP1330,0.238,Missed
TKT15674,2025-02-27,2025-02-27,OK,Operations,Pune,Email,High,Email & Messaging Team,Resolved,Mobile,8.6,,EMP1312,0.358,Missed
TKT10976,2025-04-28,2025-04-29,OK,IT,Delhi,Hardware,Medium,Hardware Support,Resolved,server,31.8,4,EMP2240,1.325,Missed
TKT16382,2024-01-30,2024-01-30,OK,Operations,Pune,Access,High,Identity & Access Team,Resolved,Laptop,2.4,5,EMP1407,0.1,Met
TKT13750,2024-01-19,2024-01-19,OK,Operations,Chennai,Hardware,High,Hardware Support,Resolved,Server,15.6,,EMP1169,0.65,Missed
TKT14481,2024-06-26,2024-06-29,OK,Operations,Mumbai,Access, Medium,Identity & Access Team,Resolved,Laptop,73,5,EMP1606,3.042,Unknown Priority:  Medium
TKT14258,2024-04-03,2024-04-03,OK,Sales,Chennai,Access,High,Identity & Access Team,Resolved,Desktop,4.8,,EMP1616,0.2,Met
TKT13059,2024-09-11,2024-09-11,OK,Sales,Chennai,Network,High,Network Support,Closed,Server,5.2,4,EMP1988,0.217,Met
TKT11736,2024-07-01,2024-07-01,OK,Sales,Delhi,Software,Critical,Software Support,Resolved,Laptop,1.8,3,EMP1262,0.075,Met
TKT10478,2024-03-08,2024-03-09,OK,Operations,Pune,Hardware,Medium,Hardware Support,Closed,Laptop,41.1,,EMP1362,1.713,Missed
TKT11798,2024-09-12,2024-09-12,OK,Operations,Bangalore,Network,High,Network Support,Closed,Mobile,8.1,3,EMP1451,0.338,Missed
TKT11006,2025-05-21,2025-05-21,OK,IT,Bangalore,Hardware,Critical,Hardware Support,Resolved,Desktop,11,3,EMP1260,0.458,Missed
TKT15494,2024-06-20,2024-06-20,OK,Admin,Pune,Network,Medium,Network Support,Resolved,Desktop,23.4,3,EMP1190,0.975,Met
TKT10632,2025-03-26,,OK,Operations,Delhi,Printer,High,Hardware Support,Open,Printer,0,,EMP1836,0,Met
TKT16122,2024-07-11,2024-07-13,OK,Sales,Mumbai,Software,Low,Software Support,Resolved,Desktop,67,5,EMP2193,2.792,Missed
TKT16272,2025-05-19,2025-05-20,OK,Sales,Bangalore,Email,Medium,Email & Messaging Team,Closed,Desktop,27.2,5,EMP2136,1.133,Missed
TKT12641,2024-11-02,2024-11-06,OK,Operations,Hyderabad,Hardware,Low,Hardware Support,Resolved,Laptop,116.4,2,EMP1698,4.85,Missed
TKT14736,2024-03-08,,OK,Marketing,Chennai,Software,Medium,Software Support,Open,Laptop,0,,EMP1365,0,Met
TKT11521,2025-06-20,2025-06-21,OK,HR,Chennai,Network,Medium,Network Support,Resolved,server,36.2,4,EMP1805,1.508,Missed
TKT16603,2024-01-08,2024-01-08,OK,IT,Mumbai,Hardware,High,Hardware Support,Resolved,Desktop,6.8,1,EMP1736,0.283,Met
TKT11399,2024-05-05,2024-05-05,OK,Admin,Pune,Software,High,Software Support,Resolved,Tablet,7.9,3,EMP1985,0.329,Met
TKT14590,2024-04-20,,OK,HR ,Chennai,network, Medium,Network Support,Open,Server,0,,EMP1917,0,Unknown Priority:  Medium
TKT15834,2024-03-19,2024-03-19,OK,IT,Bangalore,Software,Medium,Software Support,Resolved,Laptop,7.6,5,EMP2374,0.317,Met
TKT14215,2024-01-24,2024-01-26,OK,Finance,Chennai,Access,Low,Identity & Access Team,Resolved,Mobile,48.4,1,EMP1728,2.017,Missed
TKT12329,2025-01-20,2025-01-20,OK,Admin,Delhi,Hardware,High,Hardware Support,Resolved,server,2.9,4,EMP1747,0.121,Met
TKT16263,2024-06-15,2024-06-15,OK,Legal,Chennai,Network,High,Network Support,Closed,Mobile,6.8,3,EMP1349,0.283,Met
TKT14723,2025-05-12,2025-05-12,OK,Finance,Delhi,Hardware,Medium,Hardware Support,Resolved,Server,16.6,5,EMP1405,0.692,Met
TKT15187,2025-03-27,2025-03-27,OK,IT,Bangalore,Hardware,Medium,Hardware Support,Resolved,Server,23.9,4,EMP2138,0.996,Met
TKT12938,2025-05-30,2025-05-31,OK,IT,Chennai,Hardware, Medium,Hardware Support,Resolved,Desktop,29.7,5,EMP1083,1.238,Unknown Priority:  Medium
TKT16347,2024-09-11,2024-09-11,OK,HR,Delhi,Access,High,Identity & Access Team,Resolved,Mobile,17.8,,EMP1447,0.742,Missed
TKT12463,2024-03-27,2024-03-27,OK,Legal,Chennai,Access,High,Identity & Access Team,Resolved,Laptop,8.8,5,EMP1044,0.367,Missed
TKT15572,2025-03-08,,OK,Finance,Bangalore,Access,Medium,Identity & Access Team,Open,Laptop,0,,EMP2197,0,Met
TKT14867,2024-01-27,2024-01-28,OK,HR ,Mumbai,Software,Medium,Software Support,Resolved,Desktop,32.2,,EMP2099,1.342,Missed
TKT16696,2024-02-17,,OK,Marketing,Bangalore,Hardware,High,Software Support,In Progress,Desktop,0,,EMP1480,0,Met
TKT15248,2025-03-05,2025-03-06,OK,Sales,Pune,Hardware,LOW,Hardware Support,Resolved,Laptop,39.9,5,EMP1267,1.663,Met
TKT12997,2024-07-04,,OK,Sales,Delhi,Network,low,Network Support,In Progress,Laptop,0,,EMP2320,0,Met
TKT12918,2024-08-15,2024-08-15,OK,Sales,Delhi,Hardware,Medium,Hardware Support,Resolved,Laptop,12.4,3,EMP1949,0.517,Met
TKT13324,2025-01-30,2025-01-30,OK,IT,Delhi,Hardware,Medium,Email & Messaging Team,Resolved,Desktop,13.1,5,EMP2064,0.546,Met
TKT12621,2025-04-17,2025-04-18,OK,Admin,Hyderabad,Email,Medium,Email & Messaging Team,Closed,Tablet,30.7,5,EMP1983,1.279,Missed
TKT11998,2024-01-08,2024-01-08,OK,IT,Chennai,Hardware,High,Hardware Support,Resolved,Server,13.6,4,EMP2100,0.567,Missed
TKT14302,2024-12-04,2024-12-05,OK,Marketing,Hyderabad,Software,Low,Software Support,Resolved,Laptop,35.6,4,EMP1090,1.483,Met
TKT15097,2025-03-12,2025-03-12,OK,IT,Mumbai,Network,Medium,Network Support,Resolved,Mobile,16.1,4,EMP2287,0.671,Met
TKT13118,2025-04-21,2025-04-24,OK,Operations,Bangalore,Hardware,Low,Hardware Support,Resolved,Server,78.1,,EMP2005,3.254,Missed
TKT11807,2025-01-21,2025-01-21,OK,Marketing,Pune,Software,High,Software Support,Resolved,laptop,5.5,3,EMP1155,0.229,Met
TKT14496,2024-02-12,2024-02-13,OK,Admin,Delhi,Network,Medium,Network Support,Resolved,Server,24.9,,EMP1355,1.038,Missed
TKT11990,2025-03-15,,OK,HR ,Bangalore,Email,High,Email & Messaging Team,Open,Mobile,0,,EMP1121,0,Met
TKT11576,2024-10-09,2024-10-09,OK,Finance,Pune,Email,Medium,Email & Messaging Team,Resolved,Laptop,7.2,4,EMP1184,0.3,Met
TKT12600,2025-05-05,2025-05-05,OK,Sales,Chennai,Network,Medium,Network Support,Resolved,Server,11.7,2,EMP1697,0.488,Met
TKT13951,2024-07-30,2024-07-30,OK,Operations,Bangalore,Network,Critical,Network Support,Resolved,Desktop,2.9,5,EMP2103,0.121,Met
TKT11199,2025-03-22,2025-03-22,OK,Marketing,Hyderabad,Software,Medium,Software Support,Resolved,Tablet,7,,EMP1132,0.292,Met
TKT12369,2025-03-15,2025-03-17,OK,Sales,Chennai,Software,Low,Software Support,Resolved,Desktop,48.8,4,EMP2290,2.033,Missed
TKT13597,2024-10-23,2024-10-25,OK,Admin,Mumbai,Hardware,Low,Hardware Support,Resolved,Server,52.5,4,EMP1842,2.188,Missed
TKT10470,2025-05-28,2025-05-28,OK,IT,Mumbai,Network,High,Network Support,Resolved,Server,5,4,EMP1564,0.208,Met
TKT16498,2024-08-29,2024-08-29,OK,Operations,Pune,Software,Medium,Software Support,Resolved,Tablet,1.4,,EMP1931,0.058,Met
TKT16992,2024-03-25,2024-03-27,OK,Admin,Pune,Hardware,Low,Hardware Support,Resolved,Server,66.1,5,EMP1010,2.754,Missed
TKT14957,2024-10-27,,OK,Admin,Mumbai,Software,High,Software Support,Open,Laptop,0,,EMP2034,0,Met
TKT10080,2024-11-25,2024-11-26,OK,Legal,Bangalore,Software,High,Software Support,Resolved,Desktop,29.2,,EMP1386,1.217,Missed
TKT10534,2025-03-18,2025-03-20,OK,Sales,Mumbai,Software,Low,Software Support,Resolved,Tablet,65,,EMP2250,2.708,Missed
TKT11110,2024-07-16,2024-07-16,OK,Marketing,Bangalore,network,Medium,Network Support,Resolved,Mobile,22.9,5,EMP1330,0.954,Met
TKT12339,2025-05-25,,OK,HR,Mumbai,Hardware,Low,Hardware Support,Open,Laptop,0,,EMP2371,0,Met
TKT14467,2025-05-04,2025-05-05,OK,Legal,Pune,Hardware,Medium,Hardware Support,Resolved,Desktop,35.7,4,EMP1799,1.488,Missed
TKT14362,2024-09-18,2024-09-18,OK,Legal,Delhi,Printer,Medium,Hardware Support,Resolved,Printer,9,3,EMP2345,0.375,Met
TKT15709,2024-04-03,2024-04-03,OK,Operations,Hyderabad,Hardware,Medium,Hardware Support,Resolved,Laptop,14.8,5,EMP1164,0.617,Met
TKT15598,2024-09-28,2024-09-29,OK,Finance,Mumbai,Printer,Medium,Hardware Support,Resolved,Printer,30.1,,EMP1317,1.254,Missed
TKT10165,2025-05-21,2025-05-21,OK,Finance,Mumbai,Software,high,Software Support,Resolved,Laptop,7.7,,EMP2223,0.321,Met
TKT14015,2025-06-29,,OK,HR,Mumbai,Network,Low,Network Support,In Progress,Laptop,0,,EMP1650,0,Met
TKT16436,2025-05-22,,OK,Legal,Pune,Email,Critical,Email & Messaging Team,Open,Mobile,0,,EMP1326,0,Met
TKT14570,2025-03-21,2025-03-21,OK,Legal,Mumbai,Email,High,Email & Messaging Team,Resolved,Mobile,6.4,,EMP1042,0.267,Met
TKT10876,2024-01-18,2024-01-18,OK,Sales,Delhi,Access,High,Identity & Access Team,Resolved,Desktop,7,5,EMP1742,0.292,Met
TKT10186,2024-06-12,2024-06-14,OK,Operations,Pune,Software,Medium,Software Support,Resolved,Laptop,51.7,5,EMP1830,2.154,Missed
TKT12166,2024-10-14,2024-10-14,OK,Admin,Mumbai,Hardware,Medium,Hardware Support,Resolved,Server,3.1,,EMP1954,0.129,Met
TKT12470,2024-10-20,2024-10-21,OK,Marketing,Chennai,Software,Medium,Software Support,Resolved,DESKTOP,47.5,3,EMP2331,1.979,Missed
TKT11476,2025-06-21,2025-06-22,OK,Finance,Delhi,Software,Medium,Software Support,Resolved,Laptop,45.9,5,EMP1540,1.913,Missed
TKT10136,2025-04-28,,OK,Admin,Chennai,Software,Medium,Software Support,In Progress,Desktop,0,,EMP1284,0,Met
TKT12420,2025-05-03,2025-05-04,OK,IT,Bangalore,Software,Medium,Software Support,Resolved,Tablet,47.8,4,EMP1583,1.992,Missed
TKT13937,2025-05-22,2025-05-23,OK,Sales,Delhi,Network,Medium,Network Support,Resolved,Server,27.8,3,EMP2133,1.158,Missed
TKT16338,2024-06-14,,OK,Operations,Pune,Hardware,Medium,Hardware Support,Open,Laptop,0,,EMP1260,0,Met
TKT15951,2024-02-16,2024-02-16,OK,Admin,Pune,Printer,Low,Identity & Access Team,Closed,Printer,20.6,5,EMP1753,0.858,Met
TKT14423,2024-05-21,2024-05-21,OK,Marketing,Bangalore,Email,Critical,Email & Messaging Team,Resolved,Mobile,1.2,,EMP1272,0.05,Met
TKT13656,2024-11-19,2024-11-19,OK,IT,Bangalore,Network,Medium,Network Support,Resolved,Mobile,13.8,5,EMP2133,0.575,Met
TKT14415,2025-04-01,2025-04-01,OK,Admin,Pune,Software,Medium,Software Support,Resolved,Laptop,4.7,1,EMP2007,0.196,Met
TKT12892,2024-05-13,2024-05-14,OK,Sales,Delhi,Printer,Medium,Hardware Support,Resolved,Printer,44.4,5,EMP1132,1.85,Missed
TKT12098,2024-02-18,2024-02-18,OK,Legal,Pune,Software,High,Software Support,Resolved,Desktop,10.3,4,EMP1702,0.429,Missed
TKT16669,2024-07-10,,OK,Sales,Delhi,Network,Low,Network Support,In Progress,SERVER,0,,EMP2097,0,Met
TKT13870,2025-06-30,2025-06-30,OK,Operations,Mumbai,Network,Medium,Network Support,Resolved,Mobile,16.1,5,EMP2247,0.671,Met
TKT12575,2025-01-17,2025-01-17,OK,Admin,Delhi,Software,Medium,Software Support,Closed,Laptop,18.7,3,EMP2144,0.779,Met
TKT12501,2025-05-30,2025-05-30,OK,Finance,Delhi,Network,Medium,Network Support,Resolved,Desktop,12.6,2,EMP1257,0.525,Met
TKT16542,2024-11-20,2024-11-21,OK,IT,Mumbai,Network,Medium,Network Support,Resolved,Desktop,30.3,3,EMP1795,1.263,Missed
TKT12731,2025-04-20,2025-04-21,OK,IT,Mumbai,Hardware,Low,Hardware Support,Resolved,Desktop,37.9,4,EMP1008,1.579,Met
TKT14559,2024-12-13,,OK,Operations,Chennai,Network,Medium,Network Support,In Progress,Server,0,,EMP1293,0,Met
TKT11229,2024-09-08,2024-09-08,OK,HR,Delhi,Hardware,Medium,Hardware Support,Resolved,Desktop,9.9,4,EMP2232,0.413,Met
TKT14646,2024-11-08,2024-11-08,OK,Sales,Bangalore,Hardware,Critical,Hardware Support,Resolved,Laptop,2.3,5,EMP1162,0.096,Met
TKT15468,2024-04-10,2024-04-10,OK,Marketing,Mumbai,Access,Low,Identity & Access Team,Resolved,MOBILE,6.6,5,EMP1135,0.275,Met
TKT15589,2024-01-19,2024-01-24,OK,Marketing,Delhi,Software,Low,Software Support,Resolved,Tablet,122,4,EMP1554,5.083,Missed
TKT10648,2024-02-16,2024-02-17,OK,Admin,Bangalore,Hardware,Medium,Hardware Support,Closed,Server,27.9,4,EMP1010,1.163,Missed
TKT16601,2024-10-31,2024-10-31,OK,Finance,Mumbai,Access,Critical,Identity & Access Team,Closed,Mobile,2.9,5,EMP1473,0.121,Met
TKT13106,2025-05-08,2025-05-08,OK,IT,Delhi,Access,High,Identity & Access Team,Resolved,Laptop,4.5,3,EMP1754,0.188,Met
TKT15930,2025-03-20,2025-03-20,OK,Marketing,Delhi,Software,High,Software Support,Resolved,laptop,6.4,4,EMP1616,0.267,Met
TKT14956,2025-05-02,2025-05-02,OK,HR,Delhi,Hardware,Medium,Hardware Support,Resolved,Desktop,20,,EMP2252,0.833,Met
TKT12296,2024-06-17,2024-06-17,OK,Sales,Bangalore,Hardware,Medium,Hardware Support,Resolved,Server,7.6,4,EMP1570,0.317,Met
TKT13039,2024-11-04,2024-11-05,OK,Operations,Mumbai,Software,Low,Software Support,Resolved,Tablet,28.7,3,EMP1903,1.196,Met
TKT16982,2024-03-28,2024-03-28,OK,Finance,Bangalore,Email,Low,Email & Messaging Team,Resolved,Mobile,11.5,4,EMP2389,0.479,Met
TKT10692,2025-06-22,2025-06-24,OK,Legal,Pune,Network,Low,NA,Resolved,Mobile,58.5,4,EMP1824,2.438,Missed
TKT11464,2024-08-19,2024-08-19,OK,IT,Pune,Access,Medium,Identity & Access Team,Resolved,Mobile,4.2,,EMP1080,0.175,Met
TKT16888,2025-02-19,2025-02-20,OK,Marketing,Delhi,Network,MEDIUM,Network Support,Closed,Server,28.9,4,EMP1990,1.204,Missed
TKT15678,2024-01-17,2024-01-18,OK,Sales,Bangalore,Access,Low,Identity & Access Team,Resolved,Mobile,39.4,4,EMP2026,1.642,Met
TKT12029,2024-05-20,2024-05-20,OK,Admin,Pune,Email,Medium,Email & Messaging Team,Resolved,Desktop,9.1,1,EMP1856,0.379,Met
TKT14313,2024-02-06,2024-02-07,OK,HR,Mumbai,Access,Medium,Identity & Access Team,Closed,Mobile,30.2,,EMP1719,1.258,Missed
TKT11277,2024-01-30,2024-01-30,OK,Operations,Bangalore,Email,Critical,Email & Messaging Team,Resolved,Desktop,3,4,EMP2334,0.125,Met
TKT10544,2024-11-06,2024-11-06,OK,Admin,Chennai,Software,Medium,Software Support,Resolved,Desktop,9.1,5,EMP1820,0.379,Met
TKT12759,2025-02-06,,OK,IT,Delhi,Access,High,Identity & Access Team,In Progress,Laptop,0,,EMP1645,0,Met
TKT16142,2024-11-09,2024-11-09,OK,Sales,Chennai,Network,High,Network Support,Resolved,Server,15.3,4,EMP1288,0.638,Missed
TKT15585,2024-11-05,2024-11-05,OK,Marketing,Mumbai,Software,Critical,Software Support,Resolved,Tablet,9.4,3,EMP1425,0.392,Missed
TKT15779,2024-12-21,2024-12-22,OK,Admin,Mumbai,Email,Low,Email & Messaging Team,Resolved,Laptop,27.7,4,EMP2237,1.154,Met
TKT14067,2024-01-08,2024-01-05,ERROR,Operations,Bangalore,Network,Low,Network Support,Resolved,Desktop,4,4,EMP1625,0.167,Met
TKT12487,2024-04-07,2024-04-07,OK,Operations,Delhi,Hardware,High,Hardware Support,Resolved,Desktop,12.9,3,EMP1417,0.538,Missed
TKT16800,2025-05-09,,OK,Sales,Pune,Access,Medium,Identity & Access Team,In Progress,Desktop,0,,EMP1115,0,Met
TKT11986,2024-07-22,2024-07-26,OK,Admin,Bangalore,Access,Low,Identity & Access Team,Resolved,Laptop,114.9,5,EMP1427,4.788,Missed
TKT15365,2024-02-07,2024-02-07,OK,Admin,Bangalore,Printer,Critical,Hardware Support,Resolved,Printer,4.4,,EMP1246,0.183,Missed
TKT12909,2024-12-16,2024-12-16,OK,Sales,Pune,Network, Medium,Network Support,Resolved,Server,16.6,5,EMP2142,0.692,Unknown Priority:  Medium
TKT12999,2024-07-21,2024-07-22,OK,Marketing,Mumbai,Software,Medium,Software Support,Resolved,Laptop,29.3,,EMP1022,1.221,Missed
TKT12375,2024-03-05,,OK,Marketing,Hyderabad,Access,Low,Identity & Access Team,In Progress,Mobile,0,,EMP1863,0,Met
TKT10227,2024-07-03,,OK,Sales,Chennai,Hardware,High,Hardware Support,Open,Server,0,,EMP2396,0,Met
TKT16783,2025-03-23,2025-03-23,OK,Finance,Bangalore,Software,Medium,Email & Messaging Team,Closed,Desktop,4.8,5,EMP1251,0.2,Met
TKT10554,2025-05-02,2025-05-02,OK,Finance,Bangalore,Network,High,Network Support,Resolved,Server,4.6,4,EMP1259,0.192,Met
TKT14158,2024-08-30,,OK,IT,Pune,Hardware,Medium,Hardware Support,Open,Desktop,0,,EMP2006,0,Met
TKT12933,2024-01-24,2024-01-24,OK,Sales,Mumbai,Hardware,Low,Hardware Support,Closed,Desktop,16.6,2,EMP2227,0.692,Met
TKT15539,2025-05-31,2025-05-31,OK,Operations,Pune,Email,Medium,Email & Messaging Team,Resolved,Laptop,23.5,2,EMP1296,0.979,Met
TKT16179,2024-11-29,2024-11-29,OK,Admin,Delhi,Hardware,High,Hardware Support,Resolved,Server,10.1,4,EMP2199,0.421,Missed
TKT11733,2025-02-24,2025-02-24,OK,Finance,Pune,Printer,Low,Hardware Support,Resolved,PRINTER,17.2,,EMP1699,0.717,Met
TKT12060,2024-05-26,2024-05-26,OK,Operations,Chennai,Email,High,Email & Messaging Team,Closed,MOBILE,9.1,5,EMP1610,0.379,Missed
TKT12021,2024-11-29,2024-11-30,OK,Legal,Mumbai,Hardware,Medium,Hardware Support,Resolved,Laptop,28.3,3,EMP1467,1.179,Missed
TKT14004,2024-07-08,2024-07-08,OK,Operations,Bangalore,NETWORK,High,Network Support,Resolved,Mobile,16.7,5,EMP1992,0.696,Missed
TKT16300,2024-10-06,,OK,IT,Chennai,Hardware,High,NA,In Progress,Server,0,,EMP1132,0,Met
TKT13869,2024-08-24,,OK,Unknown,Bangalore,Hardware,High,Hardware Support,In Progress,Laptop,0,,EMP1055,0,Met
TKT16734,2024-08-17,2024-08-17,OK,HR,Mumbai,Access,High,Identity & Access Team,Closed,Laptop,5.4,2,EMP1688,0.225,Met
TKT16672,2024-05-18,2024-05-18,OK,Sales,Bangalore,Hardware,Medium,Hardware Support,Resolved,Laptop,22,1,EMP1247,0.917,Met
TKT11840,2024-02-17,2024-02-19,OK,HR,Pune,Printer,Medium,Hardware Support,Resolved,Printer,55.3,4,EMP2391,2.304,Missed
TKT15086,2025-04-30,2025-04-30,OK,IT,Bangalore,Network,Critical,Software Support,Resolved,Desktop,2.9,1,EMP2313,0.121,Met
TKT16765,2024-12-29,2024-12-30,OK,IT,Hyderabad,network,Medium,Network Support,Closed,SERVER,35.8,4,EMP2161,1.492,Missed
TKT12108,2024-11-25,,OK,Sales,Pune,Email,Medium,Email & Messaging Team,In Progress,Tablet,0,,EMP1527,0,Met
TKT13942,2025-01-06,,OK,Sales,Mumbai,Network,Low,Network Support,Open,Desktop,0,,EMP1926,0,Met
TKT13934,2025-04-23,2025-04-23,OK,Marketing,Hyderabad,Network,High,Network Support,Closed,Laptop,3.4,1,EMP1054,0.142,Met
TKT10662,2024-06-07,2024-06-07,OK,Marketing,Bangalore,Hardware,Critical,Hardware Support,Resolved,Desktop,0.2,4,EMP2014,0.008,Met
TKT11636,2025-03-13,2025-03-13,OK,Sales,Hyderabad,Network,High,Network Support,Resolved,Server,8.5,3,EMP1109,0.354,Missed
TKT10349,2025-04-12,2025-04-12,OK,Legal,Chennai,Printer,Medium,Hardware Support,Resolved,Printer,5.2,2,EMP1698,0.217,Met
TKT15671,2024-10-27,2024-10-27,OK,Finance,Bangalore,Hardware,Medium,Hardware Support,Resolved,Desktop,11.5,2,EMP2241,0.479,Met
TKT10298,2024-06-19,2024-06-21,OK,Operations,Mumbai,Access,Medium,Identity & Access Team,Closed,DESKTOP,61.4,4,EMP1847,2.558,Missed
TKT16311,2024-03-05,,OK,Sales,Hyderabad,Network,Medium,Network Support,In Progress,Server,0,,EMP1577,0,Met
TKT15977,2024-05-16,2024-05-17,OK,Finance,Delhi,Software,Medium,Software Support,Resolved,Tablet,29.5,4,EMP2365,1.229,Missed
TKT16643,2025-04-05,2025-04-06,OK,Finance,Pune,Software,Medium,Software Support,Resolved,Laptop,24.7,2,EMP1164,1.029,Missed
TKT12584,2024-11-24,2024-11-24,OK,Operations,Pune,Network,Medium,Network Support,Closed,Desktop,0.4,4,EMP1427,0.017,Met
TKT13619,2025-04-01,2025-04-01,OK,HR,Hyderabad,Access,Critical,Identity & Access Team,Resolved,desktop,5.5,5,EMP2045,0.229,Missed
TKT14301,2025-04-03,2025-04-04,OK,Marketing,Hyderabad,Network,Medium,Network Support,Resolved,Desktop,44.7,4,EMP1626,1.863,Missed
TKT15830,2025-05-22,2025-05-22,OK,Finance,Chennai,Software,Critical,Software Support,Resolved,Desktop,2.2,1,EMP1260,0.092,Met
TKT15003,2024-01-21,2024-01-21,OK,Sales,Bangalore,Hardware,Critical,Hardware Support,Resolved,Laptop,3.7,4,EMP1488,0.154,Met
TKT15010,2025-01-12,2025-01-12,OK,HR,Mumbai,Hardware,High,Hardware Support,Resolved,Desktop,5.7,4,EMP1945,0.238,Met
TKT13678,2025-04-03,2025-04-03,OK,Finance,Pune,Software,High,Software Support,Resolved,Tablet,9.7,5,EMP1431,0.404,Missed
TKT12403,2024-03-19,2024-03-19,OK,Sales,Bangalore,Hardware,High,Hardware Support,Closed,Server,9.7,2,EMP2376,0.404,Missed
TKT16331,2024-03-24,2024-03-24,OK,Sales,Mumbai,Hardware,Low,Hardware Support,Closed,Laptop,13.6,5,EMP1614,0.567,Met
TKT11034,2024-10-21,,OK,Operations,Mumbai,Hardware,Medium,Hardware Support,Open,Laptop,0,,EMP1859,0,Met
TKT16155,2024-08-30,2024-08-30,OK,IT,Hyderabad,Network,Medium,Network Support,Resolved,Desktop,14,4,EMP2229,0.583,Met
TKT14688,2025-03-06,,OK,Legal,Bangalore,Access,Critical,Identity & Access Team,In Progress,Laptop,0,,EMP2353,0,Met
TKT15401,2024-03-30,2024-03-30,OK,Admin,Bangalore,Access,Medium,Identity & Access Team,Resolved,Mobile,13.1,,EMP1960,0.546,Met
TKT13703,2024-09-23,2024-09-24,OK,Operations,Delhi,Hardware,Medium,Hardware Support,Resolved,Desktop,44.3,,EMP1177,1.846,Missed
TKT13818,2024-01-23,2024-01-23,OK,Admin,Bangalore,Network,High,Network Support,Resolved,Mobile,6.9,4,EMP1964,0.288,Met
TKT15867,2025-03-22,2025-03-22,OK,Legal,Mumbai,Access,Critical,Email & Messaging Team,Resolved,Desktop,1.6,4,EMP2024,0.067,Met
TKT11234,2024-01-22,2024-01-22,OK,IT,Delhi,Printer,medium,Hardware Support,Resolved,Printer,18.7,3,EMP1884,0.779,Met
TKT16736,2024-11-29,,OK,Unknown,Chennai,network,Low,Network Support,In Progress,Server,0,,EMP1908,0,Met
TKT13801,2024-09-18,2024-09-19,OK,Admin,Bangalore,Hardware,Low,Hardware Support,Resolved,Desktop,36.3,5,EMP1829,1.513,Met
TKT11586,2025-04-19,2025-04-20,OK,Admin,Mumbai,Software,Low,Software Support,Resolved,Tablet,30.5,2,EMP2208,1.271,Met
TKT15914,2024-01-27,2024-01-28,OK,Finance,Pune,Network,Medium,Network Support,Resolved,Server,41.1,3,EMP1260,1.713,Missed
TKT11947,2024-09-02,2024-09-02,OK,Finance,Mumbai,Hardware,Medium,Hardware Support,Closed,Laptop,18.6,5,EMP2017,0.775,Met
TKT16234,2025-05-11,2025-05-15,OK,Sales,Mumbai,Hardware,Low,Hardware Support,Resolved,Server,105.9,4,EMP1348,4.413,Missed
TKT11592,2025-05-30,2025-05-30,OK,Marketing,Hyderabad,Email,High,Email & Messaging Team,Closed,Laptop,16.6,3,EMP2281,0.692,Missed
TKT14218,2024-06-05,2024-06-06,OK,Operations,Pune,Hardware,Medium,Hardware Support,Resolved,Laptop,24,3,EMP1559,1,Met
TKT10657,2024-02-14,2024-02-14,OK,Legal,Delhi,Software,Low,Software Support,Resolved,Laptop,22.4,4,EMP2343,0.933,Met
TKT15888,2024-04-22,2024-04-22,OK,Legal,Delhi,network,Critical,Network Support,Closed,Laptop,1.4,3,EMP2208,0.058,Met
TKT12200,2024-07-02,2024-07-02,OK,Operations,Mumbai,Network,High,Network Support,Resolved,Server,9.1,5,EMP1685,0.379,Missed
TKT16837,2025-02-10,2025-02-12,OK,Finance,Delhi,Software,Medium,Software Support,Resolved,Laptop,62.6,3,EMP1180,2.608,Missed
TKT13185,2024-07-23,2024-07-25,OK,Legal,Chennai,Hardware,Medium,Hardware Support,Resolved,Server,57.6,4,EMP1249,2.4,Missed
TKT16204,2025-03-26,2025-03-26,OK,Legal,Hyderabad,NETWORK,Critical,Network Support,Resolved,LAPTOP,2.6,3,EMP1127,0.108,Met
TKT11897,2024-05-27,2024-05-27,OK,Legal,Bangalore,Network,High,Network Support,Closed,Mobile,12.9,3,EMP1379,0.538,Missed
TKT16035,2025-03-23,2025-03-26,OK,Finance,Hyderabad,Hardware,Low,Hardware Support,Closed,Server,91.1,5,EMP1469,3.796,Missed
TKT13559,2024-11-21,,OK,Marketing,Chennai,Printer,Medium,Hardware Support,In Progress,Printer,0,,EMP2149,0,Met
TKT14227,2025-03-31,2025-03-31,OK,Finance,Mumbai,Hardware,Medium,Hardware Support,Resolved,Laptop,12,3,EMP2273,0.5,Met
TKT15582,2024-06-05,2024-06-05,OK,Operations,Pune,Network,Medium,Network Support,Closed,Desktop,18.4,5,EMP1078,0.767,Met
TKT11723,2024-07-23,2024-07-23,OK,Marketing,Chennai,Access, High,Identity & Access Team,Resolved,Mobile,3,,EMP1738,0.125,Unknown Priority:  High
TKT10134,2025-03-23,2025-03-23,OK,Legal,Chennai,Hardware,Medium,Hardware Support,Resolved,Server,6.2,,EMP1187,0.258,Met
TKT14097,2025-01-21,2025-01-21,OK,Legal,Bangalore,Email,HIGH,Email & Messaging Team,Resolved,Tablet,9.6,5,EMP1102,0.4,Missed
TKT14348,2024-11-04,2024-11-05,OK,IT,Chennai,Access,Medium,Network Support,Resolved,Mobile,25.5,4,EMP2117,1.063,Missed
TKT15166,2024-07-28,2024-07-28,OK,IT,Pune,Network,High,Network Support,Resolved,Server,4.7,2,EMP1161,0.196,Met
TKT11888,2024-08-30,2024-09-02,OK,Admin,Bangalore,Access,Low,Identity & Access Team,Resolved,Desktop,95.1,5,EMP1673,3.963,Missed
TKT14796,2024-01-28,2024-01-31,OK,Operations,Delhi,Software,Low,Software Support,Resolved,Laptop,77.2,5,EMP1282,3.217,Missed
TKT16989,2024-03-08,2024-03-08,OK,IT,Mumbai,network,Medium,Network Support,Resolved,Mobile,9.1,4,EMP2208,0.379,Met
TKT10578,2024-10-19,2024-10-21,OK,Legal,Pune,Hardware,Low,Hardware Support,Closed,Laptop,63,,EMP1373,2.625,Missed
TKT13144,2024-09-12,2024-09-12,OK,Operations,Hyderabad,Email,High,Email & Messaging Team,Resolved,Laptop,8.4,5,EMP2168,0.35,Missed
TKT10239,2024-10-31,2024-10-31,OK,Sales,Mumbai,network,Medium,Network Support,Closed,Desktop,13.6,5,EMP2258,0.567,Met
TKT15532,2025-01-10,2025-01-11,OK,IT,Bangalore,Email,Low,Email & Messaging Team,Resolved,Mobile,39.6,5,EMP1832,1.65,Met
TKT12371,2024-08-11,2024-08-11,OK,Admin,Hyderabad,Hardware,High,Hardware Support,Closed,Desktop,12,3,EMP2345,0.5,Missed
TKT16146,2025-05-05,2025-05-04,ERROR,Operations,Mumbai,Email,Low,Email & Messaging Team,Resolved,Tablet,31.4,4,EMP1191,1.308,Met
TKT16458,2025-06-26,,OK,Operations,Bangalore,Network,Critical,Network Support,Open,Laptop,0,,EMP2332,0,Met
TKT10957,2024-01-09,2024-01-09,OK,Sales,Mumbai,Software,Medium,Software Support,Resolved,Desktop,5.9,,EMP2021,0.246,Met
TKT15573,2024-08-04,2024-08-07,OK,Finance,Mumbai,Access,Low,Identity & Access Team,Resolved,Laptop,73.5,5,EMP2383,3.063,Missed
TKT15159,2025-05-05,2025-05-06,OK,Finance,Chennai,Access,High,Identity & Access Team,Resolved,Desktop,26.4,,EMP1703,1.1,Missed
TKT16328,2024-09-03,2024-09-04,OK,Finance,Pune,Access,Medium,Identity & Access Team,Resolved,Laptop,39.4,4,EMP2290,1.642,Missed
TKT11954,2025-06-08,2025-06-09,OK,Operations,Delhi,Software,Low,Software Support,Resolved,Laptop,27.3,4,EMP1227,1.138,Met
TKT16000,2025-04-08,,OK,Legal,Mumbai,Access,Critical,Identity & Access Team,In Progress,Desktop,0,,EMP1639,0,Met
TKT13290,2025-06-23,2025-06-23,OK,IT,Delhi,Network,High,Network Support,Resolved,Mobile,3.2,3,EMP1581,0.133,Met
TKT16622,2024-03-10,2024-03-10,OK,Admin,Bangalore,Email,Medium,Email & Messaging Team,Resolved,Tablet,7.7,3,EMP2277,0.321,Met
TKT11879,2024-09-09,2024-09-09,OK,Admin,Hyderabad,Email,medium,Email & Messaging Team,Resolved,Mobile,12.4,5,EMP1176,0.517,Met
TKT10730,2024-07-19,2024-07-19,OK,Sales,Delhi,Network,High,Network Support,Resolved,Laptop,5,3,EMP1410,0.208,Met
TKT15561,2025-03-09,2025-03-10,OK,Sales,Mumbai,Software,Low,Software Support,Resolved,Desktop,30.8,4,EMP2151,1.283,Met
TKT16512,2024-09-30,2024-09-30,OK,Sales,Chennai,Network,Medium,Network Support,Resolved,Mobile,12.8,2,EMP1230,0.533,Met
TKT11010,2024-06-13,2024-06-13,OK,Operations,Mumbai,Hardware,Medium,Hardware Support,Resolved,Desktop,13.6,5,EMP1754,0.567,Met
TKT10550,2024-04-09,2024-04-09,OK,Marketing,Mumbai,Software,Critical,Software Support,Closed,Desktop,3.6,5,EMP1934,0.15,Met
TKT15434,2024-11-08,2024-11-08,OK,Marketing,Bangalore,Hardware,Critical,Hardware Support,Resolved,Laptop,4.7,2,EMP1589,0.196,Missed
TKT15066,2024-09-28,,OK,Legal,Bangalore,Printer,Low,Hardware Support,Open,Printer,0,,EMP1966,0,Met
TKT11360,2024-05-25,2024-05-25,OK,Operations,Bangalore,Software,Medium,Software Support,Resolved,Desktop,7,,EMP1033,0.292,Met
TKT15821,2024-11-01,2024-11-01,OK,Legal,Pune,Network,Medium,Network Support,Resolved,Mobile,18.3,4,EMP1218,0.763,Met
TKT13109,2025-01-18,2025-01-18,OK,HR,Chennai,Email,High,Email & Messaging Team,Resolved,Tablet,7.5,4,EMP1779,0.313,Met
TKT14207,2024-10-02,2024-10-02,OK,IT,Pune,Email,high,Email & Messaging Team,Resolved,Tablet,6.6,4,EMP2261,0.275,Met
TKT10160,2024-11-05,2024-11-05,OK,HR ,Bangalore,Access,Critical,Identity & Access Team,Resolved,Mobile,3.5,5,EMP1989,0.146,Met
TKT12937,2025-05-29,2025-05-29,OK,Unknown,Bangalore,Access,High,Identity & Access Team,Resolved,Laptop,2.5,,EMP1484,0.104,Met
TKT10610,2024-04-20,2024-04-21,OK,IT,Delhi,Printer,Low,Hardware Support,Closed,Printer,29,4,EMP1250,1.208,Met
TKT15012,2024-11-04,,OK,HR,Delhi,Software,Medium,Software Support,Open,Tablet,0,,EMP2040,0,Met
TKT10292,2024-06-30,2024-07-03,OK,HR,Bangalore,Network,Low,Network Support,Resolved,Desktop,94.1,3,EMP1662,3.921,Missed
TKT12975,2024-05-09,2024-05-10,OK,Sales,Mumbai,Printer,Medium,Hardware Support,Resolved,Printer,24.1,2,EMP1253,1.004,Missed
TKT10746,2024-11-02,2024-11-03,OK,Operations,Mumbai,Access,Low,Email & Messaging Team,Resolved,Desktop,35.8,5,EMP1577,1.492,Met
TKT15735,2024-01-20,2024-01-22,OK,Marketing,Hyderabad,Network,Medium,Network Support,Resolved,Server,61.6,3,EMP1320,2.567,Missed
TKT10776,2024-05-24,2024-05-27,OK,IT,Bangalore,Network,Low,Network Support,Resolved,Desktop,80.2,3,EMP1418,3.342,Missed
TKT12747,2025-05-05,2025-05-05,OK,Operations,Hyderabad,Hardware,Low,Hardware Support,Resolved,Server,16.8,,EMP2182,0.7,Met
TKT14674,2025-01-20,2025-01-22,OK,IT,Hyderabad,Network,Medium,Network Support,Resolved,Desktop,68.6,,EMP2372,2.858,Missed
TKT11458,2024-02-13,,OK,Sales,Hyderabad,Software,High,Network Support,In Progress,Desktop,0,,EMP1382,0,Met
TKT13236,2024-12-17,2024-12-17,OK,Marketing,Hyderabad,Access,Medium,Identity & Access Team,Closed,Mobile,16.8,,EMP1443,0.7,Met
TKT10264,2024-06-05,2024-06-05,OK,IT,Delhi,Access,Medium,Identity & Access Team,Resolved,Mobile,9.9,2,EMP1568,0.413,Met
TKT11256,2024-04-03,2024-04-04,OK,Operations,Pune,Network, Medium,Network Support,Resolved,Laptop,42.4,5,EMP1007,1.767,Unknown Priority:  Medium
TKT14399,2025-01-22,2025-01-22,OK,Legal,Hyderabad,Network,Low,Network Support,Resolved,Server,23.7,,EMP2086,0.988,Met
TKT11772,2024-03-03,2024-03-03,OK,Legal,Mumbai,Hardware,High,Hardware Support,Resolved,Server,22.7,4,EMP1354,0.946,Missed
TKT14085,2024-09-30,2024-09-30,OK,Legal,Hyderabad,Network,Medium,Software Support,Resolved,Server,19.6,4,EMP1664,0.817,Met
TKT12976,2024-10-10,2024-10-10,OK,HR,Chennai,Hardware,High,Hardware Support,Resolved,Server,3.3,3,EMP2312,0.138,Met
TKT11200,2024-12-28,2024-12-28,OK,HR,Bangalore,Software,Critical,Software Support,Resolved,Tablet,3.6,,EMP1133,0.15,Met
TKT16625,2024-12-24,,OK,Legal,Pune,Network,Medium,Network Support,In Progress,Mobile,0,,EMP1155,0,Met
TKT14246,2024-04-07,,OK,Operations,Pune,Access,Low,Identity & Access Team,In Progress,Desktop,0,,EMP1972,0,Met
TKT14911,2024-09-05,2024-09-05,OK,Sales,Bangalore,Network,Medium,Email & Messaging Team,Closed,laptop,0,5,EMP1689,0,Met
TKT14168,2024-01-14,,OK,Operations,Chennai,Software,Low,Software Support,In Progress,Tablet,0,,EMP2096,0,Met
TKT10090,2024-10-20,2024-10-20,OK,Sales,Pune,Email,Medium,Email & Messaging Team,Closed,Tablet,12.4,4,EMP1471,0.517,Met
TKT14214,2025-06-13,2025-06-14,OK,IT,Mumbai,Email,Medium,Email & Messaging Team,Resolved,Desktop,43.8,4,EMP1814,1.825,Missed
TKT11512,2024-10-22,2024-10-23,OK,Operations,Hyderabad,Software,Medium,Software Support,Resolved,Laptop,27.3,,EMP2119,1.138,Missed
TKT12370,2025-04-16,2025-04-16,OK,Sales,Bangalore,Hardware,High,Hardware Support,Resolved,Laptop,0,4,EMP1968,0,Met
TKT16703,2024-06-23,2024-06-23,OK,Operations,Mumbai,Printer,Medium,Hardware Support,Closed,Printer,11.8,2,EMP2144,0.492,Met
TKT10460,2025-05-31,2025-05-31,OK,Sales,Mumbai,Network,Medium,Network Support,Closed,Mobile,5.2,3,EMP1184,0.217,Met
TKT12218,2024-08-25,2024-08-27,OK,Legal,Mumbai,Software,Medium,Software Support,Resolved,Tablet,71.6,5,EMP1729,2.983,Missed
TKT14325,2024-10-22,2024-10-22,OK,Marketing,Bangalore,Hardware,High,Hardware Support,Resolved,Laptop,1.2,5,EMP2375,0.05,Met
TKT13646,2024-03-09,2024-03-09,OK,IT,Delhi,Hardware,Medium,Hardware Support,Resolved,desktop,21.4,4,EMP2170,0.892,Met
TKT14338,2024-09-20,2024-09-21,OK,HR,Mumbai,Printer,Low,Hardware Support,Resolved,Printer,34.2,4,EMP1602,1.425,Met
TKT14938,2025-04-13,2025-04-13,OK,Sales,Pune,Printer,Medium,Hardware Support,Resolved,Printer,15.7,4,EMP1651,0.654,Met
TKT11938,2025-02-22,,OK,Operations,Hyderabad,Email,High,Email & Messaging Team,In Progress,Tablet,0,,EMP2117,0,Met
TKT14841,2025-06-16,2025-06-17,OK,Operations,Bangalore,Software,Medium,Software Support,Resolved,Tablet,35,2,EMP1410,1.458,Missed
TKT13028,2025-03-13,2025-03-13,OK,Sales,Delhi,Hardware,High,Hardware Support,Resolved,Desktop,3.4,5,EMP1545,0.142,Met
TKT14095,2025-04-07,,OK,Marketing,Delhi,Network,High,Network Support,In Progress,Mobile,0,,EMP1672,0,Met
TKT12319,2025-03-26,2025-03-26,OK,Sales,Mumbai,Network,Medium,Network Support,Resolved,Server,20.5,3,EMP1307,0.854,Met
TKT13184,2024-05-12,2024-05-13,OK,Finance,Pune,Hardware,Medium,Hardware Support,Resolved,LAPTOP,30.1,4,EMP1213,1.254,Missed
TKT14882,2025-05-30,,OK,Admin,Delhi,Network,High,Network Support,Open,Server,0,,EMP1418,0,Met
TKT13589,2024-08-23,2024-08-23,OK,Finance,Pune,Email,Critical,Email & Messaging Team,Resolved,Mobile,3.6,5,EMP2043,0.15,Met
TKT10497,2024-06-28,,OK,IT,Pune,Access,High,Identity & Access Team,Open,Mobile,0,,EMP1397,0,Met
TKT15962,2025-03-03,2025-03-03,OK,Operations,Bangalore,Network,Medium,Network Support,Resolved,Server,13.7,3,EMP1989,0.571,Met
TKT15619,2025-04-20,2025-04-20,OK,Admin,Hyderabad,Network,High,Network Support,Closed,Mobile,12.3,2,EMP1244,0.513,Missed
TKT10221,2025-06-08,2025-06-08,OK,IT,Mumbai,Hardware,High,Hardware Support,Resolved,Desktop,0,2,EMP1835,0,Met
TKT14501,2025-04-09,2025-04-09,OK,Finance,Bangalore,Email,MEDIUM,Email & Messaging Team,Resolved,Laptop,20.9,4,EMP2082,0.871,Met
TKT15457,2025-04-03,2025-04-03,OK,Finance,Mumbai,Hardware,Medium,Hardware Support,Resolved,Server,20,5,EMP1714,0.833,Met
TKT12926,2024-12-10,2024-12-10,OK,Operations,Mumbai,Software,Low,Software Support,Resolved,Tablet,21,3,EMP2221,0.875,Met
TKT10921,2024-01-11,2024-01-11,OK,Finance,Delhi,Software, High,Software Support,Resolved,Laptop,3.7,4,EMP1365,0.154,Unknown Priority:  High
TKT16616,2024-06-15,2024-06-15,OK,Marketing,Bangalore,Printer,High,Hardware Support,Resolved,Printer,8.7,4,EMP1953,0.363,Missed
TKT10985,2024-03-10,2024-03-10,OK,HR,Bangalore,Hardware,High,Network Support,Closed,Desktop,15.5,,EMP1323,0.646,Missed
TKT16639,2024-10-06,2024-10-06,OK,Operations,Bangalore,Access,Medium,Identity & Access Team,Resolved,Desktop,23.5,5,EMP1437,0.979,Met
TKT15430,2024-08-24,2024-08-26,OK,Operations,Bangalore,Access,Low,Identity & Access Team,Closed,Laptop,61.8,3,EMP1022,2.575,Missed
TKT11916,2024-05-31,2024-05-31,OK,Finance,Pune,Hardware,Low,Hardware Support,Resolved,Desktop,14.6,5,EMP1019,0.608,Met
TKT10313,2024-08-21,2024-08-23,OK,IT,Chennai,Hardware,Low,Hardware Support,Resolved,Server,52.5,5,EMP1275,2.188,Missed
TKT13214,2024-06-06,2024-06-09,OK,IT,Chennai,Hardware,Medium,Hardware Support,Resolved,DESKTOP,76.5,5,EMP1822,3.188,Missed
TKT12442,2024-03-07,2024-03-07,OK,Finance,Chennai,Hardware,High,Hardware Support,Resolved,Server,7.8,4,EMP1394,0.325,Met
TKT13455,2024-01-06,2024-01-06,OK,Finance,Mumbai,Access,High,Identity & Access Team,Resolved,Desktop,14.5,,EMP2209,0.604,Missed
TKT13829,2025-02-08,2025-02-09,OK,Legal,Delhi,Hardware,Medium,Hardware Support,Resolved,Server,36,5,EMP2143,1.5,Missed
TKT10678,2024-09-30,2024-10-01,OK,Finance,Mumbai,Software,Medium,Network Support,Closed,Laptop,30.2,,EMP1309,1.258,Missed
TKT10166,2025-02-16,2025-02-16,OK,Marketing,Bangalore,Software,Low,Software Support,Closed,desktop,20.1,2,EMP1749,0.838,Met
TKT14425,2024-08-04,2024-08-04,OK,Admin,Delhi,Hardware,Medium,Hardware Support,Resolved,Desktop,20.9,4,EMP1712,0.871,Met
TKT15133,2024-06-30,,OK,HR,Delhi,Hardware,High,Hardware Support,In Progress,Desktop,0,,EMP2137,0,Met
TKT12134,2024-10-11,2024-10-17,OK,Sales,Bangalore,Network,Low,Email & Messaging Team,Closed,Mobile,145.7,3,EMP2225,6.071,Missed
TKT12132,2025-06-04,2025-06-09,OK,Legal,Bangalore,Network,Low,Network Support,Resolved,Mobile,123.1,,EMP2356,5.129,Missed
TKT12255,2025-06-08,2025-06-08,OK,Finance,Chennai,Software,Low,Software Support,Resolved,Laptop,18.5,2,EMP1911,0.771,Met
TKT14200,2024-08-31,,OK,IT,Chennai,Software,Medium,Email & Messaging Team,In Progress,LAPTOP,0,,EMP2126,0,Met
TKT13267,2024-03-25,2024-03-27,OK,Operations,Bangalore,Software,Medium,Software Support,Resolved,Tablet,58.7,3,EMP2296,2.446,Missed
TKT10735,2024-01-22,,OK,HR,Chennai,Hardware,High,Hardware Support,In Progress,Desktop,0,,EMP2387,0,Met
TKT13738,2024-03-17,,OK,Operations,Delhi,Access,low,Identity & Access Team,In Progress,Laptop,0,,EMP1251,0,Met
TKT15301,2025-05-09,2025-05-09,OK,Legal,Chennai,Network,Low,NA,Resolved,Laptop,9.5,4,EMP1047,0.396,Met
TKT10695,2025-06-19,2025-06-20,OK,Sales,Hyderabad,Software,Medium,Software Support,Resolved,Tablet,27.5,4,EMP1313,1.146,Missed
TKT13238,2024-08-21,2024-08-21,OK,Operations,Bangalore,Hardware,Medium,NA,Resolved,Laptop,4.3,,EMP1215,0.179,Met
TKT13916,2025-04-30,2025-04-30,OK,Marketing,Mumbai,Hardware,High,NA,Resolved,Laptop,1.6,,EMP2062,0.067,Met
TKT14594,2025-06-23,2025-06-23,OK,IT,Pune,Printer,High,Hardware Support,Resolved,Printer,8.2,4,EMP1448,0.342,Missed
TKT15437,2024-05-04,,OK,Operations,Bangalore,Access,Medium,Identity & Access Team,In Progress,Laptop,0,,EMP1629,0,Met
TKT15262,2024-12-30,2024-12-30,OK,Finance,Mumbai,Software,High,Software Support,Resolved,Tablet,10.4,5,EMP1621,0.433,Missed
TKT14057,2024-12-28,2024-12-28,OK,Operations,Bangalore,Email,Medium,Email & Messaging Team,Resolved,Tablet,13.9,2,EMP2284,0.579,Met
TKT11349,2025-01-25,2025-01-26,OK,Admin,Bangalore,network,Low,Network Support,Closed,Desktop,46.4,3,EMP1746,1.933,Met
TKT16472,2025-02-09,2025-02-09,OK,Legal,Bangalore,Access,Critical,Identity & Access Team,Resolved,Mobile,5,5,EMP2232,0.208,Missed
TKT14443,2024-12-16,2024-12-17,OK,HR,Delhi,Hardware,Medium,Hardware Support,Resolved,Laptop,36.9,,EMP2322,1.538,Missed
TKT14000,2024-10-22,2024-10-22,OK,Sales,Delhi,Email,Medium,Email & Messaging Team,Resolved,Tablet,3.6,4,EMP1680,0.15,Met
TKT12259,2024-09-09,2024-09-11,OK,Operations,Bangalore,Software,Low,Software Support,Closed,Laptop,54.6,5,EMP1710,2.275,Missed
TKT12616,2025-04-05,2025-04-07,OK,Finance,Bangalore,Software,Medium,Software Support,Closed,Laptop,51.1,4,EMP1007,2.129,Missed
TKT16287,2024-05-02,2024-05-02,OK,Sales,Mumbai,Hardware,High,Hardware Support,Resolved,Laptop,8.5,3,EMP2167,0.354,Missed
TKT10515,2025-03-31,2025-03-31,OK,Admin,Bangalore,Software,Medium,Software Support,Resolved,Tablet,11,4,EMP1360,0.458,Met
TKT15125,2024-06-04,2024-06-05,OK,Operations,Delhi,Software,Medium,Software Support,Resolved,Desktop,45.2,3,EMP1525,1.883,Missed
TKT14961,2025-02-06,2025-02-06,OK,Operations,Bangalore,Email,High,Email & Messaging Team,Resolved,Tablet,8.9,4,EMP1492,0.371,Missed
TKT15323,2024-09-09,2024-09-11,OK,Finance,Pune,Access,Low,Identity & Access Team,Resolved,Laptop,71.7,5,EMP1683,2.988,Missed
TKT12863,2024-01-10,2024-01-10,OK,IT,Delhi,Network,Medium,Network Support,Resolved,SERVER,12.3,5,EMP1054,0.513,Met
TKT16613,2024-03-12,,OK,HR,Pune,Software,Medium,Software Support,In Progress,Desktop,0,,EMP2047,0,Met
TKT13950,2025-01-29,2025-01-29,OK,Operations,Bangalore,Software,Low,Software Support,Resolved,Desktop,11.5,5,EMP1383,0.479,Met
TKT13431,2024-12-27,2024-12-27,OK,Finance,Chennai,Network, Critical,Network Support,Resolved,Mobile,4.6,4,EMP2004,0.192,Unknown Priority:  Critical
TKT14660,2025-01-21,2025-01-21,OK,Sales,Chennai,Access,High,Identity & Access Team,Closed,Laptop,6.7,,EMP1872,0.279,Met
TKT16540,2025-06-01,2025-06-01,OK,Admin,Pune,Email, Critical,Email & Messaging Team,Resolved,Desktop,13.2,,EMP1276,0.55,Unknown Priority:  Critical
TKT16516,2025-06-17,,OK,Marketing,Mumbai,Software,Low,Software Support,Open,Desktop,0,,EMP1048,0,Met
TKT11012,2025-03-04,2025-03-05,OK,Marketing,Pune,Access,Medium,Hardware Support,Resolved,Mobile,29.1,5,EMP2103,1.213,Missed
TKT15400,2024-10-27,2024-10-28,OK,Marketing,Mumbai,Network,Low,Network Support,Closed,Mobile,25.3,,EMP1576,1.054,Met
TKT10891,2024-06-05,2024-06-05,OK,Sales,Chennai,Access,Medium,Identity & Access Team,Resolved,Mobile,16.7,4,EMP2161,0.696,Met
TKT12792,2024-12-07,2024-12-09,OK,Sales,Hyderabad,Access,Medium,Identity & Access Team,Resolved,Mobile,71.2,4,EMP2310,2.967,Missed
TKT15358,2024-09-26,2024-09-29,OK,Finance,Delhi,Access,Medium,Identity & Access Team,Resolved,Desktop,76.9,4,EMP1917,3.204,Missed
TKT13461,2024-10-09,2024-10-09,OK,IT,Chennai,Access,High,Identity & Access Team,Resolved,Laptop,10.6,4,EMP1214,0.442,Missed
TKT14729,2024-05-29,2024-05-29,OK,Sales,Mumbai,Software,Medium,Email & Messaging Team,Resolved,Tablet,6,3,EMP1036,0.25,Met
TKT13966,2024-06-02,,OK,Marketing,Delhi,Software,High,Software Support,In Progress,Laptop,0,,EMP2239,0,Met
TKT10195,2024-04-25,2024-04-25,OK,Operations,Bangalore,Hardware,High,Hardware Support,Resolved,Laptop,2.1,4,EMP1065,0.088,Met
TKT10514,2024-08-29,2024-08-30,OK,Finance,Pune,Access,Medium,Email & Messaging Team,Resolved,Desktop,43.6,2,EMP1354,1.817,Missed
TKT11639,2025-05-05,2025-05-05,OK,Legal,Delhi,Access,High,Identity & Access Team,Closed,Mobile,8.8,4,EMP1214,0.367,Missed
TKT11456,2024-01-22,2024-01-22,OK,IT,Pune,Software,Medium,Software Support,Resolved,desktop,2.4,,EMP1497,0.1,Met
TKT14306,2024-08-12,,OK,Admin,Bangalore,Access,Medium,Identity & Access Team,In Progress,Mobile,0,,EMP1391,0,Met
TKT14045,2024-06-07,2024-06-07,OK,Marketing,Hyderabad,Network,Medium,Network Support,Resolved,Server,12.9,1,EMP1729,0.538,Met
TKT15283,2024-07-25,2024-07-25,OK,HR ,Pune,Network,High,Network Support,Resolved,Laptop,6.6,4,EMP1754,0.275,Met
TKT10636,2024-06-13,2024-06-13,OK,Admin,Mumbai,Printer,High,Hardware Support,Resolved,Printer,11,5,EMP1898,0.458,Missed
TKT16636,2024-11-25,2024-11-28,OK,Operations,Mumbai,Software,Low,Software Support,Resolved,Tablet,73.4,1,EMP1017,3.058,Missed
TKT15218,2024-03-21,2024-03-21,OK,Operations,Mumbai,Network,Medium,Network Support,Resolved,Mobile,9,,EMP1974,0.375,Met
TKT10088,2024-09-13,,OK,Operations,Pune,Software,High,Software Support,Open,tablet,0,,EMP1935,0,Met
TKT11370,2024-11-30,2024-12-01,OK,Legal,Hyderabad,Hardware,Medium,Hardware Support,Resolved,Server,30.9,5,EMP2078,1.288,Missed
TKT14567,2025-02-15,,OK,Admin,Chennai,Email,Medium,Email & Messaging Team,Open,Laptop,0,,EMP1189,0,Met
TKT10191,2025-02-09,2025-02-09,OK,Sales,Bangalore,Hardware,Critical,Hardware Support,Closed,Desktop,3.5,5,EMP1521,0.146,Met
TKT13825,2024-07-31,2024-07-31,OK,Operations,Delhi,Hardware,High,Network Support,Resolved,LAPTOP,2.1,5,EMP1986,0.088,Met
TKT10179,2024-07-23,2024-07-24,OK,Admin,Hyderabad,NETWORK,Medium,Network Support,Resolved,Mobile,34.6,4,EMP1588,1.442,Missed
TKT13925,2024-10-07,2024-10-07,OK,Sales,Chennai,Email,Medium,Email & Messaging Team,Resolved,Laptop,19.7,5,EMP1473,0.821,Met
TKT13841,2024-03-28,2024-03-29,OK,IT,Chennai,Software,Low,Software Support,Resolved,Tablet,43.7,4,EMP1554,1.821,Met
TKT12589,2025-01-03,2025-01-06,OK,Admin,Mumbai,Email,Low,Email & Messaging Team,Resolved,Laptop,76.4,3,EMP2187,3.183,Missed
TKT13465,2024-05-22,2024-05-23,OK,HR,Bangalore,Access,Medium,Identity & Access Team,Resolved,Mobile,38,5,EMP1505,1.583,Missed
TKT16120,2024-12-04,2024-12-04,OK,Sales,Bangalore,Hardware,High,Network Support,Resolved,Desktop,8.9,5,EMP1748,0.371,Missed
TKT16200,2024-09-08,2024-09-11,OK,Marketing,Delhi,Hardware,Low,Hardware Support,Resolved,Server,74.5,3,EMP1404,3.104,Missed
TKT11688,2025-01-31,2025-01-31,OK,Marketing,Mumbai,Hardware,Low,Hardware Support,Resolved,Laptop,3,1,EMP1899,0.125,Met
TKT13322,2024-02-26,2024-02-28,OK,Operations,Chennai,Printer,Low,Hardware Support,Resolved,printer,68.9,3,EMP2396,2.871,Missed
TKT11129,2024-04-24,2024-04-25,OK,Sales,Pune,Software,Medium,Software Support,Resolved,Laptop,42,3,EMP1906,1.75,Missed
TKT13068,2025-04-12,2025-04-12,OK,Finance,Hyderabad,Access,Medium,Identity & Access Team,Resolved,Laptop,19.1,4,EMP2194,0.796,Met
TKT13146,2024-09-16,2024-09-16,OK,IT,Pune,Hardware,Critical,Hardware Support,Resolved,Server,2.2,4,EMP2360,0.092,Met
TKT15909,2024-01-18,2024-01-22,OK,Admin,Delhi,Network, Low,Network Support,Resolved,Mobile,116.9,4,EMP1121,4.871,Unknown Priority:  Low
TKT12560,2024-12-16,2024-12-20,OK,Operations,Bangalore,Hardware,Low,Hardware Support,Resolved,Laptop,115.6,,EMP1371,4.817,Missed
TKT11024,2024-10-18,2024-10-18,OK,Legal,Delhi,Software,High,Software Support,Resolved,Desktop,5.6,3,EMP1339,0.233,Met
TKT15849,2024-03-07,2024-03-07,OK,Admin,Pune,Printer,Medium,Hardware Support,Resolved,Printer,15.2,4,EMP2172,0.633,Met
TKT14568,2024-09-25,2024-09-25,OK,Admin,Bangalore,Hardware,High,Hardware Support,Resolved,Laptop,10.9,5,EMP2139,0.454,Missed
TKT10399,2025-06-19,2025-06-19,OK,Finance,Bangalore,Software,High,Software Support,Closed,Tablet,11.9,4,EMP1241,0.496,Missed
TKT10036,2025-03-22,2025-03-22,OK,HR,Hyderabad,Hardware,High,Hardware Support,Closed,Server,4.6,,EMP2241,0.192,Met
TKT12254,2024-04-23,,OK,Legal,Bangalore,Access,High,Identity & Access Team,In Progress,Mobile,0,,EMP1455,0,Met
TKT12657,2024-12-28,2024-12-29,OK,Sales,Pune,Software,Medium,Software Support,Resolved,Laptop,29.3,5,EMP1882,1.221,Missed
TKT10253,2024-01-01,2024-01-03,OK,Operations,Pune,Software,Low,Software Support,Resolved,Laptop,53.8,5,EMP1876,2.242,Missed
TKT15164,2024-12-25,2024-12-25,OK,IT,Chennai,Email,Low,Email & Messaging Team,Resolved,Mobile,11.8,5,EMP1170,0.492,Met
TKT15382,2024-11-05,,OK,Admin,Hyderabad,Network,Critical,Network Support,In Progress,Desktop,0,,EMP2316,0,Met
TKT12941,2025-06-17,2025-06-17,OK,Unknown,Pune,Hardware,Critical,Hardware Support,Resolved,Desktop,0,4,EMP2118,0,Met
TKT11876,2024-02-13,2024-02-18,OK,Finance,Pune,Software,Low,Software Support,Closed,Tablet,120.8,5,EMP1580,5.033,Missed
TKT10229,2025-05-05,,OK,IT,Mumbai,Network,Medium,Network Support,Open,Mobile,0,,EMP2192,0,Met
TKT13052,2024-05-21,2024-05-21,OK,Legal,Mumbai,Network,High,Network Support,Closed,Desktop,0,,EMP1894,0,Met
TKT11749,2024-04-27,2024-04-28,OK,Sales,Chennai,Software,Medium,Software Support,Resolved,Laptop,34.2,4,EMP2088,1.425,Missed
TKT14870,2025-04-24,2025-04-25,OK,Legal,Delhi,Software,Medium,Software Support,Resolved,Laptop,26.8,4,EMP2202,1.117,Missed
TKT11645,2024-03-28,2024-03-29,OK,Finance,Pune,Access,Low,Identity & Access Team,Resolved,Desktop,28.4,1,EMP2207,1.183,Met
TKT14156,2025-01-21,,OK,IT,Chennai,Hardware,Medium,Hardware Support,Open,Laptop,0,,EMP1049,0,Met
TKT15361,2024-03-07,2024-03-08,OK,Operations,Bangalore,Software,Low,Software Support,Resolved,Desktop,24.3,5,EMP2193,1.013,Met
TKT11610,2025-06-13,2025-06-13,OK,Finance,Mumbai,Access,High,Identity & Access Team,Resolved,Desktop,8.4,5,EMP1214,0.35,Missed
TKT12367,2025-01-16,2025-01-17,OK,Finance,Mumbai,Email,Medium,Email & Messaging Team,Resolved,Mobile,45.7,5,EMP1448,1.904,Missed
TKT14726,2024-10-26,2024-10-27,OK,Operations,Bangalore,Access,Medium,NA,Resolved,Desktop,40.8,5,EMP2226,1.7,Missed
TKT15022,2024-11-16,,OK,Operations,Chennai,Network,Medium,Network Support,Open,Laptop,0,,EMP2029,0,Met
TKT11020,2025-04-04,,OK,Legal,Bangalore,Access,Low,Identity & Access Team,In Progress,Mobile,0,,EMP1837,0,Met
TKT16954,2025-01-10,2025-01-10,OK,Admin,Bangalore,Hardware,High,Hardware Support,Closed,Desktop,4.8,5,EMP1454,0.2,Met
TKT12083,2024-07-02,2024-07-02,OK,Sales,Pune,Network,Medium,Software Support,Resolved,Desktop,2.2,4,EMP1092,0.092,Met
TKT13995,2024-07-21,2024-07-22,OK,Operations,Pune,Hardware,Medium,Hardware Support,Resolved,Laptop,38.1,4,EMP1277,1.588,Missed
TKT11787,2024-02-27,2024-02-28,OK,IT,Chennai,Hardware,Medium,Hardware Support,Resolved,Server,24,,EMP1160,1,Met
TKT12124,2024-08-21,2024-08-22,OK,Operations,Pune,Network,Medium,Network Support,Resolved,Mobile,47,3,EMP1358,1.958,Missed
TKT12222,2024-12-13,2024-12-15,OK,HR,Pune,Software,Medium,Software Support,Closed,Laptop,66.1,3,EMP1511,2.754,Missed
TKT16941,2024-08-20,2024-08-21,OK,Sales,Pune,Hardware,Low,Hardware Support,Resolved,Laptop,38.6,5,EMP2144,1.608,Met
TKT11076,2024-02-02,2024-02-02,OK,Marketing,Delhi,Hardware,Medium,Hardware Support,Resolved,Laptop,14.4,4,EMP1236,0.6,Met
TKT12950,2024-07-27,,OK,Operations,Bangalore,Software,Medium,Software Support,Open,Tablet,0,,EMP1333,0,Met
TKT13861,2025-02-04,2025-02-06,OK,Operations,Pune,Software,Low,Software Support,Resolved,Tablet,51.5,4,EMP2210,2.146,Missed
TKT13904,2024-04-23,2024-04-24,OK,Sales,Pune,Software,Medium,Network Support,Resolved,Laptop,28.4,,EMP2017,1.183,Missed
TKT11850,2024-03-10,,OK,Legal,Pune,Access,Medium,Identity & Access Team,In Progress,laptop,0,,EMP1967,0,Met
TKT12796,2025-06-30,2025-06-30,OK,Operations,Chennai,Hardware,Medium,Hardware Support,Resolved,Server,12,5,EMP1235,0.5,Met
TKT15341,2024-01-08,2024-01-09,OK,Finance,Hyderabad,network,Low,Network Support,Resolved,Mobile,32.9,3,EMP1394,1.371,Met
TKT16957,2024-01-19,2024-01-20,OK,Legal,Mumbai,Network,Low,Network Support,Closed,desktop,33.3,,EMP1050,1.388,Met
TKT14605,2024-02-02,,OK,Operations,Pune,Hardware,High,Hardware Support,Open,Server,0,,EMP1050,0,Met
TKT14807,2025-02-12,2025-02-12,OK,Sales,Bangalore,Software,High,Software Support,Resolved,Tablet,5.2,5,EMP1450,0.217,Met
TKT16834,2025-04-29,2025-04-29,OK,Sales,Delhi,Access,Medium,Identity & Access Team,Resolved,Laptop,15,3,EMP1541,0.625,Met
TKT10608,2024-06-21,2024-06-21,OK,Marketing,Pune,Network,Medium,Network Support,Closed,Laptop,22.4,3,EMP1132,0.933,Met
TKT14484,2025-02-13,2025-02-14,OK,Finance,Pune,network,Medium,Network Support,Resolved,Laptop,38.9,,EMP1675,1.621,Missed
TKT10868,2025-03-01,2025-03-01,OK,IT,Bangalore,Network,Critical,Network Support,Resolved,Laptop,3.4,3,EMP1290,0.142,Met
TKT12800,2024-02-28,2024-02-28,OK,IT,Hyderabad,Access,High,Identity & Access Team,Resolved,Laptop,8.5,5,EMP2061,0.354,Missed
TKT15008,2024-07-01,2024-07-01,OK,IT,Bangalore,Hardware,Medium,Hardware Support,Resolved,desktop,19.1,,EMP1390,0.796,Met
TKT16018,2024-04-21,2024-04-21,OK,Finance,Hyderabad,Network,High,Network Support,Resolved,Desktop,10.7,,EMP2170,0.446,Missed
TKT14245,2024-06-24,2024-06-24,OK,Operations,Mumbai,network,Medium,Network Support,Resolved,Mobile,11.5,4,EMP1677,0.479,Met
TKT14850,2024-02-11,2024-02-12,OK,HR,Hyderabad,Access,Medium,Identity & Access Team,Resolved,Desktop,24.4,4,EMP1425,1.017,Missed
TKT13555,2024-07-10,2024-07-10,OK,Operations,Mumbai,Email,High,Software Support,Resolved,Mobile,3.9,5,EMP1237,0.163,Met
TKT11274,2025-01-07,2025-01-08,OK,Admin,Delhi,Network,Medium,Network Support,Closed,Server,29.2,3,EMP1120,1.217,Missed
TKT14437,2024-03-18,2024-03-20,OK,IT,Bangalore,Hardware,Low,Hardware Support,Resolved,LAPTOP,54.9,3,EMP1833,2.288,Missed
TKT16304,2025-03-01,,OK,Marketing,Pune,Network,Critical,Network Support,Open,Mobile,0,,EMP1866,0,Met
TKT16345,2024-07-31,2024-08-02,OK,Operations,Pune,Email,Low,Email & Messaging Team,Closed,Laptop,48.1,5,EMP1296,2.004,Missed
TKT11116,2025-01-10,2025-01-13,OK,Finance,Pune,Hardware,Low,Hardware Support,Closed,Laptop,85,3,EMP1845,3.542,Missed
TKT10541,2024-09-22,,OK,Sales,Delhi,Network,Medium,Network Support,In Progress,Laptop,0,,EMP1211,0,Met
TKT12740,2024-05-14,2024-05-14,OK,Sales,Chennai,Hardware,Medium,Hardware Support,Closed,Desktop,4.7,5,EMP1364,0.196,Met
TKT13657,2025-05-21,2025-05-21,OK,Operations,Chennai,Software,Critical,Software Support,Resolved,Tablet,1.1,5,EMP1674,0.046,Met
TKT11467,2025-05-24,2025-05-24,OK,Sales,Bangalore,Email,Medium,Email & Messaging Team,Resolved,Tablet,17.2,5,EMP1540,0.717,Met
TKT12658,2025-03-25,2025-03-25,OK,Operations,Chennai,Network,High,Network Support,Resolved,Laptop,4.5,3,EMP1429,0.188,Met
TKT15052,2025-02-05,,OK,Legal,Hyderabad,Email,Low,Email & Messaging Team,In Progress,Tablet,0,,EMP1932,0,Met
TKT10281,2024-03-04,2024-03-04,OK,Legal,Bangalore,Software,High,Software Support,Resolved,Laptop,6.7,5,EMP1455,0.279,Met
TKT12459,2024-08-22,2024-08-24,OK,Admin,Hyderabad,Hardware,Low,Hardware Support,Resolved,Desktop,56.8,1,EMP1992,2.367,Missed
TKT10511,2024-12-04,2024-12-04,OK,Unknown,Mumbai,Email,medium,Email & Messaging Team,Resolved,Tablet,23,1,EMP1665,0.958,Met
TKT14066,2025-03-20,2025-03-20,OK,Sales,Bangalore,Network,Medium,Network Support,Resolved,Mobile,7.8,4,EMP1412,0.325,Met
TKT15689,2025-06-10,,OK,Operations,Pune,Network,Low,Network Support,In Progress,DESKTOP,0,,EMP1330,0,Met
TKT12606,2025-02-22,2025-02-22,OK,Sales,Pune,Access,Critical,Identity & Access Team,Resolved,Desktop,2.4,2,EMP1355,0.1,Met
TKT13767,2025-06-23,2025-06-24,OK,Operations,Bangalore,Network,Low,Network Support,Resolved,Mobile,34.8,4,EMP1723,1.45,Met
TKT11515,2024-07-02,2024-07-03,OK,Marketing,Bangalore,Printer,Medium,Hardware Support,Resolved,Printer,27.6,,EMP1481,1.15,Missed
TKT10688,2024-09-21,2024-09-23,OK,IT,Pune,Software,Medium,Software Support,Resolved,Laptop,0,4,EMP1494,0,Met
TKT10336,2024-05-20,2024-05-20,OK,Operations,Pune,Hardware,High,Hardware Support,Resolved,Server,3.5,2,EMP1857,0.146,Met
TKT14739,2025-02-06,,OK,HR,Pune,Email,Medium,Email & Messaging Team,In Progress,Tablet,0,,EMP1332,0,Met
TKT12363,2024-01-17,2024-01-17,OK,HR,Pune,Hardware,High,Hardware Support,Resolved,Laptop,6.2,1,EMP1787,0.258,Met
TKT12028,2025-02-02,2025-02-02,OK,Operations,Pune,Hardware,Medium,Hardware Support,Resolved,Laptop,18.3,4,EMP2172,0.763,Met
TKT10783,2025-05-15,2025-05-17,OK,Admin,Pune,Access,Low,Identity & Access Team,Resolved,Mobile,60.1,5,EMP2300,2.504,Missed
TKT16683,2024-06-11,2024-06-12,OK,Finance,Delhi,Network,Medium,Network Support,Resolved,Laptop,36.8,3,EMP2278,1.533,Missed
TKT10427,2024-09-10,2024-09-11,OK,Sales,Hyderabad,Network,Medium,Network Support,Resolved,Mobile,28.2,2,EMP1581,1.175,Missed
TKT14718,2025-06-15,2025-06-15,OK,IT,Chennai,network,High,Network Support,Resolved,Desktop,17,5,EMP2310,0.708,Missed
TKT13579,2025-01-06,2025-01-07,OK,IT,Hyderabad,Hardware,Low,Hardware Support,Resolved,Server,32,4,EMP2003,1.333,Met
TKT11158,2024-08-02,2024-08-02,OK,Marketing,Pune,Network,Medium,Network Support,Resolved,Laptop,4,4,EMP2353,0.167,Met
TKT16237,2024-01-27,,OK,Admin,Bangalore,NETWORK,High,Network Support,In Progress,Server,0,,EMP1931,0,Met
TKT10835,2024-06-21,2024-06-23,OK,Operations,Hyderabad,Printer,Low,Hardware Support,Resolved,Printer,54.4,,EMP2381,2.267,Missed
TKT12044,2024-01-16,2024-01-16,OK,Sales,Pune,Email,Medium,Email & Messaging Team,Resolved,desktop,10.5,5,EMP1971,0.438,Met
TKT15547,2024-08-19,2024-08-19,OK,Sales,Bangalore,Printer,Medium,Hardware Support,Resolved,Printer,11.9,2,EMP1748,0.496,Met
TKT14491,2024-06-29,2024-06-30,OK,Operations,Pune,Network,Medium,Network Support,Resolved,Server,34.8,,EMP2210,1.45,Missed
TKT14942,2025-01-11,2025-01-11,OK,Sales,Bangalore,Printer,Low,Hardware Support,Resolved,Printer,11.3,5,EMP1051,0.471,Met
TKT12624,2024-10-30,2024-10-30,OK,Marketing,Bangalore,Access,High,Identity & Access Team,Resolved,Mobile,3.4,4,EMP1256,0.142,Met
TKT14033,2025-05-26,2025-05-27,OK,Operations,Delhi,Hardware,Medium,Hardware Support,Resolved,Server,32.5,5,EMP1337,1.354,Missed
TKT12622,2024-06-17,2024-06-18,OK,IT,Delhi,NETWORK, Low,Network Support,Resolved,Mobile,24.4,,EMP2236,1.017,Unknown Priority:  Low
TKT14981,2024-05-21,2024-05-21,OK,IT,Mumbai,Software,Critical,Software Support,Resolved,Tablet,2.4,5,EMP1077,0.1,Met
TKT13351,2024-12-26,2024-12-26,OK,IT,Hyderabad,Email,Medium,Email & Messaging Team,Resolved,Tablet,7.1,5,EMP1900,0.296,Met
TKT12784,2024-05-27,2024-05-28,OK,Marketing,Mumbai,Printer,Low,Hardware Support,Resolved,Printer,25.8,3,EMP1954,1.075,Met
TKT10950,2024-01-10,2024-01-10,OK,Admin,Delhi,Hardware,Critical,Software Support,Resolved,Laptop,2.9,4,EMP2216,0.121,Met
TKT11762,2025-03-21,2025-03-21,OK,IT,Pune,Network,High,Identity & Access Team,Resolved,Mobile,13.7,4,EMP2016,0.571,Missed
TKT14079,2025-04-02,2025-04-03,OK,Admin,Chennai,Network,Medium,Network Support,Resolved,Desktop,37.6,4,EMP1629,1.567,Missed
TKT12328,2025-04-02,2025-04-02,OK,IT,Pune,Access,Critical,Identity & Access Team,Closed,desktop,11,4,EMP1961,0.458,Missed
TKT13712,2024-02-10,2024-02-10,OK,HR,Hyderabad,Hardware,Medium,Hardware Support,Resolved,Laptop,1,3,EMP1987,0.042,Met
TKT10338,2024-04-01,2024-04-01,OK,HR,Bangalore,Email,Medium,Email & Messaging Team,Resolved,Desktop,11.6,5,EMP1226,0.483,Met
TKT16372,2025-04-02,2025-04-02,OK,Marketing,Chennai,Hardware,Medium,Hardware Support,Closed,Laptop,23.7,5,EMP1517,0.988,Met
TKT13771,2024-02-01,2024-02-01,OK,HR,Pune,Hardware,High,Hardware Support,Resolved,Desktop,3,,EMP1900,0.125,Met
TKT12057,2025-04-28,2025-04-28,OK,Sales,Bangalore,Network,Medium,Network Support,Resolved,Laptop,2.7,1,EMP1831,0.113,Met
TKT15206,2024-06-17,2024-06-17,OK,Operations,Mumbai,Software,Medium,Software Support,Resolved,Tablet,17.6,3,EMP1439,0.733,Met
TKT10294,2024-12-31,2024-12-31,OK,Finance,Pune,Printer,Medium,Network Support,Closed,Printer,21.8,5,EMP1457,0.908,Met
TKT16213,2024-12-20,,OK,Finance,Pune,Network,High,Email & Messaging Team,Open,Laptop,0,,EMP2069,0,Met
TKT12206,2025-03-19,2025-03-19,OK,Admin,Pune,NETWORK,High,Network Support,Resolved,Laptop,16.3,3,EMP1985,0.679,Missed
TKT13414,2024-03-15,2024-03-15,OK,Admin,Bangalore,Access,High,Identity & Access Team,Resolved,Laptop,10.4,5,EMP1758,0.433,Missed
TKT13194,2024-11-19,2024-11-19,OK,Sales,Mumbai,Hardware,High,Hardware Support,Resolved,Laptop,2,4,EMP1515,0.083,Met
TKT12594,2025-01-18,2025-01-19,OK,Operations,Bangalore,Software,Low,Software Support,Resolved,Desktop,46.3,5,EMP1959,1.929,Met
TKT16965,2025-05-03,2025-05-03,OK,Operations,Chennai,Printer,High,Hardware Support,Resolved,Printer,6.2,4,EMP1802,0.258,Met
TKT12073,2024-02-20,2024-02-20,OK,Marketing,Pune,Network,Critical,Network Support,Resolved,LAPTOP,2.2,,EMP2336,0.092,Met
TKT10471,2024-12-15,2024-12-15,OK,Legal,Chennai,Email,Critical,Email & Messaging Team,Resolved,Mobile,0,2,EMP1804,0,Met
TKT10558,2024-02-23,2024-02-23,OK,Finance,Delhi,Hardware,Medium,Hardware Support,Resolved,Desktop,15.9,5,EMP2100,0.663,Met
TKT16135,2024-10-12,,OK,Sales,Pune,Access,Low,Identity & Access Team,Open,DESKTOP,0,,EMP1560,0,Met
TKT16438,2024-01-10,,OK,Sales,Delhi,Software,Low,Software Support,In Progress,Tablet,0,,EMP1744,0,Met
TKT16915,2024-06-04,2024-06-04,OK,Legal,Pune,Hardware,Critical,Hardware Support,Resolved,Laptop,12.6,5,EMP1088,0.525,Missed
TKT11263,2024-07-13,2024-07-13,OK,Sales,Delhi,Software,Medium,Software Support,Resolved,Desktop,14.5,1,EMP1467,0.604,Met
TKT16997,2024-10-12,2024-10-12,OK,Finance,Mumbai,Software,High,Software Support,Closed,DESKTOP,6,5,EMP2362,0.25,Met
TKT13237,2024-07-18,2024-07-18,OK,Finance,Hyderabad,Software,High,Software Support,Resolved,Laptop,10.3,3,EMP1134,0.429,Missed
TKT11023,2024-07-01,2024-07-02,OK,Marketing,Chennai,Software,Low,Software Support,Resolved,Desktop,34,5,EMP1293,1.417,Met
TKT10121,2024-11-26,2024-11-27,OK,Finance,Hyderabad,Access,Medium,Identity & Access Team,Resolved,Mobile,31.3,4,EMP2284,1.304,Missed
TKT10906,2024-01-15,,OK,Sales,Bangalore,Network,Medium,Network Support,Open,Desktop,0,,EMP1758,0,Met
TKT13769,2024-11-04,2024-11-04,OK,Marketing,Bangalore,Hardware,MEDIUM,Hardware Support,Closed,Desktop,18.7,4,EMP1552,0.779,Met
TKT11307,2025-05-22,2025-05-22,OK,HR ,Delhi,Access,Medium,Identity & Access Team,Closed,Mobile,4,,EMP1295,0.167,Met
TKT15485,2024-10-23,,OK,Finance,Pune,Hardware,High,Hardware Support,Open,Desktop,0,,EMP1927,0,Met
TKT13819,2025-05-06,2025-05-06,OK,HR ,Pune,Hardware, Critical,Hardware Support,Resolved,Desktop,4.9,3,EMP2279,0.204,Unknown Priority:  Critical
TKT15431,2025-06-12,2025-06-14,OK,IT,Pune,Email,Medium,Email & Messaging Team,Resolved,Desktop,50.5,3,EMP1963,2.104,Missed
TKT12559,2025-04-12,2025-04-12,OK,Admin,Mumbai,Printer,High,Hardware Support,Resolved,Printer,5.1,5,EMP2379,0.213,Met
TKT16324,2024-12-13,2024-12-13,OK,Sales,Bangalore,Network,medium,Network Support,Resolved,Desktop,0.9,5,EMP1832,0.038,Met
TKT11936,2024-11-21,2024-11-21,OK,HR,Bangalore,Software,Medium,Software Support,Resolved,Laptop,21.2,2,EMP1207,0.883,Met
TKT13882,2025-03-25,2025-03-23,ERROR,Legal,Bangalore,Hardware,Critical,Hardware Support,Closed,Desktop,8.1,5,EMP1165,0.338,Missed
TKT13893,2025-06-24,2025-06-25,OK,Sales,Delhi,Access,Low,Identity & Access Team,Resolved,Laptop,47.7,5,EMP1356,1.988,Met
TKT11094,2025-06-28,2025-06-29,OK,IT,Pune,Hardware,Medium,Hardware Support,Closed,Desktop,29.7,2,EMP1811,1.238,Missed
TKT13856,2025-04-29,,OK,Sales,Delhi,Network,Medium,Network Support,In Progress,Laptop,0,,EMP2133,0,Met
TKT14037,2024-09-17,2024-09-20,OK,Sales,Hyderabad,Hardware,Low,Hardware Support,Resolved,Desktop,86.1,2,EMP1416,3.588,Missed
TKT15656,2025-06-08,2025-06-09,OK,Sales,Pune,Network,Medium,Network Support,Resolved,Desktop,44.6,4,EMP1602,1.858,Missed
TKT10816,2024-01-21,2024-01-21,OK,Marketing,Bangalore,Software,High,Software Support,Resolved,Tablet,1.8,4,EMP1806,0.075,Met
TKT13104,2024-04-23,2024-04-24,OK,HR,Delhi,Software,Medium,Software Support,Resolved,Tablet,36.7,5,EMP2174,1.529,Missed
TKT14960,2025-01-06,2025-01-06,OK,IT,Bangalore,Hardware,Medium,Hardware Support,Resolved,Server,17.9,3,EMP1186,0.746,Met
TKT11083,2024-06-12,2024-06-12,OK,HR,Pune,Network,High,Network Support,Resolved,Server,14.9,4,EMP1705,0.621,Missed
TKT11209,2025-03-31,2025-04-02,OK,HR,Mumbai,Network,Medium,Network Support,Resolved,Desktop,50.3,5,EMP1062,2.096,Missed
TKT15484,2024-07-15,2024-07-18,OK,HR,Pune,Printer,Low,Hardware Support,Resolved,Printer,88.8,3,EMP1203,3.7,Missed
TKT11290,2024-08-23,2024-08-24,OK,IT,Delhi,Network,Medium,Network Support,Resolved,Mobile,29.1,,EMP2160,1.213,Missed
TKT15954,2025-01-19,2025-01-19,OK,Admin,Chennai,Email,High,Email & Messaging Team,Resolved,Laptop,20.8,5,EMP1415,0.867,Missed
TKT14192,2025-01-06,,OK,Sales,Delhi,Network,Medium,Network Support,In Progress,desktop,0,,EMP1259,0,Met
TKT12429,2024-10-12,2024-10-12,OK,Legal,Mumbai,Access,Medium,Identity & Access Team,Resolved,Laptop,17.8,3,EMP1446,0.742,Met
TKT10605,2024-04-22,2024-04-24,OK,Admin,Bangalore,Software,Medium,NA,Resolved,Desktop,50,5,EMP2064,2.083,Missed
TKT12115,2024-08-02,2024-08-02,OK,Sales,Mumbai,Hardware,Critical,Hardware Support,Resolved,Desktop,7.4,4,EMP1502,0.308,Missed
TKT10551,2025-03-12,2025-03-13,OK,Finance,Chennai,Network,medium,Network Support,Closed,Laptop,41.5,5,EMP1690,1.729,Missed
TKT12300,2024-07-09,,OK,Finance,Pune,Network,Medium,Network Support,In Progress,Server,0,,EMP1301,0,Met
TKT10476,2024-08-24,2024-08-24,OK,HR,Delhi,Access,High,Identity & Access Team,Resolved,Laptop,2.1,5,EMP1053,0.088,Met
TKT15596,2024-06-23,2024-06-23,OK,IT,Bangalore,Hardware,High,Hardware Support,Closed,Laptop,5.1,5,EMP1572,0.213,Met
TKT10213,2025-01-23,2025-01-24,OK,HR,Delhi,Email,Medium,Email & Messaging Team,Resolved,LAPTOP,35.7,2,EMP1772,1.488,Missed
TKT13513,2024-02-17,2024-02-19,OK,Sales,Mumbai,Network,Medium,Network Support,Resolved,Desktop,56.4,1,EMP2055,2.35,Missed
TKT16822,2025-06-21,2025-06-23,OK,Finance,Bangalore,Software,Low,Software Support,Resolved,Laptop,59.8,4,EMP1690,2.492,Missed
TKT15685,2024-09-19,,OK,Operations,Hyderabad,Software,Medium,Hardware Support,Open,Laptop,0,,EMP1112,0,Met
TKT12025,2024-02-16,2024-02-16,OK,Operations,Bangalore,Access,Medium,Identity & Access Team,Resolved,Laptop,10.9,,EMP1568,0.454,Met
TKT16475,2025-01-30,2025-02-02,OK,Finance,Pune,Email,Low,Email & Messaging Team,Resolved,Desktop,84.4,3,EMP1327,3.517,Missed
TKT12481,2024-03-10,2024-03-12,OK,Operations,Mumbai,Hardware,Medium,Hardware Support,Resolved,Server,58.1,5,EMP1565,2.421,Missed
TKT10277,2024-11-18,2024-11-18,OK,Operations,Pune,Software,Medium,Hardware Support,Resolved,Desktop,13.6,5,EMP1804,0.567,Met
TKT14602,2024-07-04,2024-07-05,OK,Admin,Delhi,Software,Low,Software Support,Resolved,Tablet,41.2,5,EMP2149,1.717,Met
TKT15432,2024-01-22,2024-01-23,OK,Operations,Hyderabad,Network,Low,Network Support,Resolved,Laptop,37.7,,EMP1465,1.571,Met
TKT16741,2024-04-05,2024-04-05,OK,Finance,Mumbai,Access,Medium,Identity & Access Team,Resolved,Laptop,17.4,3,EMP1251,0.725,Met
TKT12340,2025-02-04,2025-02-04,OK,Finance,Pune,Access,Medium,Identity & Access Team,Resolved,Mobile,13.2,4,EMP2360,0.55,Met
TKT10902,2025-03-23,,OK,Unknown,Pune,Printer,Medium,Hardware Support,Open,Printer,0,,EMP1726,0,Met
TKT14545,2025-05-15,,OK,Finance,Mumbai,Software,medium,Software Support,In Progress,laptop,0,,EMP1585,0,Met
TKT11410,2024-10-31,,OK,Operations,Delhi,Email,Critical,Email & Messaging Team,In Progress,Mobile,0,,EMP1205,0,Met
TKT16631,2025-04-19,2025-04-20,OK,Legal,Delhi,Network,Medium,Software Support,Resolved,Desktop,44.4,,EMP1062,1.85,Missed
TKT10990,2025-01-23,2025-01-26,OK,Operations,Chennai,Network,Low,Network Support,Resolved,Desktop,80.9,1,EMP2396,3.371,Missed
TKT10304,2025-01-31,2025-02-01,OK,Admin,Bangalore,Network,Medium,Network Support,Resolved,Server,33.3,4,EMP1378,1.388,Missed
TKT13560,2024-12-08,2024-12-08,OK,Sales,Pune,Hardware,High,Hardware Support,Resolved,Desktop,10.9,4,EMP2362,0.454,Missed
TKT14492,2024-01-25,2024-01-26,OK,Marketing,Delhi,Hardware,Medium,Hardware Support,Resolved,Laptop,33.2,5,EMP1611,1.383,Missed
TKT16978,2025-03-18,,OK,Marketing,Bangalore,Network,Low,Network Support,Open,Laptop,0,,EMP2216,0,Met
TKT11997,2024-10-18,2024-10-19,OK,Admin,Mumbai,Access,Medium,Identity & Access Team,Resolved,Desktop,27.2,5,EMP1426,1.133,Missed
TKT12116,2024-11-23,2024-11-23,OK,Marketing,Pune,Hardware,High,Hardware Support,Resolved,Laptop,7.4,4,EMP1957,0.308,Met
TKT16164,2025-05-16,,OK,Marketing,Pune,Printer,Medium,Hardware Support,Open,Printer,0,,EMP2054,0,Met
TKT11902,2024-02-05,2024-02-05,OK,Marketing,Pune,Access,High,Identity & Access Team,Closed,Laptop,13.3,3,EMP2340,0.554,Missed
TKT13333,2024-01-15,2024-01-17,OK,Legal,Hyderabad,Network,Medium,Network Support,Resolved,Server,62.3,5,EMP1015,2.596,Missed
TKT11155,2024-01-17,,OK,Sales,Pune,Network,Medium,Network Support,Open,Laptop,0,,EMP1014,0,Met
TKT15530,2024-06-17,,OK,Sales,Chennai,Network,High,Network Support,In Progress,server,0,,EMP2237,0,Met
TKT13473,2025-04-28,2025-04-29,OK,Sales,Mumbai,Software,Medium,Software Support,Resolved,TABLET,32.7,,EMP2356,1.363,Missed
TKT11474,2024-01-28,2024-01-28,OK,Legal,Pune,Email,Medium,Email & Messaging Team,Closed,Laptop,14.2,4,EMP1791,0.592,Met
TKT16199,2024-08-25,2024-08-25,OK,IT,Delhi,Email,Medium,Software Support,Resolved,Tablet,23,1,EMP1851,0.958,Met
TKT13012,2024-01-28,2024-01-28,OK,Legal,Hyderabad,Access,Medium,Identity & Access Team,Resolved,Desktop,21.3,5,EMP1781,0.888,Met
TKT16983,2024-08-20,2024-08-21,OK,Operations,Pune,Access,Medium,Email & Messaging Team,Closed,Desktop,24.5,,EMP2088,1.021,Missed
TKT10151,2025-04-01,2025-04-01,OK,Finance,Delhi,Software,Medium,Software Support,Closed,Desktop,16.6,,EMP1439,0.692,Met
TKT16973,2024-07-20,2024-07-20,OK,HR,Mumbai,Access,High,Identity & Access Team,Resolved,Mobile,3.2,3,EMP1491,0.133,Met
TKT11122,2025-06-21,2025-06-22,OK,HR,Chennai,Hardware,Medium,Hardware Support,Resolved,Desktop,33.1,5,EMP1987,1.379,Missed
TKT14557,2024-12-02,2024-12-02,OK,Sales,Bangalore,Hardware,High,Hardware Support,Resolved,Laptop,5.2,5,EMP1564,0.217,Met
TKT14075,2024-12-22,2024-12-22,OK,Admin,Chennai,Access,Medium,Identity & Access Team,Resolved,Desktop,16.3,3,EMP1511,0.679,Met
TKT11131,2024-04-24,2024-04-24,OK,Admin,Mumbai,Email,High,Email & Messaging Team,Resolved,Mobile,21.4,4,EMP1373,0.892,Missed
TKT13955,2024-06-08,2024-06-08,OK,HR,Delhi,Software,CRITICAL,Software Support,Resolved,Desktop,3.2,5,EMP1715,0.133,Met
TKT15564,2024-05-08,2024-05-08,OK,Admin,Delhi,Software,High,Software Support,Resolved,Laptop,11.7,3,EMP2284,0.488,Missed
TKT12798,2024-12-11,2024-12-11,OK,Sales,Bangalore,Network,Medium,Network Support,Resolved,Laptop,22.3,3,EMP2030,0.929,Met
TKT12804,2025-06-13,2025-06-16,OK,Sales,Hyderabad,Network,Low,Network Support,Closed,Desktop,83.7,,EMP1991,3.488,Missed
TKT11049,2025-05-15,2025-05-16,OK,Legal,Pune,Access,Medium,Identity & Access Team,Resolved,Desktop,27.6,5,EMP2117,1.15,Missed
TKT10812,2025-06-11,2025-06-11,OK,Sales,Chennai,Printer,High,Hardware Support,Resolved,Printer,9,4,EMP2331,0.375,Missed
TKT12710,2025-02-15,2025-02-15,OK,Finance,Bangalore,Hardware,High,Hardware Support,Resolved,Server,2.2,,EMP1930,0.092,Met
TKT13911,2025-03-09,,OK,Legal,Delhi,Access,Medium,Identity & Access Team,In Progress,Mobile,0,,EMP2329,0,Met
TKT11558,2024-06-15,2024-06-15,OK,Finance,Bangalore,Access,High,Identity & Access Team,Closed,Desktop,5.5,,EMP1430,0.229,Met
TKT11064,2024-10-08,2024-10-09,OK,IT,Hyderabad,Email,Medium,Email & Messaging Team,Resolved,Mobile,25,1,EMP2314,1.042,Missed
TKT13155,2024-06-02,2024-06-03,OK,Admin,Mumbai,Hardware,Medium,Hardware Support,Resolved,Desktop,39.4,1,EMP1232,1.642,Missed
TKT12304,2025-03-31,2025-03-31,OK,Operations,Hyderabad,Access,High,Identity & Access Team,Resolved,Desktop,15.3,4,EMP1024,0.638,Missed
TKT12983,2025-01-09,2025-01-09,OK,Admin,Delhi,Access,Medium,Identity & Access Team,Resolved,Laptop,7.7,4,EMP1471,0.321,Met
TKT14966,2024-10-27,2024-10-27,OK,Unknown,Delhi,Email,medium,Email & Messaging Team,Resolved,Laptop,10.7,3,EMP1146,0.446,Met
TKT16958,2025-06-18,2025-06-18,OK,Admin,Bangalore,Email,Medium,Email & Messaging Team,Resolved,TABLET,11.3,5,EMP2166,0.471,Met
TKT10893,2025-04-29,2025-04-29,OK,HR,Mumbai,Hardware,High,Hardware Support,Resolved,Desktop,11.4,4,EMP1524,0.475,Missed
TKT12922,2024-01-31,2024-02-02,OK,Sales,Delhi,Email,Medium,Email & Messaging Team,Closed,Mobile,52,4,EMP1261,2.167,Missed
TKT16758,2024-06-09,2024-06-09,OK,Finance,Delhi,Access,Medium,Identity & Access Team,Resolved,Desktop,2.5,5,EMP1724,0.104,Met
TKT15500,2024-06-04,2024-06-05,OK,Admin,Bangalore,Software,Medium,Software Support,Resolved,Tablet,27.1,3,EMP1296,1.129,Missed
TKT11101,2024-01-13,2024-01-13,OK,Operations,Bangalore,Software,medium,Software Support,Resolved,Tablet,6.7,4,EMP1702,0.279,Met
TKT12437,2024-10-27,2024-10-28,OK,Sales,Hyderabad,Hardware,Medium,Hardware Support,Resolved,Desktop,30.5,3,EMP1022,1.271,Missed
TKT12985,2024-02-26,2024-02-29,OK,Admin,Mumbai,Access, Low,Identity & Access Team,Resolved,Mobile,85,3,EMP2281,3.542,Unknown Priority:  Low
TKT16551,2024-06-13,2024-06-13,OK,Operations,Pune,Software,Low,Software Support,Resolved,Tablet,16.1,3,EMP1439,0.671,Met
TKT11316,2024-06-07,2024-06-07,OK,HR,Bangalore,Email,Critical,Email & Messaging Team,Resolved,Tablet,0,4,EMP1157,0,Met
TKT15231,2024-04-14,2024-04-14,OK,Operations,Bangalore,Printer,High,Hardware Support,Resolved,Printer,6,4,EMP2032,0.25,Met
TKT11649,2024-03-29,2024-04-01,OK,Sales,Mumbai,network,Low,Network Support,Resolved,Server,75.7,5,EMP1184,3.154,Missed
TKT15120,2025-02-25,2025-02-27,OK,Admin,Pune,Email,Low,Email & Messaging Team,Resolved,Mobile,50.9,3,EMP1646,2.121,Missed
TKT14343,2024-01-25,,OK,Marketing,Pune,Software,Medium,Software Support,In Progress,Laptop,0,,EMP1937,0,Met
TKT14242,2024-06-06,2024-06-07,OK,Admin,Mumbai,Network,Low,Network Support,Closed,Mobile,46.3,3,EMP1420,1.929,Met
TKT10796,2024-08-27,2024-08-27,OK,Admin,Chennai,Network,Medium,Network Support,Resolved,Server,5.6,5,EMP2242,0.233,Met
TKT10590,2024-11-03,2024-11-03,OK,IT,Bangalore,Software,Medium,Software Support,Resolved,Laptop,19.5,4,EMP2311,0.813,Met
TKT16767,2024-04-20,2024-04-20,OK,HR,Pune,Access,Medium,Identity & Access Team,Resolved,Desktop,19.8,,EMP2081,0.825,Met
TKT10074,2024-11-18,2024-11-19,OK,Sales,Bangalore,Software,Medium,Software Support,Resolved,Laptop,24.3,5,EMP1516,1.013,Missed
TKT10461,2025-02-12,2025-02-12,OK,Sales,Pune,Network,Medium,Network Support,Resolved,Mobile,10.2,5,EMP2027,0.425,Met
TKT10487,2024-01-06,,OK,Legal,Hyderabad,Network,Medium,Network Support,In Progress,Mobile,0,,EMP2245,0,Met
TKT14543,2024-04-27,,OK,Operations,Bangalore,Network,High,Network Support,Open,Server,0,,EMP1318,0,Met
TKT12139,2024-06-14,2024-06-15,OK,Admin,Pune,Email,Low,Network Support,Resolved,Tablet,46.4,4,EMP1698,1.933,Met
TKT11230,2024-06-22,2024-06-23,OK,HR,Hyderabad,Network,Medium,Network Support,Resolved,Laptop,27.3,3,EMP1658,1.138,Missed
TKT10493,2024-10-21,2024-10-21,OK,HR,Pune,Network,medium,Email & Messaging Team,Resolved,Laptop,12.7,4,EMP1874,0.529,Met
TKT14267,2025-04-10,2025-04-10,OK,Admin,Pune,Network,High,Network Support,Closed,Mobile,5,5,EMP1400,0.208,Met
TKT13694,2024-09-06,2024-09-06,OK,Sales,Hyderabad,Access,High,Identity & Access Team,Resolved,Laptop,22.6,,EMP1316,0.942,Missed
TKT12105,2024-01-12,2024-01-12,OK,Legal,Pune,Access,High,Identity & Access Team,Resolved,Mobile,6.9,4,EMP1443,0.288,Met
TKT16549,2025-06-07,2025-06-08,OK,Sales,Hyderabad,Network,Medium,Network Support,Resolved,Desktop,31.9,,EMP2206,1.329,Missed
TKT11266,2024-07-21,2024-07-21,OK,HR,Bangalore,Network,High,Network Support,Resolved,Desktop,8.8,3,EMP1044,0.367,Missed
TKT16744,2025-01-09,2025-01-11,OK,Operations,Hyderabad,Software,Low,Software Support,Resolved,Desktop,68,5,EMP2310,2.833,Missed
TKT15112,2025-04-03,2025-04-03,OK,Operations,Bangalore,Software,Medium,Software Support,Resolved,Laptop,8.3,2,EMP1225,0.346,Met
TKT13419,2024-12-24,,OK,Finance,Bangalore,Access,Low,Identity & Access Team,In Progress,Desktop,0,,EMP1985,0,Met
TKT10098,2025-03-30,2025-03-30,OK,Sales,Pune,Software,Medium,Software Support,Resolved,Tablet,6.3,,EMP1910,0.263,Met
TKT13274,2024-05-17,2024-05-17,OK,Admin,Pune,Hardware,High,Hardware Support,Resolved,Server,5.4,4,EMP2215,0.225,Met
TKT16981,2024-04-14,2024-04-15,OK,Operations,Chennai,Email,Medium,Email & Messaging Team,Closed,Desktop,24.9,4,EMP1120,1.038,Missed
TKT12528,2025-06-16,2025-06-17,OK,HR,Delhi,Software,Medium,Software Support,Resolved,Laptop,29.5,5,EMP1520,1.229,Missed
TKT16468,2025-03-20,2025-03-21,OK,Finance,Bangalore,Software,Medium,Software Support,Resolved,Tablet,39.8,4,EMP1062,1.658,Missed
TKT15314,2024-12-25,2024-12-25,OK,Operations,Pune,Network,High,Network Support,Resolved,Mobile,6.2,4,EMP1417,0.258,Met
TKT11773,2025-04-28,2025-04-28,OK,Finance,Mumbai,Email,Medium,Email & Messaging Team,Resolved,Tablet,13.1,5,EMP2199,0.546,Met
TKT11468,2024-12-20,2024-12-23,OK,Marketing,Hyderabad,Email,Low,Email & Messaging Team,Resolved,Desktop,75.9,,EMP1274,3.163,Missed
TKT11750,2024-11-08,,OK,Operations,Mumbai,Email,Critical,Email & Messaging Team,In Progress,Desktop,0,,EMP1249,0,Met
TKT16908,2024-04-15,2024-04-15,OK,Sales,Bangalore,Network,Medium,Network Support,Resolved,Mobile,13.5,4,EMP1378,0.563,Met
TKT11479,2024-10-19,2024-10-20,OK,Operations,Bangalore,Network,Medium,Network Support,Closed,Laptop,25.4,1,EMP2175,1.058,Missed
TKT11891,2025-05-01,2025-05-01,OK,Sales,Delhi,Hardware,Medium,Hardware Support,Resolved,Laptop,18.3,3,EMP1920,0.763,Met
TKT14195,2025-06-02,2025-06-02,OK,Operations,Chennai,Software,Medium,Software Support,Resolved,Tablet,17.4,5,EMP2335,0.725,Met
TKT13141,2024-12-08,2024-12-12,OK,Admin,Mumbai,Email,Low,Email & Messaging Team,Resolved,Desktop,98.2,5,EMP1662,4.092,Missed
TKT16569,2025-03-09,2025-03-09,OK,Marketing,Mumbai,Software,HIGH,Software Support,Resolved,Desktop,10.8,5,EMP2021,0.45,Missed
TKT14444,2024-06-08,2024-06-09,OK,HR ,Chennai,Network,Medium,Network Support,Resolved,Server,28.4,5,EMP2331,1.183,Missed
TKT12951,2024-04-13,2024-04-14,OK,Operations,Hyderabad,Email,Low,Network Support,Resolved,Laptop,26.1,3,EMP2229,1.088,Met
TKT10602,2024-09-04,2024-09-05,OK,HR,Delhi,Hardware,Medium,Hardware Support,Closed,Server,28.9,2,EMP2034,1.204,Missed
TKT13943,2024-12-26,2024-12-26,OK,Admin,Chennai,Network,High,Network Support,Resolved,Laptop,18.6,5,EMP1214,0.775,Missed
TKT13222,2025-03-21,2025-03-22,OK,Legal,Mumbai,Software,Low,Software Support,Closed,desktop,39.3,4,EMP1089,1.638,Met
TKT10396,2024-01-02,,OK,Finance,Chennai,Software,High,Software Support,In Progress,Laptop,0,,EMP2389,0,Met
TKT10022,2024-10-30,2024-10-31,OK,Sales,Bangalore,Printer,Low,Hardware Support,Resolved,Printer,24.1,,EMP1445,1.004,Met
TKT15680,2025-03-29,2025-03-30,OK,Marketing,Hyderabad,Hardware,Medium,Hardware Support,Resolved,Server,30.6,5,EMP2000,1.275,Missed
TKT11039,2024-12-27,2024-12-27,OK,Marketing,Pune,Access,Low,Identity & Access Team,Resolved,Mobile,12.4,1,EMP2132,0.517,Met
TKT12301,2024-01-07,2024-01-07,OK,Operations,Mumbai,Software,Medium,Software Support,Resolved,tablet,6.4,,EMP1587,0.267,Met
TKT16383,2024-10-25,,OK,Marketing,Delhi,Access,Medium,Identity & Access Team,Open,Laptop,0,,EMP1044,0,Met
TKT15961,2024-03-13,2024-03-15,OK,Marketing,Pune,Software,Low,Software Support,Resolved,Desktop,53.6,4,EMP2150,2.233,Missed
TKT15241,2025-01-13,2025-01-13,OK,Sales,Delhi,Network,Medium,Network Support,Resolved,Server,10.1,4,EMP1542,0.421,Met
TKT10845,2024-06-05,2024-06-05,OK,Admin,Delhi,Hardware,High,Hardware Support,Resolved,Desktop,15.1,3,EMP2047,0.629,Missed
TKT13358,2025-01-04,2025-01-04,OK,Marketing,Delhi,Network,High,Network Support,Closed,MOBILE,1.9,5,EMP2028,0.079,Met
TKT12894,2025-01-25,2025-01-25,OK,Operations,Pune,Printer,High,Hardware Support,Resolved,Printer,14.5,2,EMP2330,0.604,Missed
TKT12603,2024-08-22,2024-08-22,OK,Admin,Bangalore,Software,Medium,Software Support,Resolved,TABLET,4.4,,EMP2208,0.183,Met
TKT15317,2024-11-15,2024-11-18,OK,Operations,Delhi,Printer,Low,Hardware Support,Resolved,Printer,81,,EMP2305,3.375,Missed
TKT13418,2024-04-18,2024-04-18,OK,Operations,Chennai,Software,High,Software Support,Resolved,Laptop,1.3,5,EMP1847,0.054,Met
TKT16690,2024-10-12,2024-10-12,OK,IT,Hyderabad,Printer,High,Hardware Support,Closed,Printer,3.8,5,EMP1182,0.158,Met
TKT14347,2024-11-19,2024-11-22,OK,Sales,Pune,Hardware, Low,Hardware Support,Resolved,Server,73.6,2,EMP1894,3.067,Unknown Priority:  Low
TKT14836,2024-06-08,2024-06-08,OK,HR,Delhi,Hardware,Medium,Hardware Support,Resolved,Server,7.5,4,EMP1667,0.313,Met
TKT15061,2024-09-22,2024-09-23,OK,Operations,Chennai,Network,Low,Network Support,Resolved,Server,26.8,4,EMP1944,1.117,Met
TKT11670,2024-11-14,2024-11-14,OK,Operations,Hyderabad,Access,Medium,Identity & Access Team,Resolved,Desktop,16.6,5,EMP2102,0.692,Met
TKT16343,2025-06-26,2025-06-26,OK,Sales,Mumbai,Software,High,Software Support,Closed,Laptop,10.1,2,EMP2159,0.421,Missed
TKT13485,2024-07-08,2024-07-10,OK,Sales,Pune,Software,Medium,Software Support,Closed,Tablet,59.7,4,EMP1846,2.488,Missed
TKT15606,2024-08-25,2024-08-25,OK,Operations,Bangalore,Printer,Critical,Hardware Support,Resolved,Printer,2.8,4,EMP2039,0.117,Met
TKT13503,2024-09-17,2024-09-17,OK,HR,Delhi,Network,High,Network Support,Resolved,Desktop,7.1,5,EMP1028,0.296,Met
TKT16857,2024-07-09,2024-07-07,ERROR,IT,Pune,Access,High,Identity & Access Team,Resolved,Laptop,7.7,,EMP2138,0.321,Met
TKT11315,2024-09-16,2024-09-16,OK,Sales,Bangalore,Access,Medium,Identity & Access Team,Closed,Mobile,5.8,4,EMP2199,0.242,Met
TKT11847,2024-01-31,2024-02-01,OK,Finance,Pune,Hardware,Low,Hardware Support,Resolved,Desktop,47.1,4,EMP1529,1.963,Met
TKT13089,2024-03-30,2024-03-30,OK,Operations,Mumbai,Software,High,Software Support,Resolved,Tablet,10.2,3,EMP2281,0.425,Missed
TKT15279,2025-02-07,2025-02-08,OK,Legal,Bangalore,Printer,Medium,Hardware Support,Closed,Printer,34.9,3,EMP1879,1.454,Missed
TKT10244,2025-01-10,2025-01-10,OK,Marketing,Delhi,Software,Medium,Software Support,Closed,Desktop,16.9,1,EMP2110,0.704,Met
TKT14163,2025-05-09,2025-05-10,OK,Admin,Chennai,Network,Medium,Network Support,Closed,Desktop,38.8,5,EMP2083,1.617,Missed
TKT14755,2024-01-03,2024-01-03,OK,HR,Hyderabad,Software,High,Software Support,Resolved,Desktop,0.9,,EMP1412,0.038,Met
TKT10934,2024-11-16,2024-11-16,OK,Finance,Pune,Access,Medium,Identity & Access Team,Resolved,Desktop,15.4,4,EMP2011,0.642,Met
TKT12408,2024-11-07,2024-11-07,OK,Sales,Pune,Network,Medium,Network Support,Closed,Server,22.9,4,EMP1740,0.954,Met
TKT12144,2025-01-28,2025-01-28,OK,HR ,Chennai,Network,Medium,Network Support,Resolved,Desktop,7.4,2,EMP1820,0.308,Met
TKT15752,2024-02-07,2024-02-09,OK,Finance,Hyderabad,Software,Medium,Software Support,Closed,Tablet,64.3,4,EMP1657,2.679,Missed
TKT11529,2024-06-26,2024-06-26,OK,IT,Mumbai,Software,High,Software Support,Resolved,Laptop,14.1,3,EMP1749,0.588,Missed
TKT11497,2025-04-30,2025-05-02,OK,Operations,Bangalore,Hardware,Medium,Hardware Support,Closed,Desktop,51.1,,EMP1787,2.129,Missed
TKT16797,2024-06-01,2024-06-01,OK,Sales,Bangalore,Printer,Medium,Hardware Support,Closed,Printer,7,3,EMP1922,0.292,Met
TKT12570,2025-01-17,2025-01-17,OK,Finance,Bangalore,Access,Medium,Hardware Support,Resolved,Desktop,8.3,5,EMP1005,0.346,Met
TKT15441,2024-10-13,2024-10-13,OK,Admin,Pune,Access,High,Identity & Access Team,Resolved,Laptop,6.5,5,EMP2098,0.271,Met
TKT11555,2024-02-08,2024-02-09,OK,Finance,Chennai,Software,Medium,Software Support,Resolved,Tablet,24.3,4,EMP1091,1.013,Missed
TKT15529,2024-11-08,,OK,HR,Delhi,Access,Medium,Identity & Access Team,In Progress,Desktop,0,,EMP2375,0,Met
TKT13023,2024-08-30,,OK,Operations,Bangalore,Hardware,High,Hardware Support,In Progress,Desktop,0,,EMP1903,0,Met
TKT16810,2024-08-02,2024-08-03,OK,Sales,Bangalore,Hardware,Low,Hardware Support,Resolved,Desktop,27.2,5,EMP1807,1.133,Met
TKT14458,2025-02-11,2025-02-11,OK,HR,Pune,Software,Critical,Software Support,Closed,Tablet,3.6,3,EMP2337,0.15,Met
TKT15553,2025-05-08,2025-05-10,OK,Marketing,Bangalore,Email,Low,Email & Messaging Team,Closed,Laptop,48.1,5,EMP2130,2.004,Missed
TKT14581,2024-05-07,2024-05-07,OK,Operations,Chennai,Network,High,Network Support,Resolved,Laptop,16.4,5,EMP2104,0.683,Missed
TKT13224,2024-02-28,2024-02-29,OK,Sales,Hyderabad,Access,Medium,Identity & Access Team,Resolved,Laptop,25.9,2,EMP1445,1.079,Missed
TKT13400,2024-03-28,2024-03-28,OK,HR,Pune,Software,High,Software Support,Resolved,Tablet,8.1,3,EMP1787,0.338,Missed
TKT13329,2024-06-10,2024-06-11,OK,Marketing,Chennai,Software,Medium,Software Support,Closed,Laptop,26.1,,EMP1327,1.088,Missed
TKT12360,2025-04-02,2025-04-02,OK,Marketing,Delhi,network,Medium,Network Support,Resolved,Desktop,19,4,EMP2149,0.792,Met
TKT11809,2024-06-26,2024-06-28,OK,Legal,Delhi,network,Low,Network Support,Resolved,Desktop,56.8,3,EMP1156,2.367,Missed
TKT12891,2024-05-21,2024-05-22,OK,Sales,Mumbai,Hardware,Medium,Software Support,Resolved,Server,41.7,,EMP1849,1.738,Missed
TKT12462,2024-10-21,2024-10-21,OK,Legal,Mumbai,Printer,Critical,Hardware Support,Resolved,Printer,7.7,5,EMP2173,0.321,Missed
TKT15254,2024-09-25,2024-09-25,OK,Operations,Mumbai,Software,Medium,NA,Resolved,Tablet,21.7,4,EMP1080,0.904,Met
TKT16176,2025-06-08,2025-06-08,OK,IT,Pune,Hardware,High,Hardware Support,Resolved,Server,1.5,,EMP2152,0.063,Met
TKT14862,2024-10-10,2024-10-10,OK,HR,Mumbai,Software,High,Software Support,Resolved,Laptop,3.5,2,EMP1682,0.146,Met
TKT15903,2024-09-25,2024-09-26,OK,Legal,Mumbai,Email,Low,Email & Messaging Team,Resolved,Mobile,37.3,1,EMP1981,1.554,Met
TKT12507,2024-07-05,2024-07-08,OK,Admin,Hyderabad,Hardware,Low,Hardware Support,Resolved,Server,80.1,5,EMP1536,3.338,Missed
TKT11186,2025-04-12,2025-04-12,OK,HR,Pune,Access,high,Identity & Access Team,Closed,Desktop,0.6,5,EMP1519,0.025,Met
TKT14383,2024-01-19,2024-01-19,OK,Finance,Bangalore,Hardware,Medium,Hardware Support,Resolved,Laptop,10.5,5,EMP1441,0.438,Met
TKT13321,2024-06-11,2024-06-11,OK,Sales,Bangalore,Email,High,Email & Messaging Team,Resolved,Desktop,7.5,5,EMP1999,0.313,Met
TKT12554,2024-08-30,2024-08-30,OK,IT,Pune,Email,High,Email & Messaging Team,Resolved,Mobile,22.3,5,EMP2361,0.929,Missed
TKT15046,2025-03-25,2025-03-25,OK,Admin,Hyderabad,Network,High,Network Support,Resolved,Server,1.9,3,EMP2393,0.079,Met
TKT15700,2025-05-10,2025-05-10,OK,IT,Pune,Network,Critical,Network Support,Resolved,Laptop,3.4,,EMP1327,0.142,Met
TKT14236,2024-01-29,2024-01-29,OK,Marketing,Delhi,Network,Critical,Network Support,Resolved,Laptop,5.7,2,EMP1657,0.238,Missed
TKT13926,2024-10-21,2024-10-22,OK,Marketing,Hyderabad,Software, Medium,Software Support,Resolved,Desktop,32.6,5,EMP1465,1.358,Unknown Priority:  Medium
TKT15784,2024-11-09,,OK,Legal,Bangalore,Hardware,High,Hardware Support,Open,Server,0,,EMP2307,0,Met
TKT11761,2024-10-16,2024-10-16,OK,HR,Bangalore,Hardware,Critical,Hardware Support,Resolved,Desktop,4,5,EMP2153,0.167,Met
TKT13280,2025-06-19,2025-06-20,OK,Finance,Pune,Network,Medium,Network Support,Resolved,Server,27.9,5,EMP1432,1.163,Missed
TKT11966,2024-09-09,2024-09-10,OK,HR,Bangalore,Access,Medium,Identity & Access Team,Resolved,Laptop,43.9,5,EMP2130,1.829,Missed
TKT15235,2024-12-26,2024-12-30,OK,Sales,Bangalore,Hardware,Medium,Hardware Support,Resolved,Desktop,111.4,4,EMP1386,4.642,Missed
TKT12949,2025-02-25,2025-02-27,OK,Legal,Mumbai,Access,Medium,Identity & Access Team,Resolved,Mobile,51.7,4,EMP2090,2.154,Missed
TKT16876,2024-01-11,,OK,Marketing,Pune,Software,Medium,Software Support,Open,Laptop,0,,EMP1132,0,Met
TKT16409,2025-01-18,,OK,Legal,Pune,Access,Medium,Identity & Access Team,In Progress,Mobile,0,,EMP1974,0,Met
TKT16419,2024-07-18,2024-07-18,OK,Marketing,Mumbai,Access,High,Identity & Access Team,Resolved,Laptop,7.5,4,EMP2143,0.313,Met
TKT16040,2024-12-09,2024-12-09,OK,HR,Bangalore,network,Low,Network Support,Resolved,Server,20.1,4,EMP1608,0.838,Met
TKT13143,2025-01-27,2025-01-29,OK,Finance,Chennai,Network,Medium,Network Support,Resolved,Desktop,58.4,,EMP1127,2.433,Missed
TKT15761,2024-07-22,2024-07-23,OK,IT,Chennai,Hardware,Medium,Hardware Support,Resolved,Desktop,41.1,2,EMP2360,1.713,Missed
TKT10445,2024-03-05,2024-03-05,OK,Marketing,Mumbai,network,Critical,Network Support,Resolved,Desktop,7.2,,EMP2348,0.3,Missed
TKT12088,2024-12-18,2024-12-18,OK,IT,Pune,Hardware,Medium,Hardware Support,Resolved,Desktop,23,2,EMP1709,0.958,Met
TKT15219,2025-04-10,2025-04-11,OK,Operations,Hyderabad,Network,Medium,Network Support,Resolved,Server,30.9,,EMP1941,1.288,Missed
TKT11265,2024-01-15,2024-01-15,OK,Sales,Hyderabad,Email,Medium,Email & Messaging Team,Resolved,Desktop,14.8,5,EMP1889,0.617,Met
TKT16166,2024-10-12,2024-10-12,OK,Operations,Mumbai,Printer,Critical,Network Support,Resolved,Printer,3.6,3,EMP1285,0.15,Met
TKT12754,2025-03-15,2025-03-15,OK,Admin,Bangalore,Printer,Medium,Hardware Support,Resolved,Printer,14.3,4,EMP1745,0.596,Met
TKT15535,2024-06-07,2024-06-07,OK,Operations,Pune,Network,High,Network Support,Resolved,Mobile,18.7,4,EMP1865,0.779,Missed
TKT12566,2024-08-09,2024-08-09,OK,Operations,Pune,Network,Low,Network Support,Resolved,Laptop,23.5,5,EMP1910,0.979,Met
TKT15270,2024-12-03,2024-12-03,OK,Sales,Bangalore,Network,Medium,Network Support,Resolved,Laptop,5.6,4,EMP1159,0.233,Met
TKT15946,2025-01-07,,OK,Sales,Delhi,Software,High,Software Support,In Progress,Desktop,0,,EMP1852,0,Met
TKT15768,2024-02-12,2024-02-12,OK,Operations,Delhi,Software,Critical,Software Support,Closed,Desktop,4.9,5,EMP2221,0.204,Missed
TKT14451,2024-07-09,2024-07-10,OK,Finance,Bangalore,Software,Medium,Software Support,Resolved,Desktop,37.4,2,EMP1197,1.558,Missed
TKT13930,2025-06-04,,OK,Marketing,Pune,Network,Medium,NA,Open,Server,0,,EMP1338,0,Met
TKT16442,2024-11-20,2024-11-20,OK,Marketing,Bangalore,Software,Critical,Software Support,Resolved,Laptop,3.8,,EMP1380,0.158,Met
TKT16037,2024-10-15,2024-10-15,OK,Marketing,Pune,Hardware,Medium,Hardware Support,Resolved,Laptop,7.6,4,EMP1914,0.317,Met
TKT11077,2024-04-17,2024-04-17,OK,Sales,Bangalore,Hardware,Medium,Hardware Support,Resolved,Laptop,8.6,5,EMP2289,0.358,Met
TKT12888,2024-12-11,2024-12-11,OK,Sales,Bangalore,Printer,High,Hardware Support,Resolved,Printer,8.6,2,EMP1918,0.358,Missed
TKT13271,2025-05-18,2025-05-19,OK,Marketing,Chennai,Hardware,Low,Hardware Support,Resolved,Desktop,32.5,,EMP2366,1.354,Met
TKT16267,2024-04-23,,OK,Sales,Delhi,Software,Critical,Software Support,Open,Laptop,0,,EMP1282,0,Met
TKT11228,2025-06-01,,OK,Admin,Mumbai,Network,Medium,Network Support,Open,Desktop,0,,EMP1130,0,Met
TKT15188,2025-02-18,2025-02-19,OK,Operations,Pune,Hardware,Medium,Hardware Support,Resolved,Server,27.6,5,EMP2060,1.15,Missed
TKT11152,2025-03-26,2025-03-30,OK,HR,Hyderabad,Hardware,Low,Hardware Support,Resolved,Laptop,99.4,4,EMP1252,4.142,Missed
TKT13728,2025-04-01,2025-04-01,OK,Sales,Delhi,Network,High,Network Support,Resolved,DESKTOP,2.2,2,EMP1901,0.092,Met
TKT15959,2024-09-18,2024-09-19,OK,Legal,Pune,NETWORK,Medium,Network Support,Closed,Desktop,40.7,5,EMP2192,1.696,Missed
TKT14031,2025-04-17,2025-04-17,OK,Sales,Mumbai,Email,Medium,Email & Messaging Team,Closed,Tablet,6.6,5,EMP1969,0.275,Met
TKT13935,2025-04-05,2025-04-05,OK,Legal,Pune,Printer,High,NA,Resolved,Printer,3.1,5,EMP2105,0.129,Met
TKT10418,2024-10-13,,OK,IT,Pune,Hardware,Medium,Hardware Support,In Progress,Desktop,0,,EMP1923,0,Met
TKT15063,2024-11-19,2024-11-19,OK,Unknown,Hyderabad,Hardware,Low,Hardware Support,Resolved,Server,13.5,1,EMP1442,0.563,Met
TKT11243,2024-04-13,2024-04-13,OK,Marketing,Mumbai,Email,Medium,Email & Messaging Team,Resolved,Desktop,22.3,5,EMP2150,0.929,Met
TKT15667,2024-05-07,2024-05-07,OK,Finance,Hyderabad,Printer,High,Hardware Support,Closed,Printer,8.1,5,EMP1240,0.338,Missed
TKT11867,2024-03-16,2024-03-16,OK,Operations,Chennai,Network,High,Network Support,Closed,Mobile,0.5,4,EMP1281,0.021,Met
TKT14254,2024-09-14,2024-09-14,OK,Marketing,Delhi,Network,Medium,Network Support,Resolved,Server,14.5,,EMP1933,0.604,Met
TKT13167,2025-04-12,2025-04-12,OK,Sales,Hyderabad,Email,High,Email & Messaging Team,Resolved,Desktop,6.4,4,EMP2332,0.267,Met
TKT13664,2025-03-11,2025-03-11,OK,Sales,Hyderabad,Software,High,Software Support,Resolved,Laptop,10.1,1,EMP1688,0.421,Missed
TKT13716,2024-02-23,2024-02-24,OK,HR,Pune,Software,Medium,Software Support,Resolved,Desktop,44.9,4,EMP1117,1.871,Missed
TKT15859,2024-08-28,2024-08-29,OK,Marketing,Mumbai,Network,Medium,Software Support,Resolved,Server,33.6,3,EMP1802,1.4,Missed
TKT15251,2024-04-09,2024-04-10,OK,Sales,Mumbai,Email,Medium,Email & Messaging Team,Resolved,Laptop,31.5,5,EMP2003,1.313,Missed
TKT11279,2024-05-06,,OK,Sales,Pune,Software,High,Software Support,Open,Desktop,0,,EMP1107,0,Met
TKT16334,2024-07-12,2024-07-12,OK,IT,Pune,Network,Medium,Network Support,Resolved,Mobile,6.8,5,EMP1268,0.283,Met
TKT12638,2024-06-05,2024-06-07,OK,Legal,Delhi,Network,Low,Network Support,Closed,Laptop,50.3,5,EMP1600,2.096,Missed
TKT15523,2024-01-17,2024-01-17,OK,Operations,Pune,Network,High,Network Support,Resolved,Laptop,3.5,5,EMP1514,0.146,Met
TKT14857,2025-04-29,2025-04-29,OK,Operations,Hyderabad,Email,Low,Email & Messaging Team,Resolved,Desktop,6.9,5,EMP1070,0.288,Met
TKT13111,2024-07-12,2024-07-21,OK,Unknown,Mumbai,Software,Low,Software Support,Resolved,Desktop,231.1,2,EMP1506,9.629,Missed
TKT14339,2024-08-16,2024-08-16,OK,Finance,Bangalore,Software,high,Software Support,Resolved,Tablet,0.6,5,EMP1157,0.025,Met
TKT10885,2024-07-25,2024-07-25,OK,Finance,Mumbai,Software,Critical,Software Support,Resolved,Desktop,3.8,,EMP2307,0.158,Met
TKT10621,2024-02-18,2024-02-18,OK,HR,Delhi,Printer,Critical,Hardware Support,Resolved,Printer,3.8,,EMP1608,0.158,Met
TKT16795,2024-04-28,2024-04-26,ERROR,Marketing,Bangalore,Software,Medium,Software Support,Resolved,Tablet,37.1,5,EMP1980,1.546,Missed
TKT12552,2024-02-01,2024-02-03,OK,Finance,Bangalore,Network,Low,Network Support,Resolved,Laptop,48,5,EMP2349,2,Met
TKT12971,2025-05-24,2025-05-24,OK,Legal,Delhi,Email,High,Email & Messaging Team,Closed,Mobile,10.5,5,EMP1270,0.438,Missed
TKT12208,2025-03-14,2025-03-15,OK,Finance,Delhi,Email,Medium,Email & Messaging Team,Resolved,Laptop,37.2,3,EMP2184,1.55,Missed
TKT13467,2025-04-26,2025-04-27,OK,Legal,Chennai,Email,Medium,Email & Messaging Team,Resolved,Laptop,39,4,EMP2126,1.625,Missed
TKT10538,2024-07-07,,OK,Finance,Bangalore,Software,Medium,Software Support,In Progress,Laptop,0,,EMP1518,0,Met
TKT13768,2024-02-25,2024-02-25,OK,Sales,Bangalore,Network,High,Identity & Access Team,Resolved,Desktop,9.6,5,EMP2056,0.4,Missed
TKT12289,2025-06-13,2025-06-13,OK,HR,Bangalore,Software,Medium,Software Support,Resolved,Laptop,23.8,4,EMP1582,0.992,Met
TKT10014,2025-06-29,,OK,Finance,Chennai,Printer,High,Hardware Support,Open,Printer,0,,EMP1257,0,Met
TKT11682,2024-12-13,2024-12-13,OK,HR ,Chennai,Printer,Medium,Hardware Support,Resolved,Printer,10,1,EMP1065,0.417,Met
TKT16620,2024-07-23,2024-07-23,OK,Legal,Delhi,Access,High,Identity & Access Team,Resolved,Laptop,4.2,1,EMP1297,0.175,Met
TKT10741,2024-02-07,2024-02-09,OK,Operations,Bangalore,Software,Low,Software Support,Resolved,Tablet,67.3,3,EMP1424,2.804,Missed
TKT15497,2024-07-28,2024-07-29,OK,Operations,Delhi,Printer,Medium,Hardware Support,Resolved,Printer,27.7,4,EMP1076,1.154,Missed
TKT12977,2025-04-21,2025-04-21,OK,Finance,Hyderabad,Email,Medium,Email & Messaging Team,Resolved,Desktop,12.5,4,EMP1986,0.521,Met
TKT13387,2024-03-24,2024-03-24,OK,Sales,Mumbai,Software,Low,Software Support,Resolved,Desktop,9.1,2,EMP1351,0.379,Met
TKT11386,2024-07-07,,OK,Operations,Mumbai,Network,High,Identity & Access Team,Open,Server,0,,EMP1015,0,Met
TKT12844,2025-01-29,2025-01-29,OK,Sales,Delhi,Hardware,Critical,Hardware Support,Resolved,Server,5.4,,EMP2275,0.225,Missed
TKT15865,2025-06-06,2025-06-07,OK,Finance,Delhi,Software,Low,Software Support,Resolved,Laptop,40.4,4,EMP1313,1.683,Met
TKT15793,2025-05-03,,OK,HR,Pune,network,High,Network Support,In Progress,Server,0,,EMP1880,0,Met
TKT12404,2024-03-29,2024-03-29,OK,Operations,Mumbai,Hardware,Critical,Hardware Support,Resolved,Server,4.2,,EMP2328,0.175,Missed
TKT10335,2024-09-15,2024-09-15,OK,Finance,Pune,Access,Critical,Identity & Access Team,Resolved,Desktop,1.4,3,EMP1971,0.058,Met
TKT12737,2024-06-11,,OK,Operations,Delhi,Software,Critical,Software Support,In Progress,Laptop,0,,EMP1664,0,Met
TKT14281,2024-11-16,,OK,Sales,Delhi,Network,Medium,Network Support,Open,Server,0,,EMP2164,0,Met
TKT14920,2025-06-18,,OK,IT,Delhi,Access,High,Identity & Access Team,In Progress,Laptop,0,,EMP2000,0,Met
TKT13496,2024-04-07,2024-04-07,OK,Sales,Hyderabad,Network,Medium,Network Support,Resolved,Laptop,14.8,5,EMP1125,0.617,Met
TKT12990,2024-11-05,2024-11-05,OK,HR ,Bangalore,Access,Critical,Identity & Access Team,Closed,Laptop,1.7,4,EMP1463,0.071,Met
TKT13398,2024-09-08,2024-09-08,OK,Finance,Bangalore,Network,High,Network Support,Resolved,Desktop,9.4,4,EMP1418,0.392,Missed
TKT13050,2024-08-10,2024-08-10,OK,Operations,Bangalore,Email,Critical,Network Support,Closed,Mobile,6.8,5,EMP2057,0.283,Missed
TKT12236,2024-03-13,2024-03-13,OK,Operations,Mumbai,Email,Medium,Email & Messaging Team,Closed,Laptop,14.9,3,EMP1889,0.621,Met
TKT10942,2025-01-07,2025-01-07,OK,Operations,Mumbai,Software,High,Software Support,Resolved,Laptop,5,,EMP1789,0.208,Met
TKT14381,2024-05-23,2024-05-23,OK,Marketing,Mumbai,Access,Critical,Identity & Access Team,Resolved,MOBILE,3.3,5,EMP1156,0.138,Met
TKT12948,2025-02-14,2025-02-14,OK,Admin,Chennai,Software,Medium,Software Support,Resolved,Laptop,21.1,4,EMP2280,0.879,Met
TKT11185,2025-03-18,2025-03-21,OK,Marketing,Bangalore,Software,Low,Software Support,Closed,Desktop,74.7,,EMP2370,3.113,Missed
TKT14262,2024-08-26,2024-08-26,OK,HR,Delhi,Network,Medium,Network Support,Resolved,Mobile,11.3,3,EMP1687,0.471,Met
TKT16492,2024-02-01,2024-02-01,OK,Operations,Bangalore,Access, Low,Identity & Access Team,Resolved,Desktop,12.7,5,EMP1810,0.529,Unknown Priority:  Low
TKT16443,2025-06-24,2025-06-24,OK,Sales,Bangalore,Email,High,Email & Messaging Team,Resolved,Tablet,3.2,5,EMP1864,0.133,Met
TKT16680,2025-03-15,2025-03-16,OK,Sales,Delhi,NETWORK,Low,Network Support,Resolved,Laptop,42.7,5,EMP1606,1.779,Met
TKT12278,2024-06-30,2024-06-30,OK,Admin,Bangalore,Email,Critical,Email & Messaging Team,Resolved,Tablet,3.2,3,EMP1244,0.133,Met
TKT13932,2025-01-07,2025-01-07,OK,Admin,Pune,Email,Medium,Email & Messaging Team,Resolved,Laptop,9.2,4,EMP1961,0.383,Met
TKT11852,2024-11-16,2024-11-16,OK,Operations,Bangalore,Network,Medium,Network Support,Resolved,Server,7.3,5,EMP1207,0.304,Met
TKT15815,2024-02-02,2024-02-05,OK,Sales,Chennai,NETWORK,Low,Network Support,Closed,Mobile,74.7,,EMP2338,3.113,Missed
TKT14138,2024-08-03,,OK,Operations,Bangalore,Access,High,Identity & Access Team,Open,Mobile,0,,EMP1220,0,Met
TKT12797,2024-02-17,2024-02-17,OK,Operations,Pune,Software,High,Software Support,Resolved,Desktop,4.8,4,EMP1743,0.2,Met
TKT14876,2024-08-05,2024-08-05,OK,Operations,Delhi,NETWORK,Medium,Network Support,Resolved,Laptop,18.1,5,EMP1036,0.754,Met
TKT11887,2024-06-26,2024-06-26,OK,Operations,Hyderabad,Email,Medium,Email & Messaging Team,Resolved,Laptop,21.6,5,EMP2035,0.9,Met
TKT13660,2025-04-05,2025-04-05,OK,Sales,Pune,Access,Medium,Identity & Access Team,Resolved,Mobile,19.2,3,EMP1057,0.8,Met
TKT13616,2024-07-28,2024-07-28,OK,Operations,Delhi,Printer,Critical,Hardware Support,Resolved,Printer,1.5,5,EMP2344,0.063,Met
TKT16591,2024-04-06,,OK,Legal,Mumbai,Access,Medium,Identity & Access Team,In Progress,MOBILE,0,,EMP1429,0,Met
TKT13520,2025-03-27,2025-03-28,OK,Operations,Pune,Network,Medium,Network Support,Resolved,Server,31.6,5,EMP1764,1.317,Missed
TKT12398,2025-06-17,2025-06-17,OK,IT,Pune,Email,High,Email & Messaging Team,Closed,Tablet,11.7,4,EMP1499,0.488,Missed
TKT12094,2024-07-30,2024-08-01,OK,HR,Delhi,Network,Low,Network Support,Closed,Mobile,55.3,4,EMP1417,2.304,Missed
TKT10844,2024-08-30,2024-08-30,OK,Legal,Pune,Printer,Medium,Hardware Support,Resolved,Printer,15.5,4,EMP1106,0.646,Met
TKT12157,2024-11-15,2024-11-15,OK,IT,Bangalore,Printer,High,Hardware Support,Resolved,Printer,4.3,2,EMP1314,0.179,Met
TKT13690,2024-09-18,2024-09-18,OK,IT,Mumbai,Software,High,NA,Resolved,Laptop,9.3,,EMP1251,0.388,Missed
TKT15782,2025-06-12,2025-06-12,OK,Operations,Chennai,Network,Medium,Network Support,Resolved,Desktop,19.7,5,EMP1529,0.821,Met
TKT10030,2024-06-01,2024-06-01,OK,Admin,Pune,Software,Medium,Software Support,Resolved,Laptop,23.2,4,EMP2117,0.967,Met
TKT14278,2025-04-14,2025-04-14,OK,Sales,Mumbai,Software,Medium,Software Support,Closed,tablet,8.8,3,EMP2352,0.367,Met
TKT12670,2024-10-15,2024-10-15,OK,Marketing,Mumbai,NETWORK,High,Network Support,Resolved,Mobile,5,1,EMP1620,0.208,Met
TKT13492,2025-06-20,2025-06-20,OK,Sales,Bangalore,Hardware,Low,Hardware Support,Resolved,Desktop,4.8,1,EMP2102,0.2,Met
TKT14731,2024-08-16,,OK,Finance,Delhi,Network,Medium,Network Support,Open,Laptop,0,,EMP1442,0,Met
TKT14201,2024-01-27,2024-01-27,OK,Legal,Mumbai,Network,Medium,Email & Messaging Team,Resolved,Laptop,16,,EMP2370,0.667,Met
TKT14157,2024-11-03,2024-11-03,OK,Operations,Pune,Email,High,Email & Messaging Team,Resolved,Desktop,0.7,3,EMP1782,0.029,Met
TKT16803,2024-10-20,2024-10-22,OK,Finance,Mumbai,Hardware,Medium,Hardware Support,Closed,Server,51.3,3,EMP2293,2.138,Missed
TKT11108,2024-04-10,2024-04-10,OK,Admin,Pune,Hardware,Medium,Hardware Support,Resolved,Desktop,11.2,4,EMP1785,0.467,Met
TKT10491,2025-01-03,2025-01-03,OK,IT,Delhi,Access,Medium,Identity & Access Team,Closed,Desktop,22.8,3,EMP1073,0.95,Met
TKT10316,2025-01-12,2025-01-13,OK,Legal,Chennai,Hardware,Medium,Hardware Support,Resolved,Server,38.7,4,EMP1950,1.613,Missed
TKT11475,2025-03-16,2025-03-16,OK,IT,Delhi,Network,High,Network Support,Resolved,Server,7.7,4,EMP2042,0.321,Met
TKT16129,2025-02-13,2025-02-14,OK,Admin,Bangalore,Network,Medium,Network Support,Resolved,Desktop,35.8,4,EMP1508,1.492,Missed
TKT10382,2024-07-20,,OK,IT,Bangalore,Network,Medium,Network Support,In Progress,Desktop,0,,EMP1539,0,Met
TKT14519,2024-08-21,2024-08-22,OK,IT,Chennai,Email,Medium,Email & Messaging Team,Resolved,Tablet,39.1,,EMP1574,1.629,Missed
TKT13812,2024-12-07,2024-12-09,OK,Admin,Delhi,Network,Low,Network Support,Resolved,Desktop,62.6,,EMP1054,2.608,Missed
TKT13596,2024-05-13,2024-05-13,OK,Sales,Delhi,Access,High,Identity & Access Team,Resolved,Mobile,3.3,3,EMP2321,0.138,Met
TKT10446,2024-11-25,2024-11-25,OK,Operations,Pune,Access,MEDIUM,Identity & Access Team,Resolved,Desktop,16.1,5,EMP1226,0.671,Met
TKT14760,2024-02-08,2024-02-08,OK,Sales,Bangalore,Email,Medium,Email & Messaging Team,Resolved,Desktop,8.9,4,EMP2005,0.371,Met
TKT15121,2024-12-27,,OK,IT,Chennai,Software, Medium,Software Support,Open,Tablet,0,,EMP1179,0,Unknown Priority:  Medium
TKT12828,2024-06-05,2024-06-06,OK,Operations,Hyderabad,Network,Medium,Network Support,Closed,Laptop,29.8,3,EMP1678,1.242,Missed
TKT14073,2024-03-17,2024-03-17,OK,Operations,Bangalore,Network,High,Network Support,Resolved,Laptop,5.5,5,EMP1355,0.229,Met
TKT10627,2024-01-29,2024-01-29,OK,Legal,Delhi,Hardware,Medium,Hardware Support,Resolved,Laptop,11,4,EMP1502,0.458,Met
TKT15578,2025-04-23,,OK,Finance,Delhi,NETWORK,Low,Software Support,Open,Mobile,0,,EMP1354,0,Met
TKT15609,2024-12-09,2024-12-09,OK,IT,Mumbai,Network,HIGH,Network Support,Resolved,Server,7.8,4,EMP1248,0.325,Met
TKT11113,2025-06-16,2025-06-16,OK,Admin,Mumbai,Access,Critical,Identity & Access Team,Resolved,Mobile,7.1,,EMP1962,0.296,Missed
TKT15604,2024-12-03,2024-12-03,OK,Marketing,Mumbai,NETWORK,High,Network Support,Closed,Server,4.9,,EMP1507,0.204,Met
TKT11485,2024-08-09,2024-08-09,OK,Sales,Pune,Access,Low,Identity & Access Team,Resolved,Desktop,14.9,5,EMP1633,0.621,Met
TKT14365,2025-03-01,2025-03-02,OK,IT,Delhi,Printer,Low,Hardware Support,Resolved,Printer,29.5,4,EMP1246,1.229,Met
TKT12978,2024-04-04,2024-04-04,OK,Operations,Mumbai,Access,High,Identity & Access Team,Resolved,Mobile,4.5,5,EMP1444,0.188,Met
TKT13196,2024-09-30,2024-09-30,OK,Finance,Chennai,Software,MEDIUM,Software Support,Resolved,Laptop,17.9,,EMP1578,0.746,Met
TKT15418,2024-06-05,,OK,Finance,Delhi,Network, High,Network Support,Open,Mobile,0,,EMP1921,0,Unknown Priority:  High
TKT16002,2025-05-19,,OK,Unknown,Bangalore,Printer,Critical,Hardware Support,In Progress,Printer,0,,EMP2111,0,Met
TKT15216,2024-05-02,,OK,Operations,Bangalore,Access,Low,Identity & Access Team,In Progress,Mobile,0,,EMP1314,0,Met
TKT13806,2024-12-29,2024-12-29,OK,Marketing,Pune,Hardware, Medium,Hardware Support,Resolved,Laptop,22,4,EMP1861,0.917,Unknown Priority:  Medium
TKT10012,2024-06-14,2024-06-14,OK,Operations,Bangalore,Network,Medium,Network Support,Resolved,Desktop,2.6,,EMP2104,0.108,Met
TKT14211,2025-04-24,2025-04-30,OK,Operations,Hyderabad,Email,low,Email & Messaging Team,Resolved,Mobile,149.9,5,EMP2159,6.246,Missed
TKT11453,2024-05-07,2024-05-07,OK,Finance,Pune,Access,Low,Identity & Access Team,Closed,Desktop,5.6,,EMP2138,0.233,Met
TKT15852,2024-06-19,2024-06-19,OK,Operations,Mumbai,Access,Medium,Identity & Access Team,Resolved,Desktop,15.1,5,EMP2352,0.629,Met
TKT11974,2024-07-30,,OK,Finance,Bangalore,Email,Medium,NA,In Progress,Laptop,0,,EMP1692,0,Met
TKT11789,2024-01-17,2024-01-17,OK,Finance,Pune,Hardware,Critical,Email & Messaging Team,Closed,Server,10.2,3,EMP1186,0.425,Missed
TKT12401,2024-09-06,2024-09-06,OK,Sales,Delhi,Network,Medium,Network Support,Resolved,Laptop,5.5,4,EMP2125,0.229,Met
TKT12701,2024-11-30,2024-11-30,OK,Sales,Pune,Network,High,Software Support,Resolved,Laptop,1,2,EMP1868,0.042,Met
TKT10774,2024-02-10,2024-02-10,OK,Marketing,Hyderabad,Access,High,Identity & Access Team,Closed,Mobile,1.9,4,EMP2066,0.079,Met
TKT16076,2024-07-16,,OK,Operations,Bangalore,Network, Medium,Network Support,In Progress,Laptop,0,,EMP1729,0,Unknown Priority:  Medium
TKT14787,2024-04-08,2024-04-08,OK,Finance,Mumbai,Hardware,Low,Hardware Support,Closed,Laptop,15.5,2,EMP1306,0.646,Met
TKT16043,2024-11-07,2024-11-07,OK,IT,Pune,Hardware,Critical,Hardware Support,Closed,Desktop,9,3,EMP1700,0.375,Missed
TKT10791,2024-04-13,2024-04-13,OK,IT,Mumbai,Hardware,High,Hardware Support,Resolved,Desktop,12.6,5,EMP1019,0.525,Missed
TKT16676,2024-12-18,2024-12-19,OK,IT,Mumbai,Hardware,Medium,Hardware Support,Resolved,Laptop,27.3,,EMP1172,1.138,Missed
TKT12916,2025-06-20,2025-06-25,OK,Sales,Bangalore,Software,Low,Software Support,Resolved,Laptop,120.4,5,EMP2314,5.017,Missed
TKT14266,2024-06-16,2024-06-18,OK,Admin,Mumbai,Network,Low,Network Support,Resolved,Server,48.5,5,EMP1863,2.021,Missed
TKT16384,2025-04-15,2025-04-17,OK,Legal,Delhi,Hardware,Low,Software Support,Resolved,Desktop,66.9,5,EMP1845,2.788,Missed
TKT13350,2024-03-08,2024-03-08,OK,Finance,Bangalore,Network,Critical,Network Support,Resolved,Mobile,1.6,5,EMP2381,0.067,Met
TKT15281,2025-02-19,2025-02-19,OK,HR,Mumbai,Software,High,NA,Closed,Tablet,2.8,4,EMP1525,0.117,Met
TKT12122,2025-04-16,2025-04-13,ERROR,IT,Pune,Email,Low,Email & Messaging Team,Closed,Desktop,31.7,4,EMP1770,1.321,Met
TKT11554,2024-06-01,2024-06-01,OK,Sales,Chennai,Hardware,Medium,Hardware Support,Resolved,Server,14.3,5,EMP1057,0.596,Met
TKT13135,2024-07-23,2024-07-23,OK,Sales,Delhi,Hardware,Medium,Hardware Support,Resolved,Server,13.3,4,EMP2180,0.554,Met
TKT16906,2025-06-23,2025-06-23,OK,HR ,Delhi,Software,Critical,Software Support,Resolved,Desktop,3.2,4,EMP1837,0.133,Met
TKT16885,2024-06-11,2024-06-11,OK,Sales,Pune,Access,Medium,Identity & Access Team,Resolved,Desktop,19.1,,EMP1364,0.796,Met
TKT14847,2024-09-27,2024-09-27,OK,Admin,Mumbai,network,High,Network Support,Resolved,Desktop,22.3,4,EMP1654,0.929,Missed
TKT16886,2025-02-06,2025-02-06,OK,HR,Delhi,Hardware,Critical,Hardware Support,Resolved,Desktop,15,,EMP2276,0.625,Missed
TKT12879,2024-07-31,2024-07-31,OK,Sales,Mumbai,NETWORK,High,Network Support,Closed,Mobile,10.9,3,EMP1799,0.454,Missed
TKT11820,2025-02-11,2025-02-11,OK,Sales,Chennai,Network,Medium,Network Support,Resolved,laptop,14.9,3,EMP2093,0.621,Met
TKT16192,2024-04-29,2024-04-29,OK,Sales,Bangalore,Access,Medium,Identity & Access Team,Resolved,Mobile,13.2,4,EMP1381,0.55,Met
TKT12811,2024-04-23,2024-04-23,OK,Admin,Hyderabad,Software,High,Software Support,Resolved,Tablet,12.3,5,EMP1313,0.513,Missed
TKT10592,2024-05-02,2024-05-02,OK,Finance,Delhi,Software,MEDIUM,Software Support,Resolved,Tablet,13,4,EMP1764,0.542,Met
TKT14904,2024-09-03,2024-09-03,OK,Operations,Delhi,Printer,High,Hardware Support,Resolved,Printer,2.6,4,EMP2036,0.108,Met
TKT15180,2024-10-27,2024-10-27,OK,Finance,Hyderabad,Email,Medium,Email & Messaging Team,Resolved,Desktop,19.2,,EMP1009,0.8,Met
TKT16650,2024-11-08,2024-11-09,OK,Operations,Pune,Access,Medium,Identity & Access Team,Resolved,Desktop,25.5,5,EMP1695,1.063,Missed
TKT11045,2025-06-30,2025-06-30,OK,Marketing,Mumbai,Hardware,High,Hardware Support,Resolved,Desktop,0,1,EMP2037,0,Met
TKT14041,2025-04-04,2025-04-04,OK,IT,Hyderabad,Software,High,Software Support,Resolved,Desktop,0,5,EMP2257,0,Met
TKT15545,2025-03-06,2025-03-06,OK,Finance,Bangalore,Software,Medium,Software Support,Resolved,Desktop,2.2,3,EMP2190,0.092,Met
TKT14749,2025-02-28,2025-03-02,OK,Admin,Bangalore,Printer,Low,Hardware Support,Resolved,PRINTER,7.4,5,EMP2111,0.308,Met
TKT16337,2024-10-16,,OK,Admin,Delhi,Software,High,Software Support,Open,Desktop,0,,EMP1530,0,Met
TKT15763,2024-10-09,2024-10-10,OK,Marketing,Hyderabad,Printer,Low,Software Support,Resolved,Printer,34.2,4,EMP1528,1.425,Met
TKT15336,2024-10-04,2024-10-04,OK,Operations,Chennai,Network,HIGH,Network Support,Resolved,Server,28.7,,EMP1718,1.196,Missed
TKT10245,2024-02-03,2024-02-03,OK,Operations,Bangalore,Printer,High,Hardware Support,Resolved,Printer,22.2,5,EMP1921,0.925,Missed
TKT11388,2025-01-16,2025-01-16,OK,IT,Pune,Network,Critical,Network Support,Closed,Server,57,4,EMP1690,2.375,Missed
TKT12023,2025-02-02,2025-02-03,OK,Operations,Mumbai,Access,Low,Identity & Access Team,Closed,Laptop,69.2,5,EMP1714,2.883,Missed
TKT10060,2025-05-17,2025-05-17,OK,Admin,Pune,Access,Medium,Identity & Access Team,Resolved,Mobile,49.5,2,EMP1917,2.063,Missed
TKT15342,2025-05-17,,OK,Legal,Pune,Software,Critical,Software Support,In Progress,Desktop,4.3,,EMP1686,0.179,Missed
TKT10177,2024-10-05,2024-10-05,OK,Finance,Hyderabad,Access,Medium,Identity & Access Team,Resolved,Mobile,100.9,5,EMP1281,4.204,Missed
TKT10450,2024-09-11,2024-09-11,OK,HR,Bangalore,Network,High,Network Support,Resolved,Desktop,16.8,3,EMP2167,0.7,Missed
TKT14082,2024-08-12,2024-08-12,OK,Marketing,Bangalore,Access,High,Identity & Access Team,Resolved,Mobile,0,5,EMP1850,0,Met
TKT10056,2025-03-06,2025-03-06,OK,Marketing,Pune,Software,Medium,Software Support,Resolved,Tablet,26.6,5,EMP2003,1.108,Missed
TKT13458,2024-02-19,2024-02-19,OK,Operations,Bangalore,Email,High,Email & Messaging Team,Closed,Tablet,1.5,4,EMP1066,0.063,Met
TKT16069,2025-01-15,2025-01-16,OK,Admin,Pune,Software,Medium,Software Support,Resolved,Tablet,2,5,EMP2285,0.083,Met
TKT15189,2024-06-16,2024-06-16,OK,Admin,Pune,Network,Medium,Network Support,Resolved,Mobile,10.5,3,EMP1644,0.438,Met
TKT11769,2024-09-21,,OK,Finance,Bangalore,Access,High,Identity & Access Team,Open,Mobile,22.7,,EMP1564,0.946,Missed
TKT11738,2025-01-22,2025-01-22,OK,Operations,Bangalore,Software,High,Software Support,Resolved,Laptop,101,5,EMP2274,4.208,Missed
TKT13241,2024-10-12,2024-10-12,OK,HR,Bangalore,Access,High,Identity & Access Team,Resolved,Laptop,23.6,4,EMP1711,0.983,Missed
TKT15306,2024-04-17,2024-04-18,OK,Operations,Chennai,network,High,Network Support,Resolved,Desktop,4.7,2,EMP1089,0.196,Met
TKT14738,2024-08-10,2024-08-10,OK,Sales,Pune,Access,High,Identity & Access Team,Closed,Desktop,15.1,5,EMP1158,0.629,Missed
